# ************************************************************
# Sequel Pro SQL dump
# Version 4541
#
# http://www.sequelpro.com/
# https://github.com/sequelpro/sequelpro
#
# Host: 127.0.0.1 (MySQL 5.7.28)
# Database: PaperCenter
# Generation Time: 2019-12-15 07:00:48 +0000
# ************************************************************


/*!40101 SET @OLD_CHARACTER_SET_CLIENT=@@CHARACTER_SET_CLIENT */;
/*!40101 SET @OLD_CHARACTER_SET_RESULTS=@@CHARACTER_SET_RESULTS */;
/*!40101 SET @OLD_COLLATION_CONNECTION=@@COLLATION_CONNECTION */;
/*!40101 SET NAMES utf8 */;
/*!40014 SET @OLD_FOREIGN_KEY_CHECKS=@@FOREIGN_KEY_CHECKS, FOREIGN_KEY_CHECKS=0 */;
/*!40101 SET @OLD_SQL_MODE=@@SQL_MODE, SQL_MODE='NO_AUTO_VALUE_ON_ZERO' */;
/*!40111 SET @OLD_SQL_NOTES=@@SQL_NOTES, SQL_NOTES=0 */;


# Dump of table basicQuiz
# ------------------------------------------------------------

DROP TABLE IF EXISTS `basicQuiz`;

CREATE TABLE `basicQuiz` (
  `id` int(11) NOT NULL AUTO_INCREMENT,
  `description` varchar(1024) CHARACTER SET utf8 COLLATE utf8_bin DEFAULT NULL,
  `options` varchar(128) CHARACTER SET utf8 COLLATE utf8_bin DEFAULT NULL,
  `type` varchar(128) CHARACTER SET utf8 COLLATE utf8_bin NOT NULL,
  `answer` varchar(128) CHARACTER SET utf8 COLLATE utf8_bin NOT NULL,
  `isAvailable` int(1) DEFAULT '1',
  `referenceNumber` int(11) DEFAULT '0',
  `createTime` timestamp NULL DEFAULT CURRENT_TIMESTAMP,
  `updateTime` timestamp NULL DEFAULT CURRENT_TIMESTAMP,
  `makerId` int(1) DEFAULT NULL,
  PRIMARY KEY (`id`)
) ENGINE=InnoDB DEFAULT CHARSET=utf8;

LOCK TABLES `basicQuiz` WRITE;
/*!40000 ALTER TABLE `basicQuiz` DISABLE KEYS */;

INSERT INTO `basicQuiz` (`id`, `description`, `options`, `type`, `answer`, `isAvailable`, `referenceNumber`, `createTime`, `updateTime`, `makerId`)
VALUES
	(54,X'666A6961736A66',NULL,X'53494E474C455F43484F494345',X'31',1,0,'2018-05-17 10:09:06','2018-05-17 10:09:06',5),
	(55,X'66616E6A',NULL,X'53494E474C455F43484F494345',X'32',1,0,'2018-05-17 10:09:06','2018-05-17 10:09:06',NULL),
	(56,X'415344',NULL,X'53494E474C455F43484F494345',X'30',1,0,'2018-05-17 10:09:06','2018-05-17 10:09:06',NULL),
	(57,X'E5889AE58F91E79A84E581A5E5BAB7',NULL,X'53494E474C455F43484F494345',X'30',1,0,'2018-05-17 10:09:06','2018-05-17 10:09:06',NULL),
	(58,X'E5889AE58F91E79A84E581A5E5BAB7',NULL,X'53494E474C455F43484F494345',X'30',1,0,'2018-05-17 10:09:06','2018-05-17 10:09:06',NULL),
	(59,X'626E6D',NULL,X'53494E474C455F43484F494345',X'30',1,0,'2018-05-17 10:09:06','2018-05-17 10:09:06',NULL),
	(60,X'73646667686A6B',NULL,X'53494E474C455F43484F494345',X'31',1,0,'2018-05-17 10:09:06','2018-05-17 10:09:06',1),
	(61,X'646674677968756A696B6F6C3B27',NULL,X'53494E474C455F43484F494345',X'32',1,0,'2018-05-17 10:09:06','2018-05-17 10:09:06',1),
	(62,X'6572747975696F70',NULL,X'53494E474C455F43484F494345',X'30',1,0,'2018-05-17 10:09:06','2018-05-17 10:09:06',1),
	(63,X'72747975696F',NULL,X'53494E474C455F43484F494345',X'30',1,0,'2018-05-17 10:09:06','2018-05-17 10:09:06',1),
	(64,X'73646667686A6B6C3B',NULL,X'53494E474C455F43484F494345',X'31',1,0,'2018-05-17 10:09:06','2018-05-17 10:09:06',1),
	(65,X'53445346474448',NULL,X'53494E474C455F43484F494345',X'30',1,0,'2018-05-17 10:09:06','2018-05-17 10:09:06',NULL),
	(66,X'444647534648',NULL,X'53494E474C455F43484F494345',X'30',1,0,'2018-05-17 10:09:06','2018-05-17 10:09:06',1),
	(67,X'6420666764686A6B',NULL,X'53494E474C455F43484F494345',X'30',1,0,'2018-05-17 10:09:06','2018-05-17 10:09:06',NULL),
	(68,X'646667686A6B6C3B',NULL,X'53494E474C455F43484F494345',X'31',1,0,'2018-05-17 10:09:06','2018-05-17 10:09:06',1),
	(69,X'333465776173',NULL,X'53494E474C455F43484F494345',X'30',1,0,'2018-05-17 10:09:06','2018-05-17 10:09:06',1),
	(70,X'786376626E6D2C2E',NULL,X'53494E474C455F43484F494345',X'31',1,0,'2018-05-17 10:09:06','2018-05-17 10:09:06',1),
	(85,X'E88C83E5BEB7E890A8E58F91',NULL,X'4D554C5449504C455F43484F494345',X'302C31',1,0,'2018-05-17 10:09:06','2018-05-17 10:09:06',NULL),
	(86,X'E88C83E5BEB7E890A8E58F91',NULL,X'4D554C5449504C455F43484F494345',X'302C31',1,0,'2018-05-17 10:09:06','2018-05-17 10:09:06',NULL),
	(87,X'6768667366',NULL,X'4D554C5449504C455F43484F494345',X'30',1,0,'2018-05-17 10:09:06','2018-05-17 10:09:06',NULL),
	(88,X'646667686A6B6C3B',NULL,X'4D554C5449504C455F43484F494345',X'322C31',1,0,'2018-05-17 10:09:06','2018-05-17 10:09:06',1),
	(89,X'73646667686A6B6C3B27',NULL,X'4D554C5449504C455F43484F494345',X'31',1,0,'2018-05-17 10:09:06','2018-05-17 10:09:06',1),
	(90,X'73646667686A6B6C',NULL,X'4D554C5449504C455F43484F494345',X'312C322C33',1,0,'2018-05-17 10:09:06','2018-05-17 10:09:06',1),
	(91,X'4153444647484A4B4C3B',NULL,X'4D554C5449504C455F43484F494345',X'322C33',1,0,'2018-05-17 10:09:06','2018-05-17 10:09:06',1),
	(92,X'4153444647484A4B',NULL,X'4D554C5449504C455F43484F494345',X'322C33',1,0,'2018-05-17 10:09:06','2018-05-17 10:09:06',1),
	(93,X'5343444647484A',NULL,X'4D554C5449504C455F43484F494345',X'322C33',1,0,'2018-05-17 10:09:06','2018-05-17 10:09:06',1),
	(100,X'E68891E4BBACE698AFE4BB80E4B988E5ADA6E999A2',NULL,X'42415349435F424C414E4B5F5155495A',X'E6809DE6B283',1,0,'2018-05-17 10:09:06','2018-05-17 10:09:06',1),
	(101,X'66',NULL,X'42415349435F424C414E4B5F5155495A',X'66',1,0,'2018-05-17 10:09:06','2018-05-17 10:09:06',NULL),
	(102,X'64666173686975',NULL,X'42415349435F424C414E4B5F5155495A',X'66616473686975',1,0,'2018-05-17 10:09:06','2018-05-17 10:09:06',NULL),
	(103,X'6661736466',NULL,X'42415349435F424C414E4B5F5155495A',X'6173646766',1,0,'2018-05-17 10:09:06','2018-05-17 10:09:06',NULL),
	(104,X'6661736E6A666B',NULL,X'42415349435F424C414E4B5F5155495A',X'666E64736B6A666E',1,0,'2018-05-17 10:09:06','2018-05-17 10:09:06',NULL),
	(105,X'73616466',NULL,X'42415349435F424C414E4B5F5155495A',X'6173676466',1,0,'2018-05-17 10:09:06','2018-05-17 10:09:06',1),
	(106,X'68666577756F',NULL,X'42415349435F424C414E4B5F5155495A',X'4746444C495548736F616A',1,0,'2018-05-17 10:09:06','2018-05-17 10:09:06',1),
	(107,X'E5A5BDE5A5BDE5889AE58F91E79A84',NULL,X'42415349435F424C414E4B5F5155495A',X'E99E8DE5B1B1E882A1E4BBBD',1,0,'2018-05-17 10:09:06','2018-05-17 10:09:06',1),
	(108,X'464453534641',NULL,X'42415349435F424C414E4B5F5155495A',X'5344474146',1,0,'2018-05-17 10:09:06','2018-05-17 10:09:06',1),
	(109,X'E5A4A7',NULL,X'42415349435F424C414E4B5F5155495A',X'E5A4A7E5B888E58285',1,0,'2018-05-17 10:09:06','2018-05-17 10:09:06',NULL),
	(110,X'E69292E59CB0E696B976',NULL,X'42415349435F424C414E4B5F5155495A',X'E69A97E5AEA4E980A2E781AFE783A6E6ADBBE59392',1,0,'2018-05-17 10:09:06','2018-05-17 10:09:06',NULL),
	(111,X'E58F91E8AFB4E8AFB4E79A8476',NULL,X'42415349435F424C414E4B5F5155495A',X'66673574346672657764',1,0,'2018-05-17 10:09:06','2018-05-17 10:09:06',NULL),
	(112,X'71776572',NULL,X'42415349435F424C414E4B5F5155495A',X'71657761',1,0,'2018-05-17 10:09:06','2018-05-17 10:09:06',NULL),
	(113,X'E5AE89E68A9A',NULL,X'42415349435F424C414E4B5F5155495A',X'E68C89E697B6E58F91E694BEE7BB99',1,0,'2018-05-17 10:09:06','2018-05-17 10:09:06',NULL),
	(114,X'415344',NULL,X'42415349435F424C414E4B5F5155495A',X'415344',1,0,'2018-05-17 10:09:06','2018-05-17 10:09:06',NULL),
	(115,X'E58F91E8AFB4E8AFB4',NULL,X'42415349435F424C414E4B5F5155495A',X'E694BEE588B0',1,0,'2018-05-17 10:09:06','2018-05-17 10:09:06',NULL),
	(116,X'E698AFE79A84E9A38EE6A0BCE58C96E68EA5E58FA3',NULL,X'42415349435F424C414E4B5F5155495A',X'E78EB0E59CBA5642E4BDA0E4BBAC',1,0,'2018-05-17 10:09:06','2018-05-17 10:09:06',NULL),
	(117,X'E698AFE79A84E9A38EE6A0BCE58C96E68EA5E58FA3',NULL,X'42415349435F424C414E4B5F5155495A',X'E78EB0E59CBA5642E4BDA0E4BBAC',1,0,'2018-05-17 10:09:06','2018-05-17 10:09:06',NULL),
	(118,X'E5958AE698AFE79A84E9A38EE6A0BCE58C96E68EA5E58FA3',NULL,X'42415349435F424C414E4B5F5155495A',X'E788B1E4B88AE5AFB9E696B9E8BF87E5908EE5B0B1E593ADE4BA86',1,0,'2018-05-17 10:09:06','2018-05-17 10:09:06',NULL),
	(119,X'E8B186E88590E6B1A4E9AB98E4B880E591BCE587A0E58FA3',NULL,X'42415349435F424C414E4B5F5155495A',X'E4B88AE79A84E4BABAE58886E6918AE7BB99E794A8E688B7E680A5E58FA3E4BBA4',1,0,'2018-05-17 10:09:06','2018-05-17 10:09:06',NULL),
	(120,X'E58F91E79A84E595A5E58FAB',NULL,X'42415349435F424C414E4B5F5155495A',X'E78EAFE4BF9DE58886E5B180E5AFB9E68891E4BDA0E79C8BE69292E6BBA1E4BA86',1,0,'2018-05-17 10:09:06','2018-05-17 10:09:06',NULL),
	(121,X'E58F91E79A84E595A5E58FAB',NULL,X'42415349435F424C414E4B5F5155495A',X'E78EAFE4BF9DE58886E5B180E5AFB9E68891E4BDA0E79C8BE69292E6BBA1E4BA86',1,0,'2018-05-17 10:09:06','2018-05-17 10:09:06',NULL),
	(122,X'E58F91E79A84E595A5E58FAB',NULL,X'42415349435F424C414E4B5F5155495A',X'E78EAFE4BF9DE58886E5B180E5AFB9E68891E4BDA0E79C8BE69292E6BBA1E4BA86',1,0,'2018-05-17 10:09:06','2018-05-17 10:09:06',NULL),
	(123,X'6875',NULL,X'42415349435F424C414E4B5F5155495A',X'696F',1,0,'2018-05-17 10:09:06','2018-05-17 10:09:06',NULL),
	(124,X'',NULL,X'42415349435F424C414E4B5F5155495A',X'',1,0,'2018-05-17 10:09:06','2018-05-17 10:09:06',NULL),
	(125,X'73646667686A',NULL,X'42415349435F424C414E4B5F5155495A',X'73646667686A',1,0,'2018-05-17 10:09:06','2018-05-17 10:09:06',1),
	(126,X'646667686A6B6C3B',NULL,X'42415349435F424C414E4B5F5155495A',X'646667686A6B6C3B27',1,0,'2018-05-17 10:09:06','2018-05-17 10:09:06',1),
	(127,X'E998BFE696AFE89282E88AAC',NULL,X'42415349435F424C414E4B5F5155495A',X'E68C89E697B6E7BB99E5AFB9E696B9E79A84',1,0,'2018-05-17 10:09:06','2018-05-17 10:09:06',1),
	(128,X'797574',NULL,X'42415349435F424C414E4B5F5155495A',X'726574',1,0,'2018-05-17 10:09:06','2018-05-17 10:09:06',1),
	(129,X'6734656673647A',NULL,X'42415349435F424C414E4B5F5155495A',X'33346665776473787A',1,0,'2018-05-17 10:09:06','2018-05-17 10:09:06',1),
	(130,X'E8AFB7E58897E587BA48544D4C20E4B8ADE79A84E8A18CE58685E6A087E7ADBE',NULL,X'42415349435F424C414E4B5F5155495A',X'',1,0,'2018-05-17 10:09:06','2018-05-17 10:09:06',1),
	(131,X'6572747975696F',NULL,X'42415349435F424C414E4B5F5155495A',X'73646667686B6C',1,0,'2018-05-17 10:09:06','2018-05-17 10:09:06',1),
	(132,X'72747975696F',NULL,X'42415349435F424C414E4B5F5155495A',X'6667686A6B6C',1,0,'2018-05-17 10:09:06','2018-05-17 10:09:06',1),
	(133,X'73646667686A6B6F6C',NULL,X'42415349435F424C414E4B5F5155495A',X'6466676827',1,0,'2018-05-17 10:09:06','2018-05-17 10:09:06',1),
	(134,X'73646667686A6B6C3B',NULL,X'42415349435F424C414E4B5F5155495A',X'6173646667686A6B6C',1,0,'2018-05-17 10:09:06','2018-05-17 10:09:06',1),
	(135,X'E698AFE79A84E9A38EE6A0BCE58C96E68EA5E58FA3E4BA86',NULL,X'42415349435F424C414E4B5F5155495A',X'E58887E5B094E68EA8E593A6',1,0,'2018-05-17 10:09:06','2018-05-17 10:09:06',1),
	(136,X'4153444647484A4B4C',NULL,X'42415349435F424C414E4B5F5155495A',X'53444647484A4B4C',1,0,'2018-05-17 10:09:06','2018-05-17 10:09:06',1),
	(137,X'4153444647484A4B',NULL,X'42415349435F424C414E4B5F5155495A',X'4553444647484A',1,0,'2018-05-17 10:09:06','2018-05-17 10:09:06',NULL),
	(138,X'534446474E48',NULL,X'42415349435F424C414E4B5F5155495A',X'41444647484A',1,0,'2018-05-17 10:09:06','2018-05-17 10:09:06',1),
	(139,X'737A6478626E766D',NULL,X'42415349435F424C414E4B5F5155495A',X'73647A766678626763686A6B',1,0,'2018-05-17 10:09:06','2018-05-17 10:09:06',NULL),
	(140,X'737A6466786763686A6B6C',NULL,X'42415349435F424C414E4B5F5155495A',X'647866676368766A626B6E6C6D3B2C',1,0,'2018-05-17 10:09:06','2018-05-17 10:09:06',1),
	(141,X'6173646667686A6B',NULL,X'42415349435F424C414E4B5F5155495A',X'6173646667686A',1,0,'2018-05-17 10:09:06','2018-05-17 10:09:06',1),
	(142,X'6173646679677568696F6A',NULL,X'42415349435F424C414E4B5F5155495A',X'73646667686A6B',1,0,'2018-05-17 10:09:06','2018-05-17 10:09:06',1),
	(143,X'646667686A6B6C3B',NULL,X'42415349435F424C414E4B5F5155495A',X'646667686A6B6C3B',1,0,'2018-05-17 10:09:06','2018-05-17 10:09:06',1),
	(144,X'73646667686A6B',NULL,X'42415349435F424C414E4B5F5155495A',X'646667686A6B',1,0,'2018-05-17 10:09:06','2018-05-17 10:09:06',1),
	(145,X'67686A6B6C3B',NULL,X'42415349435F424C414E4B5F5155495A',X'637867686A6B6C3B27',1,0,'2018-05-17 10:09:06','2018-05-17 10:09:06',1),
	(146,X'6674677968756A696B6F6C703B5B27',NULL,X'42415349435F424C414E4B5F5155495A',X'686A6B6C3B27',1,0,'2018-05-17 10:09:06','2018-05-17 10:09:06',1),
	(147,X'6667686A6B6C3B727765726773646620686F776965726664762068746A',NULL,X'42415349435F424C414E4B5F5155495A',X'66626E6D2C2E2F6774797537696B2C6D6A',1,0,'2018-05-17 10:09:06','2018-05-17 10:09:06',1),
	(148,X'64666173676166',NULL,X'42415349435F424C414E4B5F5155495A',X'6661736766',1,0,'2018-05-17 10:09:06','2018-05-17 10:09:06',1),
	(149,X'6173646766',NULL,X'42415349435F424C414E4B5F5155495A',X'6661736467',1,0,'2018-05-17 10:09:06','2018-05-17 10:09:06',1),
	(150,X'616473677664',NULL,X'42415349435F424C414E4B5F5155495A',X'68207A36357472656473',1,0,'2018-05-17 10:09:06','2018-05-17 10:09:06',1),
	(151,X'73646667686A6B6C',NULL,X'42415349435F424C414E4B5F5155495A',X'6173646667686A6B6C',1,0,'2018-05-17 10:09:06','2018-05-17 10:09:06',1),
	(152,X'6661647368626A',NULL,X'42415349435F424C414E4B5F5155495A',X'6661736A686B6A642C',1,0,'2018-05-17 10:09:06','2018-05-17 10:09:06',1),
	(153,X'6466687375696166',NULL,X'42415349435F424C414E4B5F5155495A',X'61736664627A696668646A63',1,0,'2018-05-17 10:09:06','2018-05-17 10:09:06',NULL),
	(154,X'7673616A646B667A78636E2C6D666463',NULL,X'42415349435F424C414E4B5F5155495A',X'76657273646B7A6A782C6B656473782C',1,0,'2018-05-17 10:09:06','2018-05-17 10:09:06',1),
	(155,X'6561736665647A3975696B33347238396564696569',NULL,X'42415349435F424C414E4B5F5155495A',X'3872376569737564786B33753965776965776975',1,0,'2018-05-17 10:09:06','2018-05-17 10:09:06',1),
	(156,X'66336F71697765733B6C617A2F6A656B64732C',NULL,X'42415349435F424C414E4B5F5155495A',X'68336A34656D647362686A6E656D64736A6B656478',1,0,'2018-05-17 10:09:06','2018-05-17 10:09:06',1),
	(157,X'333435',NULL,X'42415349435F424C414E4B5F5155495A',X'323335',1,0,'2018-05-17 10:09:06','2018-05-17 10:09:06',1),
	(158,X'676E666A636E64',NULL,X'42415349435F424C414E4B5F5155495A',X'666A346B72656D2C6473656D',1,0,'2018-05-17 10:09:06','2018-05-17 10:09:06',1),
	(159,X'6674686A6B6C6F733B',NULL,X'42415349435F424C414E4B5F5155495A',X'736564726674686F6C705B',1,0,'2018-05-17 10:09:06','2018-05-17 10:09:06',1),
	(160,X'4A4641534E4642424241',NULL,X'42415349435F424C414E4B5F5155495A',X'41534642424642464242',1,0,'2018-05-17 10:09:06','2018-05-17 10:09:06',1),
	(161,X'67336866696A656F776C70735B61',NULL,X'42415349435F424C414E4B5F5155495A',X'74677975696A6F6B706C5B',1,0,'2018-05-17 10:09:06','2018-05-17 10:09:06',1),
	(162,X'3367666877656A6B736C613B7A27',NULL,X'42415349435F424C414E4B5F5155495A',X'3366657768736A6B616C7A3B',1,0,'2018-05-17 10:09:06','2018-05-17 10:09:06',1),
	(163,X'736466677975696F',NULL,X'42415349435F424C414E4B5F5155495A',X'73646667686A6B',1,0,'2018-05-17 10:09:06','2018-05-17 10:09:06',1),
	(164,X'6466677568696A',NULL,X'42415349435F424C414E4B5F5155495A',X'73646667686A6B',1,0,'2018-05-17 10:09:06','2018-05-17 10:09:06',1),
	(165,X'616473666768766A626B',NULL,X'42415349435F424C414E4B5F5155495A',X'73646678676368766A626B',1,0,'2018-05-17 10:09:06','2018-05-17 10:09:06',1),
	(166,X'7377646667786368766A626B',NULL,X'42415349435F424C414E4B5F5155495A',X'647366676368766A6B',1,0,'2018-05-17 10:09:06','2018-05-17 10:09:06',1),
	(167,X'E98791E69CA8E6B0B4E781ABE59C9FEFBC8CE8B081E79A84E885BFE69C80E995BFEFBC9F',NULL,X'42415349435F424C414E4B5F5155495A',X'E98791',1,0,'2018-05-17 10:09:06','2018-05-17 10:09:06',5),
	(168,X'E4BDA0E78C9CE4BDA0E698AFE8B081',NULL,X'42415349435F424C414E4B5F5155495A',X'E4B88DE79FA5E98193',1,0,'2018-05-17 10:09:06','2018-05-17 10:09:06',5),
	(169,X'E98089E68BA9E9A298E98089E68BA9E9A298',NULL,X'53494E474C455F43484F494345',X'31',1,0,'2018-05-17 10:09:06','2018-05-17 10:09:06',5),
	(170,X'7A68616E672073616E',NULL,X'53494E474C455F43484F494345',X'32',1,0,'2018-05-17 10:09:06','2018-05-17 10:09:06',5),
	(171,X'E4BDA0E5A5BDE5958AEFBC9F',NULL,X'42415349435F424C414E4B5F5155495A',X'E5A5BD',1,0,'2018-05-17 10:09:06','2018-05-17 10:09:06',5),
	(172,X'3367726665777361',NULL,X'53494E474C455F43484F494345',X'32',1,0,'2018-05-17 10:09:06','2018-05-17 10:09:06',5),
	(173,X'E8A18C666861736B6A6C6A6173623F',NULL,X'42415349435F424C414E4B5F5155495A',X'6120E6A087E7ADBE',1,0,'2018-05-17 10:09:06','2018-05-17 10:09:06',5),
	(174,X'E68891E698AFE4B880E4B8AAE5A1ABE7A9BAE9A298',NULL,X'42415349435F424C414E4B5F5155495A',X'E79C9FE79A84E59097',1,0,'2018-05-17 10:09:06','2018-05-17 10:09:06',5),
	(175,X'E68891E698AFE4B880E4B8AAE98089E68BA9E9A298',NULL,X'53494E474C455F43484F494345',X'33',1,0,'2018-05-17 10:09:06','2018-05-17 10:09:06',5),
	(176,X'E5A4A7E5AEB6E4B880E8B5B7E78C9C',NULL,X'4D554C5449504C455F43484F494345',X'302C312C32',1,0,'2018-05-17 10:09:06','2018-05-17 10:09:06',5),
	(177,X'617364667765',NULL,X'42415349435F424C414E4B5F5155495A',X'7133347266',1,0,'2018-05-17 10:09:06','2018-05-17 10:09:06',5),
	(178,X'6466736166',NULL,X'42415349435F424C414E4B5F5155495A',X'61736466',1,0,'2018-05-17 10:09:06','2018-05-17 10:09:06',5),
	(179,X'3233313132',NULL,X'4D554C5449504C455F43484F494345',X'322C33',1,0,'2018-05-17 10:09:06','2018-05-17 10:09:06',5),
	(180,X'E68891E8BF98E698AFE98089E68BA9E9A298',NULL,X'53494E474C455F43484F494345',X'32',1,0,'2018-05-17 10:09:06','2018-05-17 10:09:06',5),
	(181,X'E68891E79A84E5A883E7949C',NULL,X'53494E474C455F43484F494345',X'33',1,0,'2018-05-17 10:09:06','2018-05-17 10:09:06',5),
	(182,X'323232',NULL,X'4D554C5449504C455F43484F494345',X'322C33',1,0,'2018-05-17 10:09:06','2018-05-17 10:09:06',5),
	(183,X'E68891E698AFE4B880E4B8AAE5A4A7E5A1ABE7A9BAE9A298',NULL,X'42415349435F424C414E4B5F5155495A',X'3233',1,0,'2018-05-17 10:09:06','2018-05-17 10:09:06',5),
	(184,X'E68891E698AFE4B880E4B8AAE5A1ABE7A9BAE9A298',NULL,X'42415349435F424C414E4B5F5155495A',X'32',1,0,'2018-05-17 10:09:06','2018-05-17 10:09:06',5),
	(185,X'E68891E698AFE7ACACE4BA8CE4B8AAE5A1ABE7A9BAE9A298',NULL,X'42415349435F424C414E4B5F5155495A',X'31',1,0,'2018-05-17 10:09:06','2018-05-17 10:09:06',5),
	(186,X'E98089E68BA9E9A29860E68891E698AFE4BBA3E7A08160',NULL,X'53494E474C455F43484F494345',X'32',1,0,'2018-05-17 10:09:06','2018-05-17 10:09:06',5),
	(187,X'E58D95E9A1B9E98089E68BA9E9A29832',NULL,X'53494E474C455F43484F494345',X'33',1,0,'2018-05-17 10:09:06','2018-05-17 10:09:06',5),
	(188,X'E5A49AE9A1B9E98089E68BA9E9A298E6808EE4B988E5819A',NULL,X'4D554C5449504C455F43484F494345',X'33',1,0,'2018-05-17 10:09:06','2018-05-17 10:09:06',5),
	(189,X'E69C80E5908EE4B880E4B8AAE5A49AE98089E9A298',NULL,X'4D554C5449504C455F43484F494345',X'322C33',1,0,'2018-05-17 10:09:06','2018-05-17 10:09:06',5),
	(190,X'E68891E698AFE5A1ABE7A9BAE9A298',NULL,X'42415349435F424C414E4B5F5155495A',X'E698AF',1,0,'2018-05-17 10:09:06','2018-05-17 10:09:06',5),
	(191,X'E58D95E9A1B9E98089E68BA9E9A298',NULL,X'53494E474C455F43484F494345',X'33',1,0,'2018-05-17 10:09:06','2018-05-17 10:09:06',5),
	(192,X'E68891E698AFE4B880E4B8AAE5A49AE98089E9A298',NULL,X'4D554C5449504C455F43484F494345',X'322C31',1,0,'2018-05-17 10:09:06','2018-05-17 10:09:06',5),
	(193,X'E68891E698AFE4B880E4B8AAE7AE80E58D95E79A84E98089E68BA9E9A29831',NULL,X'53494E474C455F43484F494345',X'33',1,0,'2018-05-17 10:09:06','2018-05-17 10:09:06',5),
	(194,X'E68891E698AFE4B880E4B8AAE7AE80E58D95E79A84E98089E68BA9E9A29832',NULL,X'53494E474C455F43484F494345',X'33',1,0,'2018-05-17 10:09:06','2018-05-17 10:09:06',5),
	(195,X'E68891E698AFE4B880E4B8AAE5A49AE9A1B9E98089E68BA9E9A298',NULL,X'4D554C5449504C455F43484F494345',X'332C32',1,0,'2018-05-17 10:09:06','2018-05-17 10:09:06',5),
	(196,X'E68891E4B99FE698AFE4B880E4B8AAE5A49AE9A1B9E98089E68BA9E9A298',NULL,X'4D554C5449504C455F43484F494345',X'332C31',1,0,'2018-05-17 10:09:06','2018-05-17 10:09:06',5),
	(197,X'E68891E698AFE4B880E4B8AAE5A1ABE7A9BAE9A298',NULL,X'42415349435F424C414E4B5F5155495A',X'E68891E4B88DE79FA5E98193',1,0,'2018-05-17 10:09:06','2018-05-17 10:09:06',5),
	(198,X'E68891E8BF98E698AFE4B880E4B8AAE5A1ABE7A9BAE9A298',NULL,X'42415349435F424C414E4B5F5155495A',X'E68891E4B99FE4B88DE698AF',1,0,'2018-05-17 10:09:06','2018-05-17 10:09:06',5),
	(199,X'31323331323331',NULL,X'53494E474C455F43484F494345',X'31',1,0,'2018-05-17 10:09:06','2018-05-17 10:09:06',5),
	(200,X'E6ADA3E7A1AEE7AD94E6A188E698AF31',NULL,X'53494E474C455F43484F494345',X'30',1,0,'2018-05-17 10:09:06','2018-05-17 10:09:06',5),
	(201,X'E6ADA3E7A1AEE7AD94E6A188E698AF32',NULL,X'53494E474C455F43484F494345',X'31',1,0,'2018-05-17 10:09:06','2018-05-17 10:09:06',5),
	(202,X'E6ADA3E7A1AEE7AD94E6A188E698AF31E5928C32',NULL,X'4D554C5449504C455F43484F494345',X'302C31',1,0,'2018-05-17 10:09:06','2018-05-17 10:09:06',5),
	(203,X'E6ADA3E7A1AEE7AD94E6A188E698AF33E5928C34',NULL,X'4D554C5449504C455F43484F494345',X'322C33',1,0,'2018-05-17 10:09:06','2018-05-17 10:09:06',5),
	(204,X'E7AD94E6A188E698AFE7ACACE4B880E4B8AA',NULL,X'53494E474C455F43484F494345',X'30',1,0,'2018-05-17 10:09:06','2018-05-17 10:09:06',5),
	(205,X'E7AD94E6A188E698AFE7ACACE4BA8CE4B8AA',NULL,X'53494E474C455F43484F494345',X'31',1,0,'2018-05-17 10:09:06','2018-05-17 10:09:06',5),
	(206,X'E7AD94E6A188E698AFE7ACACE4B880E4BA8CE4B8AA',NULL,X'4D554C5449504C455F43484F494345',X'302C31',1,0,'2018-05-17 10:09:06','2018-05-17 10:09:06',5),
	(207,X'E7AD94E6A188E698AFE7ACACE4B880E4B889E4B8AA',NULL,X'4D554C5449504C455F43484F494345',X'302C32',1,0,'2018-05-17 10:09:06','2018-05-17 10:09:06',5),
	(208,X'E68891E8BE93E4B880E4B8AAE5A4A9E7A9BAE9A298',NULL,X'42415349435F424C414E4B5F5155495A',X'32',1,0,'2018-05-17 10:09:06','2018-05-17 10:09:06',5),
	(209,X'E68891E6B2A1E69C89E7AD94E6A188E4BDA0E4BFA1E59097',NULL,X'42415349435F424C414E4B5F5155495A',X'31',1,0,'2018-05-17 10:09:06','2018-05-17 10:09:06',5),
	(210,X'31323331',NULL,X'53494E474C455F43484F494345',X'33',1,0,'2018-05-17 10:09:06','2018-05-17 10:09:06',5),
	(211,X'E7AD94E6A188E698AFE7ACACE4B880E4B8AA',NULL,X'53494E474C455F43484F494345',X'30',1,0,'2018-05-17 10:09:06','2018-05-17 10:09:06',5),
	(212,X'E7AD94E6A188E698AFE7ACACE4BA8CE4B8AA',NULL,X'53494E474C455F43484F494345',X'31',1,0,'2018-05-17 10:09:06','2018-05-17 10:09:06',5),
	(213,X'E7AD94E6A188E698AFE7ACACE4B880E4BA8CE4B8AA',NULL,X'4D554C5449504C455F43484F494345',X'302C31',1,0,'2018-05-17 10:09:06','2018-05-17 10:09:06',5),
	(214,X'E7AD94E6A188E698AFE7ACACE4B880E4B889E4B8AA',NULL,X'4D554C5449504C455F43484F494345',X'302C32',1,0,'2018-05-17 10:09:06','2018-05-17 10:09:06',5),
	(215,X'E68891E698AFE5A1ABE7A9BAE9A298',NULL,X'42415349435F424C414E4B5F5155495A',X'3132',1,0,'2018-05-17 10:09:06','2018-05-17 10:09:06',5),
	(216,X'E68891E8BF98E698AFE4B880E4B8AAE5A1ABE7A9BAE9A298',NULL,X'42415349435F424C414E4B5F5155495A',X'313233',1,0,'2018-05-17 10:09:06','2018-05-17 10:09:06',5),
	(217,X'E68891E79A84E7AD94E6A188E698AFE7ACACE4B880E4B8AA',NULL,X'53494E474C455F43484F494345',X'30',1,0,'2018-05-17 10:09:06','2018-05-17 10:09:06',5),
	(218,X'E68891E79A84E7AD94E6A188E698AFE7ACACE4B880E4B889E4B8AA',NULL,X'4D554C5449504C455F43484F494345',X'302C32',1,0,'2018-05-17 10:09:06','2018-05-17 10:09:06',5),
	(219,X'E68891E698AFE4B880E4B8AAE5A4A7E5A1ABE7A9BAE9A298',NULL,X'42415349435F424C414E4B5F5155495A',X'E5A1ABE7A9BAE9A298',1,0,'2018-05-17 10:09:06','2018-05-17 10:09:06',5),
	(220,X'E68891E698AFE4B880E4B8AAE6B7BBE58AA0E7A9BAE68F90',NULL,X'42415349435F424C414E4B5F5155495A',X'E998BFE890A8E5BEB7',1,0,'2018-05-17 10:09:06','2018-05-17 10:09:06',5),
	(221,X'E68891E698AFE4B880E4B8AAE58D95E98089E9A298',NULL,X'53494E474C455F43484F494345',X'30',1,0,'2018-05-17 10:09:06','2018-05-17 10:09:06',5),
	(222,X'E68891E698AFE4B880E4B8AAE5A49AE98089E9A29820E7AD94E6A188312C32',NULL,X'4D554C5449504C455F43484F494345',X'302C31',1,0,'2018-05-17 10:09:06','2018-05-17 10:09:06',5),
	(223,X'E68891E698AFE4B880E4B8AAE5A1ABE7A9BAE9A298',NULL,X'42415349435F424C414E4B5F5155495A',X'323133',1,0,'2018-05-17 10:09:06','2018-05-17 10:09:06',5),
	(224,X'E6B58BE8AF95E68980E69C89',NULL,X'42415349435F424C414E4B5F5155495A',X'313131313131',1,0,'2018-05-17 10:09:06','2018-05-17 10:09:06',5),
	(225,X'E6B58BE8AF95E68980E69C89',NULL,X'53494E474C455F43484F494345',X'31',1,0,'2018-05-17 10:09:06','2018-05-17 10:09:06',5),
	(226,X'E6B58BE8AF95E68980E69C89E6B58BE8AF95E68980E69C89',NULL,X'4D554C5449504C455F43484F494345',X'312C32',1,0,'2018-05-17 10:09:06','2018-05-17 10:09:06',5),
	(227,X'E68891E698AFE5A1ABE7A9BAE9A298',NULL,X'42415349435F424C414E4B5F5155495A',X'E68891E698AFE5A1ABE7A9BAE9A298',1,0,'2018-05-17 10:09:06','2018-05-17 10:09:06',5),
	(228,X'E68891E698AFE98089E68BA9E9A298',NULL,X'53494E474C455F43484F494345',X'32',1,0,'2018-05-17 10:09:06','2018-05-17 10:09:06',5),
	(229,X'E68891E698AFE98089E68BA9E9A29832',NULL,X'4D554C5449504C455F43484F494345',X'312C32',1,0,'2018-05-17 10:09:06','2018-05-17 10:09:06',5),
	(230,X'E68891E698AFE7AE80E58D95E5AEA2E8A782E9A298E4B8AAE5A1ABE7A9BAE9A298',NULL,X'42415349435F424C414E4B5F5155495A',X'E7AD94E6A188',1,0,'2018-05-17 10:09:06','2018-05-17 10:09:06',5),
	(231,X'E68891E698AFE4B880E4B8AAE58D95E98089E9A298',NULL,X'53494E474C455F43484F494345',X'31',1,0,'2018-05-17 10:09:06','2018-05-17 10:09:06',5),
	(232,X'E68891E698AFE5A49AE98089E9A298',NULL,X'4D554C5449504C455F43484F494345',X'302C31',1,0,'2018-05-17 10:09:06','2018-05-17 10:09:06',5),
	(233,X'E79EA7E79EA7E79EA7E79EA7E79EA7E79EA7E79EA7E79EA7E79EA7E79EA7',NULL,X'42415349435F424C414E4B5F5155495A',X'796573',1,0,'2018-05-17 10:09:06','2018-05-17 10:09:06',5),
	(234,X'4A61766153637269707420E58D95E9A1B9E98089E68BA9E9A298',NULL,X'53494E474C455F43484F494345',X'31',1,0,'2018-05-17 10:09:06','2018-05-17 10:09:06',5),
	(235,X'4A61766153637269707420E5A49AE9A1B9E98089E68BA9E9A298',NULL,X'4D554C5449504C455F43484F494345',X'322C33',1,0,'2018-05-17 10:09:06','2018-05-17 10:09:06',5),
	(236,X'E6B58BE8AF954A61766153637269707420E5A1ABE7A9BAE9A298',NULL,X'42415349435F424C414E4B5F5155495A',X'E6B2A1E69C89E7AD94E6A188',1,0,'2018-05-17 10:09:06','2018-05-17 10:09:06',5),
	(237,X'31323331323320202032',NULL,X'53494E474C455F43484F494345',X'31',1,0,'2018-05-17 10:09:06','2018-05-17 10:09:06',31),
	(238,X'3133',NULL,X'4D554C5449504C455F43484F494345',X'302C32',1,0,'2018-05-17 10:09:06','2018-05-17 10:09:06',31),
	(239,X'E68891E698AFE5A1ABE7A9BAE9A298',NULL,X'42415349435F424C414E4B5F5155495A',X'313233',1,0,'2018-05-17 10:09:06','2018-05-17 10:09:06',31),
	(240,X'68747470733A2F2F7777772E796F75747562652E636F6D2F77617463683F763D384935346C5853696E6655',NULL,X'42415349435F424C414E4B5F5155495A',X'717171',1,0,'2018-05-17 10:09:06','2018-05-17 10:09:06',5),
	(241,X'3C656D626564207372633D22687474703A2F2F706C617965722E796F756B752E636F6D2F706C617965722E7068702F7369642F584E7A51784D6A55324F4449302F762E7377662220616C6C6F7746756C6C53637265656E3D227472756522207175616C6974793D2268696768222077696474683D2234383022206865696768743D223430302220616C69676E3D226D6964646C652220616C6C6F775363726970744163636573733D22616C776179732220747970653D226170706C69636174696F6E2F782D73686F636B776176652D666C617368223E3C2F656D6265643E',NULL,X'42415349435F424C414E4B5F5155495A',X'E4B88DE4B88DE4B88D',1,0,'2018-05-17 10:09:06','2018-05-17 10:09:06',5),
	(242,X'3C766964656F2077696474683D223430302220636F6E74726F6C733E0A20203C736F7572636520207372633D2268747470733A2F2F7777772E77337363686F6F6C732E636F6D2F68746D6C2F6D6F765F6262622E6D7034222020747970653D22766964656F2F6D7034223E0A2020596F75722062726F7773657220646F6573206E6F7420737570706F72742048544D4C3520766964656F2E0A3C2F766964656F3E',NULL,X'42415349435F424C414E4B5F5155495A',X'3131',1,0,'2018-05-17 10:09:06','2018-05-17 10:09:06',5),
	(243,X'3C21444F43545950452068746D6C3E200A3C68746D6C3E200A3C626F64793E200A0A3C766964656F2077696474683D223430302220636F6E74726F6C733E0A20203C736F7572636520207372633D2268747470733A2F2F7777772E77337363686F6F6C732E636F6D2F68746D6C2F6D6F765F6262622E6D7034222020747970653D22766964656F2F6D7034223E0A2020596F75722062726F7773657220646F6573206E6F7420737570706F72742048544D4C3520766964656F2E0A3C2F766964656F3E0A0A3C703E0A566964656F20636F757274657379206F66200A3C6120687265663D2268747470733A2F2F7777772E77337363686F6F6C732E636F6D2F68746D6C2F6D6F765F6262622E6D703422207461726765743D225F626C616E6B223E426967204275636B2042756E6E793C2F613E2E0A3C2F703E0A0A3C2F626F64793E200A3C2F68746D6C3E',NULL,X'42415349435F424C414E4B5F5155495A',X'6666',1,0,'2018-05-17 10:09:06','2018-05-17 10:09:06',5),
	(244,X'3C766964656F2069643D22766964656F2220636F6E74726F6C733D2222207072656C6F61643D226E6F6E652220706F737465723D22687474703A2F2F6D656469612E77332E6F72672F323031302F30352F73696E74656C2F706F737465722E706E67223E0A2020202020203C736F757263652069643D226D703422207372633D22687474703A2F2F6D656469612E77332E6F72672F323031302F30352F73696E74656C2F747261696C65722E6D70342220747970653D22766964656F2F6D7034223E0A2020202020203C736F757263652069643D227765626D22207372633D22687474703A2F2F6D656469612E77332E6F72672F323031302F30352F73696E74656C2F747261696C65722E7765626D2220747970653D22766964656F2F7765626D223E0A2020202020203C736F757263652069643D226F677622207372633D22687474703A2F2F6D656469612E77332E6F72672F323031302F30352F73696E74656C2F747261696C65722E6F67762220747970653D22766964656F2F6F6767223E0A2020202020203C703E596F75722075736572206167656E7420646F6573206E6F7420737570706F7274207468652048544D4C3520566964656F20656C656D656E742E3C2F703E0A3C2F766964656F3E',NULL,X'42415349435F424C414E4B5F5155495A',X'',1,0,'2018-05-17 10:09:06','2018-05-17 10:09:06',5),
	(245,X'766520E698AF2031',NULL,X'53494E474C455F43484F494345',X'30',1,0,'2018-05-17 10:09:06','2018-05-17 10:09:06',5),
	(246,X'E788B1E4BB95E8BEBEE689802031',NULL,X'53494E474C455F43484F494345',X'30',1,0,'2018-05-17 10:09:06','2018-05-17 10:09:06',5),
	(247,X'32333433323432332032',NULL,X'53494E474C455F43484F494345',X'30',1,0,'2018-05-17 10:09:06','2018-05-17 10:09:06',5),
	(248,X'313233',NULL,X'53494E474C455F43484F494345',X'30',1,0,'2018-05-17 10:09:06','2018-05-17 10:09:06',5),
	(249,X'E998BFE5858BE7B4A2E5BEB7E7A7AFE58886E58DA1E890A8E79A84E68AA4E882A4',NULL,X'53494E474C455F43484F494345',X'30',1,0,'2018-05-17 10:09:06','2018-05-17 10:09:06',31),
	(250,X'E58F91E5A49AE5B091E698AFE590A6',NULL,X'42415349435F424C414E4B5F5155495A',X'E58F91E7949FE595A5E4BA8B',1,0,'2018-05-17 10:09:06','2018-05-17 10:09:06',5),
	(251,X'E88C83E5BEB7E890A8',NULL,X'53494E474C455F43484F494345',X'32',1,0,'2018-05-17 10:09:06','2018-05-17 10:09:06',5),
	(252,X'E58F91E5A49AE5B091E698AFE590A63131',NULL,X'42415349435F424C414E4B5F5155495A',X'E58F91E7949FE595A5E4BA8B3131',1,0,'2018-05-17 10:09:06','2018-05-17 10:09:06',NULL),
	(253,X'E88C83E5BEB7E890A846445341',NULL,X'53494E474C455F43484F494345',X'32',1,0,'2018-05-17 10:09:06','2018-05-17 10:09:06',NULL),
	(254,X'46415346',NULL,X'42415349435F424C414E4B5F5155495A',X'4644415346',1,0,'2018-05-17 10:09:06','2018-05-17 10:09:06',5),
	(255,X'46444153464641313131',NULL,X'53494E474C455F43484F494345',X'33',1,0,'2018-05-17 10:09:06','2018-05-17 10:09:06',5),
	(256,X'464153467676343434',NULL,X'42415349435F424C414E4B5F5155495A',X'4644415346363636',1,0,'2018-05-17 10:09:06','2018-05-17 10:09:06',NULL),
	(257,X'E68891E698AFE6B58BE8AF95E7AE80E58D95E5AEA2E8A782E9A298E79A84E4BFAEE694B9',NULL,X'42415349435F424C414E4B5F5155495A',X'E68891E698AFE6B58BE8AF95E7AE80E58D95E5AEA2E8A782E9A298E79A84E7AD94E6A188E79A84E4BFAEE694B9',1,0,'2018-05-17 10:09:06','2018-05-17 10:09:06',31),
	(258,X'E68891E698AFE6B58BE8AF95E7AE80E58D95E5AEA2E8A782E9A298',NULL,X'42415349435F424C414E4B5F5155495A',X'E68891E698AFE6B58BE8AF95E7AE80E58D95E5AEA2E8A782E9A298',1,0,'2018-05-17 10:09:06','2018-05-17 10:09:06',31),
	(259,X'31313131313131E9A29DE5A496E8BDAFE4BBB6E6909EE79A84E593A669E6898DE8A18C662064207361',NULL,X'53494E474C455F43484F494345',X'32',1,0,'2018-05-17 10:09:06','2018-05-17 10:09:06',NULL),
	(260,X'E6B58BE8AF95E4BFAEE694B9E79A84E9A298E79BAE',NULL,X'42415349435F424C414E4B5F5155495A',X'E7AD94E6A188E6B58BE8AF95E4BFAEE694B9E7AD94E6A188',1,0,'2018-05-17 10:09:06','2018-05-17 10:09:06',31),
	(261,X'E9BB84E4B8BDE78F8DE98089E68BA9E9A298E6B58BE8AF95E4BFAEE694B9',NULL,X'53494E474C455F43484F494345',X'32',1,0,'2018-05-17 10:09:06','2018-05-17 10:09:06',31),
	(262,X'31313131',NULL,X'4D554C5449504C455F43484F494345',X'302C32',1,0,'2018-05-17 10:09:06','2018-05-17 10:09:06',NULL),
	(263,X'E58EBBE79EA7E79EA7E79EA7E79EA7E79EA7E79EA7',NULL,X'53494E474C455F43484F494345',X'32',1,0,'2018-05-17 10:09:06','2018-05-17 10:09:06',5),
	(264,X'E68891E698AFE7AD94E6A18820312033',NULL,X'4D554C5449504C455F43484F494345',X'302C32',1,0,'2018-05-17 10:09:06','2018-05-17 10:09:06',31),
	(265,X'746573742D73746167696E67',NULL,X'42415349435F424C414E4B5F5155495A',X'746573742D73746167696E67',1,0,'2018-05-17 10:09:06','2018-05-17 10:09:06',5),
	(266,X'746573742D73746167696E67',NULL,X'53494E474C455F43484F494345',X'31',1,0,'2018-05-17 10:09:06','2018-05-17 10:09:06',5),
	(267,X'746573742D73746167696E67',NULL,X'4D554C5449504C455F43484F494345',X'312C33',1,0,'2018-05-17 10:09:06','2018-05-17 10:09:06',5),
	(268,X'',NULL,X'42415349435F424C414E4B5F5155495A',X'',1,0,'2018-05-17 10:09:06','2018-05-17 10:09:06',NULL),
	(269,X'617364',NULL,X'53494E474C455F43484F494345',X'31',1,0,'2018-05-17 10:09:06','2018-05-17 10:09:06',NULL),
	(270,X'6173646A66',NULL,X'42415349435F424C414E4B5F5155495A',X'616E736466',1,0,'2018-05-17 10:09:06','2018-05-17 10:09:06',NULL),
	(271,X'7171',NULL,X'42415349435F424C414E4B5F5155495A',X'71',1,0,'2018-05-17 10:09:06','2018-05-17 10:09:06',NULL),
	(272,X'71',NULL,X'53494E474C455F43484F494345',X'30',1,0,'2018-05-17 10:09:06','2018-05-17 10:09:06',NULL),
	(273,X'71',NULL,X'4D554C5449504C455F43484F494345',X'312C32',1,0,'2018-05-17 10:09:06','2018-05-17 10:09:06',NULL),
	(274,X'71',NULL,X'4D554C5449504C455F43484F494345',X'312C32',1,0,'2018-05-17 10:09:06','2018-05-17 10:09:06',NULL),
	(275,X'71',NULL,X'4D554C5449504C455F43484F494345',X'312C32',1,0,'2018-05-17 10:09:06','2018-05-17 10:09:06',NULL),
	(276,X'71',NULL,X'4D554C5449504C455F43484F494345',X'312C32',1,0,'2018-05-17 10:09:06','2018-05-17 10:09:06',NULL),
	(277,X'71',NULL,X'42415349435F424C414E4B5F5155495A',X'77',1,0,'2018-05-17 10:09:06','2018-05-17 10:09:06',NULL),
	(278,X'71',NULL,X'4D554C5449504C455F43484F494345',X'33',1,0,'2018-05-17 10:09:06','2018-05-17 10:09:06',NULL),
	(279,X'616466736466',NULL,X'42415349435F424C414E4B5F5155495A',X'736466',1,0,'2018-05-17 10:09:06','2018-05-17 10:09:06',NULL),
	(280,X'61736466617364',NULL,X'53494E474C455F43484F494345',X'31',1,0,'2018-05-17 10:09:06','2018-05-17 10:09:06',NULL),
	(281,X'32323232313133',NULL,X'42415349435F424C414E4B5F5155495A',X'32',1,0,'2018-05-17 10:09:06','2018-05-17 10:09:06',NULL),
	(282,X'3232',NULL,X'53494E474C455F43484F494345',X'33',1,0,'2018-05-17 10:09:06','2018-05-17 10:09:06',NULL),
	(283,X'',NULL,X'42415349435F424C414E4B5F5155495A',X'',1,0,'2018-05-17 10:09:06','2018-05-17 10:09:06',NULL),
	(284,X'',NULL,X'42415349435F424C414E4B5F5155495A',X'',1,0,'2018-05-17 10:09:06','2018-05-17 10:09:06',NULL),
	(285,X'E998BFE6B395E88892E69C8D',NULL,X'42415349435F424C414E4B5F5155495A',X'E998BFE696AFE9A1BFE58F91E98081',1,0,'2018-05-17 10:09:06','2018-05-17 10:09:06',31),
	(286,X'66647361',NULL,X'42415349435F424C414E4B5F5155495A',X'617364667361',1,0,'2018-05-17 10:09:06','2018-05-17 10:09:06',31),
	(287,X'',NULL,X'42415349435F424C414E4B5F5155495A',X'',1,0,'2018-05-17 10:09:06','2018-05-17 10:09:06',NULL),
	(288,X'',NULL,X'42415349435F424C414E4B5F5155495A',X'',1,0,'2018-05-17 10:09:06','2018-05-17 10:09:06',NULL),
	(289,X'616161',NULL,X'42415349435F424C414E4B5F5155495A',X'61616161',1,0,'2018-05-17 10:09:06','2018-05-17 10:09:06',5),
	(290,X'7171',NULL,X'53494E474C455F43484F494345',X'33',1,0,'2018-05-17 10:09:06','2018-05-17 10:09:06',5),
	(291,X'7777',NULL,X'4D554C5449504C455F43484F494345',X'322C33',1,0,'2018-05-17 10:09:06','2018-05-17 10:09:06',5),
	(292,X'E69DA5E4B8AAE5A1ABE7A9BAE9A298',NULL,X'42415349435F424C414E4B5F5155495A',X'313233',1,0,'2018-05-17 10:09:06','2018-05-17 10:09:06',5),
	(293,X'E5A682E69E9CE4BDA0E5AFB9E69687E4BBB6E5928CE79BAEE5BD95E79A84E69D83E99990E4B88DE7A1AEE5AE9A2CE58899E794A8205F5F5F5F5F5F5FE591BDE4BBA4E69DA5E6A380E6B58BE69D83E99990',NULL,X'53494E474C455F43484F494345',X'32',1,0,'2018-05-17 10:09:06','2018-05-17 10:09:06',5),
	(294,X'E59CA87669E7BC96E8BE91E599A8E9878CEFBC8CE593AAE4B8AAE591BDE4BBA4E883BDE5B086E58589E6A087E7A7BBE588B0E7ACAC323030E8A18C28E98089E68BA9E69C80E59088E98082E79A84E7AD94E6A18829',NULL,X'53494E474C455F43484F494345',X'31',1,0,'2018-05-17 10:09:06','2018-05-17 10:09:06',5),
	(295,X'E593AAE4B8AAE591BDE4BBA4E58FAFE4BBA5E5B086E699AEE9809AE794A8E688B7E8BDACE68DA2E68890E8B685E7BAA7E794A8E688B7282029',NULL,X'53494E474C455F43484F494345',X'33',1,0,'2018-05-17 10:09:06','2018-05-17 10:09:06',5),
	(296,X'E59CA87669E7BC96E8BE91E599A8E9878CEFBC8CE591BDE4BBA422646422E794A8E69DA5E588A0E999A4E5BD93E5898DE79A84282029',NULL,X'53494E474C455F43484F494345',X'30',1,0,'2018-05-17 10:09:06','2018-05-17 10:09:06',5),
	(297,X'E5B0862F686F6D652F73747564312F77616E67E79BAEE5BD95E5819AE5BD92E6A1A3E58E8BE7BCA9EFBC8CE58E8BE7BCA9E5908EE7949FE6889077616E672E7461722E677AE69687E4BBB6EFBC8CE5B9B6E5B086E6ADA4E69687E4BBB6E4BF9DE5AD98E588B02F686F6D65E79BAEE5BD95E4B88BEFBC8CE5AE9EE78EB0E6ADA4E4BBBBE58AA1E79A84746172E591BDE4BBA4E6A0BCE5BC8FEFBC88EFBC89',NULL,X'53494E474C455F43484F494345',X'31',1,0,'2018-05-17 10:09:06','2018-05-17 10:09:06',5),
	(298,X'E5A682E69E9CE682A8E683B3E58897E587BAE5BD93E5898DE79BAEE5BD95E4BBA5E58F8AE5AD90E79BAEE5BD95E4B88BE68980E69C89E689A9E5B195E5908DE4B8BAE2809C2E747874E2809DE79A84E69687E4BBB6EFBC8CE982A3E4B988E682A8E58FAFE4BBA5E4BDBFE794A8E79A84E591BDE4BBA4E698AF28202029',NULL,X'53494E474C455F43484F494345',X'31',1,0,'2018-05-17 10:09:06','2018-05-17 10:09:06',5),
	(299,X'E794A8E688B7E7BC96E58699E4BA86E4B880E4B8AAE69687E69CACE69687E4BBB6612E747874EFBC8CE683B3E5B086E8AFA5E69687E4BBB6E5908DE7A7B0E694B9E4B8BA7478742E61EFBC8CE4B88BE58897E591BDE4BBA42829E58FAFE4BBA5E5AE9EE78EB0E38082',NULL,X'53494E474C455F43484F494345',X'33',1,0,'2018-05-17 10:09:06','2018-05-17 10:09:06',5),
	(300,X'E5889BE5BBBAE5A49AE7BAA7E79BAEE5BD95E591BDE4BBA4E698AF282029',NULL,X'53494E474C455F43484F494345',X'30',1,0,'2018-05-17 10:09:06','2018-05-17 10:09:06',5),
	(301,X'E7B3BBE7BB9FE4B8ADE69C89E794A8E688B7757365723120E5928C7573657232EFBC8CE5908CE5B19EE4BA8E757365727320E7BB84E38082E59CA8757365723120E794A8E688B7E79BAEE5BD95E4B88BE69C89E4B880E69687E4BBB666696C6531EFBC8CE5AE83E68BA5E69C8936343420E79A84E69D83E99990EFBC8CE5A682E69E9C757365723220E794A8E688B7E683B3E4BFAEE694B9757365723120E794A8E688B7E79BAEE5BD95E4B88BE79A8466696C653120E69687E4BBB6EFBC8CE5BA94E68BA5E69C8920282920E69D83E99990',NULL,X'53494E474C455F43484F494345',X'31',1,0,'2018-05-17 10:09:06','2018-05-17 10:09:06',5),
	(302,X'E59CA87368656C6C20E4B8ADE58F98E9878FE79A84E8B58BE580BCE69C89E59B9BE7A78DE696B9E6B395EFBC8CE585B6E4B8ADEFBC8CE98787E794A86E616D653D313220E79A84E696B9E6B395E7A7B020282029',NULL,X'53494E474C455F43484F494345',X'32',1,0,'2018-05-17 10:09:06','2018-05-17 10:09:06',5),
	(303,X'E58D95E98089E9A298',NULL,X'53494E474C455F43484F494345',X'32',1,0,'2018-05-17 10:09:06','2018-05-17 10:09:06',5),
	(304,X'E5868DE69DA5E4B8AAE5A49AE98089E9A298',NULL,X'4D554C5449504C455F43484F494345',X'322C31',1,0,'2018-05-17 10:09:06','2018-05-17 10:09:06',5),
	(305,X'E5A49AE5B091E58886E9929F',NULL,X'42415349435F424C414E4B5F5155495A',X'E998BFE696AFE89282E88AAC',1,0,'2018-05-17 10:09:06','2018-05-17 10:09:06',5),
	(306,X'6E6E6E',NULL,X'42415349435F424C414E4B5F5155495A',X'6D6D6D',1,0,'2018-05-17 10:09:06','2018-05-17 10:09:06',NULL),
	(307,X'E5A1ABE7A9BAE9A298',NULL,X'42415349435F424C414E4B5F5155495A',X'E5A1ABE7A9BAE9A298',1,0,'2018-05-17 10:09:06','2018-05-17 10:09:06',5),
	(308,X'E98089E68BA9E9A298',NULL,X'53494E474C455F43484F494345',X'32',1,0,'2018-05-17 10:09:06','2018-05-17 10:09:06',5),
	(309,X'E9A298E997B9E885BE',NULL,X'42415349435F424C414E4B5F5155495A',X'E5A1ABE7A9BAE9A298',1,0,'2018-05-17 10:09:06','2018-05-17 10:09:06',5),
	(310,X'E5A1ABE7A9BAE9A298',NULL,X'53494E474C455F43484F494345',X'32',1,0,'2018-05-17 10:09:06','2018-05-17 10:09:06',5),
	(311,X'E6B58BE6B58BE6B58BE6B58B',NULL,X'42415349435F424C414E4B5F5155495A',X'E6B58BE6B58BE6B58BE6B58B',1,0,'2018-05-17 10:09:06','2018-05-17 10:09:06',5),
	(312,X'232061666A7364',NULL,X'53494E474C455F43484F494345',X'30',1,0,'2018-05-17 10:09:06','2018-05-17 10:09:06',NULL),
	(313,X'E7AE80E58D95E5AEA2E8A782E9A298',NULL,X'53494E474C455F43484F494345',X'32',1,0,'2018-05-17 10:09:06','2018-05-17 10:09:06',NULL),
	(314,X'7465737420E58D95E98089E9A2982032',NULL,X'53494E474C455F43484F494345',X'31',1,0,'2018-05-17 10:09:06','2018-05-17 10:09:06',NULL),
	(315,X'E6B58BE8AF95E697B6E997B4',NULL,X'53494E474C455F43484F494345',X'31',1,0,'2018-05-17 10:09:06','2018-05-17 10:09:06',NULL);

/*!40000 ALTER TABLE `basicQuiz` ENABLE KEYS */;
UNLOCK TABLES;


# Dump of table basicQuiz_tags
# ------------------------------------------------------------

DROP TABLE IF EXISTS `basicQuiz_tags`;

CREATE TABLE `basicQuiz_tags` (
  `basicQuizId` int(11) DEFAULT NULL,
  `tagId` int(11) DEFAULT NULL
) ENGINE=InnoDB DEFAULT CHARSET=utf8;



# Dump of table basicQuizChoices
# ------------------------------------------------------------

DROP TABLE IF EXISTS `basicQuizChoices`;

CREATE TABLE `basicQuizChoices` (
  `basicQuizId` int(11) NOT NULL,
  `index` int(7) NOT NULL,
  `choice` varchar(1024) CHARACTER SET utf8 COLLATE utf8_bin DEFAULT NULL,
  PRIMARY KEY (`basicQuizId`,`index`)
) ENGINE=InnoDB DEFAULT CHARSET=utf8;



# Dump of table basicQuizItemPost
# ------------------------------------------------------------

DROP TABLE IF EXISTS `basicQuizItemPost`;

CREATE TABLE `basicQuizItemPost` (
  `id` int(11) NOT NULL AUTO_INCREMENT,
  `basicQuizSubmitId` int(11) NOT NULL,
  `type` varchar(128) COLLATE utf8_bin NOT NULL,
  `userAnswer` varchar(128) COLLATE utf8_bin DEFAULT NULL,
  `basicQuizId` int(11) DEFAULT NULL,
  PRIMARY KEY (`id`),
  KEY `bqph_bqsm_1` (`basicQuizSubmitId`),
  CONSTRAINT `bqph_bqsm_1` FOREIGN KEY (`basicQuizSubmitId`) REFERENCES `basicQuizSubmit` (`id`)
) ENGINE=InnoDB DEFAULT CHARSET=utf8 COLLATE=utf8_bin;



# Dump of table basicQuizSubmission
# ------------------------------------------------------------

DROP TABLE IF EXISTS `basicQuizSubmission`;

CREATE TABLE `basicQuizSubmission` (
  `id` int(11) NOT NULL AUTO_INCREMENT,
  `assignmentId` int(10) DEFAULT NULL,
  `quizId` int(11) DEFAULT NULL,
  `userId` int(11) DEFAULT NULL,
  `userAnswer` varchar(255) DEFAULT NULL,
  `submitTime` timestamp NULL DEFAULT CURRENT_TIMESTAMP,
  `isCorrect` int(11) DEFAULT NULL,
  PRIMARY KEY (`id`)
) ENGINE=InnoDB DEFAULT CHARSET=utf8;



# Dump of table basicQuizSubmit
# ------------------------------------------------------------

DROP TABLE IF EXISTS `basicQuizSubmit`;

CREATE TABLE `basicQuizSubmit` (
  `id` int(11) NOT NULL AUTO_INCREMENT,
  `startTime` int(11) NOT NULL,
  `endTime` int(11) NOT NULL,
  `sectionId` int(11) DEFAULT NULL,
  `scoreSheetId` int(11) DEFAULT NULL,
  PRIMARY KEY (`id`)
) ENGINE=InnoDB DEFAULT CHARSET=utf8 COLLATE=utf8_bin;



# Dump of table contributor
# ------------------------------------------------------------

DROP TABLE IF EXISTS `contributor`;

CREATE TABLE `contributor` (
  `id` int(11) NOT NULL AUTO_INCREMENT,
  `name` varchar(64) DEFAULT NULL,
  `email` varchar(64) DEFAULT NULL,
  PRIMARY KEY (`id`)
) ENGINE=InnoDB DEFAULT CHARSET=utf8;



# Dump of table homeworkPostHistory
# ------------------------------------------------------------

DROP TABLE IF EXISTS `homeworkPostHistory`;

CREATE TABLE `homeworkPostHistory` (
  `id` int(11) NOT NULL AUTO_INCREMENT,
  `userAnswerRepo` varchar(512) COLLATE utf8_bin NOT NULL,
  `homeworkSubmitId` int(11) NOT NULL,
  `version` varchar(512) COLLATE utf8_bin DEFAULT NULL,
  `branch` varchar(32) COLLATE utf8_bin NOT NULL,
  `status` int(11) NOT NULL,
  `commitTime` int(11) DEFAULT NULL,
  `startTime` int(11) DEFAULT NULL,
  `result` varchar(2048) COLLATE utf8_bin DEFAULT NULL,
  PRIMARY KEY (`id`)
) ENGINE=InnoDB DEFAULT CHARSET=utf8 COLLATE=utf8_bin;

LOCK TABLES `homeworkPostHistory` WRITE;
/*!40000 ALTER TABLE `homeworkPostHistory` DISABLE KEYS */;

INSERT INTO `homeworkPostHistory` (`id`, `userAnswerRepo`, `homeworkSubmitId`, `version`, `branch`, `status`, `commitTime`, `startTime`, `result`)
VALUES
	(1,X'68747470733A2F2F6769746875622E636F6D2F7477732D6F6E6C696E652D7175697A2F73756D2D6F662D696E7465676572732D696E2D737472696E672E676974',1,X'63396534616536366337383865623436383462306530306539333665653933326534303863623363',X'616E73776572',4,1501142011,1501142011,X'6E706D20696E666F20697420776F726B656420696620697420656E64732077697468206F6B0A6E706D20696E666F207573696E67206E706D40332E31302E31300A6E706D20696E666F207573696E67206E6F64654076362E392E350A6E706D20696E666F206C6966656379636C652073756D2D6F662D696E7465676572732D696E2D737472696E6740312E302E307E707265746573743A2073756D2D6F662D696E7465676572732D696E2D737472696E6740312E302E300A6E706D20696E666F206C6966656379636C652073756D2D6F662D696E7465676572732D696E2D737472696E6740312E302E307E746573743A2073756D2D6F662D696E7465676572732D696E2D737472696E6740312E302E300A0A3E2073756D2D6F662D696E7465676572732D696E2D737472696E6740312E302E302074657374202F7661722F746573742D6469726563746F72790A3E206E6F64652072756E2D74657374732E6A730A0A537461727465640A1B5B33326D2E1B5B306D0A0A0A3120737065632C2030206661696C757265730A46696E697368656420696E20302E303037207365636F6E64730A0A6E706D20696E666F206C6966656379636C652073756D2D6F662D696E7465676572732D696E2D737472696E6740312E302E307E706F7374746573743A2073756D2D6F662D696E7465676572732D696E2D737472696E6740312E302E300A6E706D20696E666F206F6B200A');

/*!40000 ALTER TABLE `homeworkPostHistory` ENABLE KEYS */;
UNLOCK TABLES;


# Dump of table homeworkQuiz
# ------------------------------------------------------------

DROP TABLE IF EXISTS `homeworkQuiz`;

CREATE TABLE `homeworkQuiz` (
  `id` int(11) NOT NULL AUTO_INCREMENT,
  `description` text,
  `evaluateScript` varchar(1024) DEFAULT NULL,
  `templateRepository` varchar(1024) DEFAULT NULL,
  `answerDescription` text,
  `answerPath` varchar(1024) DEFAULT NULL,
  `stackId` int(11) DEFAULT NULL,
  `makerId` int(11) DEFAULT NULL,
  `createTime` int(11) DEFAULT NULL,
  `updateTime` timestamp NULL DEFAULT CURRENT_TIMESTAMP,
  `rawId` int(11) DEFAULT NULL,
  `homeworkName` varchar(128) DEFAULT NULL,
  `isAvailable` int(1) DEFAULT '1',
  `definitionRepo` varchar(128) DEFAULT NULL,
  `status` int(1) DEFAULT NULL,
  `buildNumber` int(11) DEFAULT NULL,
  `remark` varchar(100) DEFAULT NULL,
  PRIMARY KEY (`id`)
) ENGINE=InnoDB DEFAULT CHARSET=utf8;

LOCK TABLES `homeworkQuiz` WRITE;
/*!40000 ALTER TABLE `homeworkQuiz` DISABLE KEYS */;

INSERT INTO `homeworkQuiz` (`id`, `description`, `evaluateScript`, `templateRepository`, `answerDescription`, `answerPath`, `stackId`, `makerId`, `createTime`, `updateTime`, `rawId`, `homeworkName`, `isAvailable`, `definitionRepo`, `status`, `buildNumber`, `remark`)
VALUES
	(1,'## 字符串求和\n给定一个字符串格式的数字，求和。\n例如：给定 `123`，返回 6。\n\n## 参考资料\n\n1. [Javascript基础](http://codefordream.com/courses/js_basic/sections)\n2. [Javascript初级训练营](http://codefordream.com/courses/js_learning_camps/sections)\n3. [ECMAScript 6 入门](http://es6.ruanyifeng.com/)\n4. [npm 下载安装](https://github.com/npm/npm)\n5. [node 下载安装](https://github.com/creationix/nvm)\n6. [jasmine用法](http://jasmine.github.io/2.4/introduction.html)\n7. [Git 参考手册](http://gitref.org/zh/index.html)\n\n\n## 答题流程\n- 请用户仔细阅读题目要求和题目描述\n\n- 在命令行中使用以下命令在用户本地任意目录下clone此题目库\n```\ngit clone repo_of_this_template\n```\nNOTE：如果提示git命令未找到请先阅读参考资料\n- 用任意编辑器打开clone下来的文件夹，内部会存在两个文件夹\n```\nspec  //测试文件夹\nsrc   //源文件\n```\n`请在src文件下的main.js文件内实现main函数`\n\n- 完成函数后，使用以下命令设置github远程仓库地址 (my_url代表你自己的新的github地址)\n```\n git remote set-url origin my_url\n```\n- 请使用**git提交(commit)**并**上传(push)**，之后将此github仓库地址(用户自建的) eg:（https://github.com/username/repo） 填入到提交地址一栏 \n- 获取分支\n- 提交\n- 等待结果\n\n\n## 如何本地运行\n\n首先初次下载完需要安装依赖：\n\n```\n  npm install\n```\n\n然后才能执行测试：\n\n```\n  npm test\n```\n\n可以通过测试来检测本地代码是否完成作业要求，测试通过即可提交到github，把git库地址填到答题页面，并提交表单。\n','./homework-script/1500887792119107873','https://github.com/recruiting-system/2017-07-24-09-16-24-1500887784.git','# 参考答案及讲解\n','./homework-answer/1500887792123303870',1,1,1500887792,'2018-05-17 10:09:34',NULL,NULL,1,NULL,2,NULL,NULL),
	(2,'## 字符串求和\n给定一个字符串格式的数字，求和。\n例如：给定 `123`，返回 6。\n\n## 参考资料\n\n1. [Javascript基础](http://codefordream.com/courses/js_basic/sections)\n2. [Javascript初级训练营](http://codefordream.com/courses/js_learning_camps/sections)\n3. [ECMAScript 6 入门](http://es6.ruanyifeng.com/)\n4. [npm 下载安装](https://github.com/npm/npm)\n5. [node 下载安装](https://github.com/creationix/nvm)\n6. [jasmine用法](http://jasmine.github.io/2.4/introduction.html)\n7. [Git 参考手册](http://gitref.org/zh/index.html)\n\n\n## 答题流程\n- 请用户仔细阅读题目要求和题目描述\n\n- 在命令行中使用以下命令在用户本地任意目录下clone此题目库\n```\ngit clone repo_of_this_template\n```\nNOTE：如果提示git命令未找到请先阅读参考资料\n- 用任意编辑器打开clone下来的文件夹，内部会存在两个文件夹\n```\nspec  //测试文件夹\nsrc   //源文件\n```\n`请在src文件下的main.js文件内实现main函数`\n\n- 完成函数后，使用以下命令设置github远程仓库地址 (my_url代表你自己的新的github地址)\n```\n git remote set-url origin my_url\n```\n- 请使用**git提交(commit)**并**上传(push)**，之后将此github仓库地址(用户自建的) eg:（https://github.com/username/repo） 填入到提交地址一栏 \n- 获取分支\n- 提交\n- 等待结果\n\n\n## 如何本地运行\n\n首先初次下载完需要安装依赖：\n\n```\n  npm install\n```\n\n然后才能执行测试：\n\n```\n  npm test\n```\n\n可以通过测试来检测本地代码是否完成作业要求，测试通过即可提交到github，把git库地址填到答题页面，并提交表单。\n','./homework-script/1500954383562268514','https://github.com/recruiting-system/2017-07-25-03-46-14-1500954374.git','# 参考答案及讲解\n','./homework-answer/1500954383565170134',1,1,1500954383,'2018-05-17 10:09:34',NULL,NULL,1,NULL,2,NULL,NULL),
	(3,'## 字符串求和\n给定一个字符串格式的数字，求和。\n例如：给定 `123`，返回 6。\n\n## 参考资料\n\n1. [Javascript基础](http://codefordream.com/courses/js_basic/sections)\n2. [Javascript初级训练营](http://codefordream.com/courses/js_learning_camps/sections)\n3. [ECMAScript 6 入门](http://es6.ruanyifeng.com/)\n4. [npm 下载安装](https://github.com/npm/npm)\n5. [node 下载安装](https://github.com/creationix/nvm)\n6. [jasmine用法](http://jasmine.github.io/2.4/introduction.html)\n7. [Git 参考手册](http://gitref.org/zh/index.html)\n\n\n## 答题流程\n- 请用户仔细阅读题目要求和题目描述\n\n- 在命令行中使用以下命令在用户本地任意目录下clone此题目库\n```\ngit clone repo_of_this_template\n```\nNOTE：如果提示git命令未找到请先阅读参考资料\n- 用任意编辑器打开clone下来的文件夹，内部会存在两个文件夹\n```\nspec  //测试文件夹\nsrc   //源文件\n```\n`请在src文件下的main.js文件内实现main函数`\n\n- 完成函数后，使用以下命令设置github远程仓库地址 (my_url代表你自己的新的github地址)\n```\n git remote set-url origin my_url\n```\n- 请使用**git提交(commit)**并**上传(push)**，之后将此github仓库地址(用户自建的) eg:（https://github.com/username/repo） 填入到提交地址一栏 \n- 获取分支\n- 提交\n- 等待结果\n\n\n## 如何本地运行\n\n首先初次下载完需要安装依赖：\n\n```\n  npm install\n```\n\n然后才能执行测试：\n\n```\n  npm test\n```\n\n可以通过测试来检测本地代码是否完成作业要求，测试通过即可提交到github，把git库地址填到答题页面，并提交表单。\n','./homework-script/1500956484774437865','https://github.com/recruiting-system/2017-07-25-04-21-16-1500956476.git','# 参考答案及讲解\n','./homework-answer/1500956484776392432',1,1,1500956484,'2018-05-17 10:09:34',NULL,NULL,1,NULL,2,NULL,NULL),
	(4,'## 字符串求和\n给定一个字符串格式的数字，求和。\n例如：给定 `123`，返回 6。\n\n## 参考资料\n\n1. [Javascript基础](http://codefordream.com/courses/js_basic/sections)\n2. [Javascript初级训练营](http://codefordream.com/courses/js_learning_camps/sections)\n3. [ECMAScript 6 入门](http://es6.ruanyifeng.com/)\n4. [npm 下载安装](https://github.com/npm/npm)\n5. [node 下载安装](https://github.com/creationix/nvm)\n6. [jasmine用法](http://jasmine.github.io/2.4/introduction.html)\n7. [Git 参考手册](http://gitref.org/zh/index.html)\n\n\n## 答题流程\n- 请用户仔细阅读题目要求和题目描述\n\n- 在命令行中使用以下命令在用户本地任意目录下clone此题目库\n```\ngit clone repo_of_this_template\n```\nNOTE：如果提示git命令未找到请先阅读参考资料\n- 用任意编辑器打开clone下来的文件夹，内部会存在两个文件夹\n```\nspec  //测试文件夹\nsrc   //源文件\n```\n`请在src文件下的main.js文件内实现main函数`\n\n- 完成函数后，使用以下命令设置github远程仓库地址 (my_url代表你自己的新的github地址)\n```\n git remote set-url origin my_url\n```\n- 请使用**git提交(commit)**并**上传(push)**，之后将此github仓库地址(用户自建的) eg:（https://github.com/username/repo） 填入到提交地址一栏 \n- 获取分支\n- 提交\n- 等待结果\n\n\n## 如何本地运行\n\n首先初次下载完需要安装依赖：\n\n```\n  npm install\n```\n\n然后才能执行测试：\n\n```\n  npm test\n```\n\n可以通过测试来检测本地代码是否完成作业要求，测试通过即可提交到github，把git库地址填到答题页面，并提交表单。\n','./homework-script/1501141086891381364','https://github.com/recruiting-system/2017-07-27-07-37-57-1501141077.git','# 参考答案及讲解\n','./homework-answer/1501141086892325847',2,1,1501141086,'2018-05-17 10:09:34',NULL,NULL,1,NULL,2,NULL,NULL),
	(5,'## 字符串求和\n给定一个字符串格式的数字，求和。\n例如：给定 `123`，返回 6。\n\n## 参考资料\n\n1. [Javascript基础](http://codefordream.com/courses/js_basic/sections)\n2. [Javascript初级训练营](http://codefordream.com/courses/js_learning_camps/sections)\n3. [ECMAScript 6 入门](http://es6.ruanyifeng.com/)\n4. [npm 下载安装](https://github.com/npm/npm)\n5. [node 下载安装](https://github.com/creationix/nvm)\n6. [jasmine用法](http://jasmine.github.io/2.4/introduction.html)\n7. [Git 参考手册](http://gitref.org/zh/index.html)\n\n\n## 答题流程\n- 请用户仔细阅读题目要求和题目描述\n\n- 在命令行中使用以下命令在用户本地任意目录下clone此题目库\n```\ngit clone repo_of_this_template\n```\nNOTE：如果提示git命令未找到请先阅读参考资料\n- 用任意编辑器打开clone下来的文件夹，内部会存在两个文件夹\n```\nspec  //测试文件夹\nsrc   //源文件\n```\n`请在src文件下的main.js文件内实现main函数`\n\n- 完成函数后，使用以下命令设置github远程仓库地址 (my_url代表你自己的新的github地址)\n```\n git remote set-url origin my_url\n```\n- 请使用**git提交(commit)**并**上传(push)**，之后将此github仓库地址(用户自建的) eg:（https://github.com/username/repo） 填入到提交地址一栏 \n- 获取分支\n- 提交\n- 等待结果\n\n\n## 如何本地运行\n\n首先初次下载完需要安装依赖：\n\n```\n  npm install\n```\n\n然后才能执行测试：\n\n```\n  npm test\n```\n\n可以通过测试来检测本地代码是否完成作业要求，测试通过即可提交到github，把git库地址填到答题页面，并提交表单。\n','./homework-script/1501141200908555096','https://github.com/recruiting-system/2017-07-27-07-39-52-1501141192.git','# 参考答案及讲解\n','./homework-answer/1501141200908755419',2,1,1501141200,'2018-05-17 10:09:34',NULL,NULL,1,NULL,2,NULL,NULL),
	(6,'## 字符串求和\n给定一个字符串格式的数字，求和。\n例如：给定 `123`，返回 6。\n\n## 参考资料\n\n1. [Javascript基础](http://codefordream.com/courses/js_basic/sections)\n2. [Javascript初级训练营](http://codefordream.com/courses/js_learning_camps/sections)\n3. [ECMAScript 6 入门](http://es6.ruanyifeng.com/)\n4. [npm 下载安装](https://github.com/npm/npm)\n5. [node 下载安装](https://github.com/creationix/nvm)\n6. [jasmine用法](http://jasmine.github.io/2.4/introduction.html)\n7. [Git 参考手册](http://gitref.org/zh/index.html)\n\n\n## 答题流程\n- 请用户仔细阅读题目要求和题目描述\n\n- 在命令行中使用以下命令在用户本地任意目录下clone此题目库\n```\ngit clone repo_of_this_template\n```\nNOTE：如果提示git命令未找到请先阅读参考资料\n- 用任意编辑器打开clone下来的文件夹，内部会存在两个文件夹\n```\nspec  //测试文件夹\nsrc   //源文件\n```\n`请在src文件下的main.js文件内实现main函数`\n\n- 完成函数后，使用以下命令设置github远程仓库地址 (my_url代表你自己的新的github地址)\n```\n git remote set-url origin my_url\n```\n- 请使用**git提交(commit)**并**上传(push)**，之后将此github仓库地址(用户自建的) eg:（https://github.com/username/repo） 填入到提交地址一栏 \n- 获取分支\n- 提交\n- 等待结果\n\n\n## 如何本地运行\n\n首先初次下载完需要安装依赖：\n\n```\n  npm install\n```\n\n然后才能执行测试：\n\n```\n  npm test\n```\n\n可以通过测试来检测本地代码是否完成作业要求，测试通过即可提交到github，把git库地址填到答题页面，并提交表单。\n','./homework-script/1501141902410817512','https://github.com/recruiting-system/2017-07-27-07-51-33-1501141893.git','# 参考答案及讲解\n','./homework-answer/1501141902411500462',2,1,1501141902,'2018-05-17 10:09:34',NULL,NULL,1,NULL,2,NULL,NULL),
	(7,'## 字符串求和\n给定一个字符串格式的数字，求和。\n例如：给定 `123`，返回 6。\n\n## 参考资料\n\n1. [Javascript基础](http://codefordream.com/courses/js_basic/sections)\n2. [Javascript初级训练营](http://codefordream.com/courses/js_learning_camps/sections)\n3. [ECMAScript 6 入门](http://es6.ruanyifeng.com/)\n4. [npm 下载安装](https://github.com/npm/npm)\n5. [node 下载安装](https://github.com/creationix/nvm)\n6. [jasmine用法](http://jasmine.github.io/2.4/introduction.html)\n7. [Git 参考手册](http://gitref.org/zh/index.html)\n\n\n## 答题流程\n- 请用户仔细阅读题目要求和题目描述\n\n- 在命令行中使用以下命令在用户本地任意目录下clone此题目库\n```\ngit clone repo_of_this_template\n```\nNOTE：如果提示git命令未找到请先阅读参考资料\n- 用任意编辑器打开clone下来的文件夹，内部会存在两个文件夹\n```\nspec  //测试文件夹\nsrc   //源文件\n```\n`请在src文件下的main.js文件内实现main函数`\n\n- 完成函数后，使用以下命令设置github远程仓库地址 (my_url代表你自己的新的github地址)\n```\n git remote set-url origin my_url\n```\n- 请使用**git提交(commit)**并**上传(push)**，之后将此github仓库地址(用户自建的) eg:（https://github.com/username/repo） 填入到提交地址一栏 \n- 获取分支\n- 提交\n- 等待结果\n\n\n## 如何本地运行\n\n首先初次下载完需要安装依赖：\n\n```\n  npm install\n```\n\n然后才能执行测试：\n\n```\n  npm test\n```\n\n可以通过测试来检测本地代码是否完成作业要求，测试通过即可提交到github，把git库地址填到答题页面，并提交表单。\n','./homework-script/1501141936045992990','https://github.com/recruiting-system/2017-07-27-07-52-08-1501141928.git','# 参考答案及讲解\n','./homework-answer/1501141936045700223',2,1,1501141936,'2018-05-17 10:09:34',NULL,NULL,1,NULL,2,NULL,NULL),
	(8,'# 编程小道场\n\n把数字转化为lcd灯的表现形式，打印在控制台上。下面是0~9的样子：\n\n    ._.   ...   ._.   ._.   ...   ._.   ._.   ._.   ._.   ._.\n    |.|   ..|   ._|   ._|   |_|   |_.   |_.   ..|   |_|   |_|\n    |_|   ..|   |_.   ._|   ..|   ._|   |_|   ..|   |_|   ..|\n\n\n例子: 910\n\n\n    ._. ... ._.\n    |_| ..| |.|\n    ..| ..| |_|\n\n\n## 参考资料\n\n- [Array#join](https://developer.mozilla.org/en-US/docs/Web/JavaScript/Reference/Global_Objects/Array/join?v=example)\n- [Array#push](https://developer.mozilla.org/en-US/docs/Web/JavaScript/Reference/Global_Objects/Array/push?v=example)\n- [Sting Reference](https://developer.mozilla.org/en-US/docs/Web/JavaScript/Reference/Global_Objects/String)\n\n## 答题流程\n- 请用户仔细阅读题目要求和题目描述\n\n- 在命令行中使用以下命令在用户本地任意目录下clone此题目库\n```\ngit clone repo_of_this_template\n```\nNOTE：如果提示git命令未找到请先阅读参考资料\n- 用任意编辑器打开clone下来的文件夹，内部会存在两个文件夹\n```\nspec  //测试文件夹\nsrc   //源文件\n```\n`请在src文件下的main.js文件内实现main函数`\n\n- 完成函数后，使用以下命令设置github远程仓库地址 (my_url代表你自己的新的github地址)\n```\n git remote set-url origin my_url\n```\n- 请使用**git提交(commit)**并**上传(push)**，之后将此github仓库地址(用户自建的) eg:（https://github.com/username/repo） 填入到提交地址一栏 \n- 获取分支\n- 提交\n- 等待结果\n\n\n## 如何本地运行\n\n首先初次下载完需要安装依赖：\n\n```\n  npm install\n```\n\n然后才能执行测试：\n\n```\n  npm test\n```\n\n可以通过测试来检测本地代码是否完成作业要求，测试通过即可提交到github，把git库地址填到答题页面，并提交表单。\n\n','./homework-script/1501144896211617595','https://github.com/recruiting-system/2017-07-27-08-41-28-1501144888.git','# 参考答案及讲解\n\n','./homework-answer/1501144896212530906',2,1,1501144896,'2018-05-17 10:09:34',NULL,NULL,1,NULL,2,NULL,NULL),
	(9,'## 字符串求和\n给定一个字符串格式的数字，求和。\n例如：给定 `123`，返回 6。\n\n## 参考资料\n\n1. [Javascript基础](http://codefordream.com/courses/js_basic/sections)\n2. [Javascript初级训练营](http://codefordream.com/courses/js_learning_camps/sections)\n3. [ECMAScript 6 入门](http://es6.ruanyifeng.com/)\n4. [npm 下载安装](https://github.com/npm/npm)\n5. [node 下载安装](https://github.com/creationix/nvm)\n6. [jasmine用法](http://jasmine.github.io/2.4/introduction.html)\n7. [Git 参考手册](http://gitref.org/zh/index.html)\n\n\n## 答题流程\n- 请用户仔细阅读题目要求和题目描述\n\n- 在命令行中使用以下命令在用户本地任意目录下clone此题目库\n```\ngit clone repo_of_this_template\n```\nNOTE：如果提示git命令未找到请先阅读参考资料\n- 用任意编辑器打开clone下来的文件夹，内部会存在两个文件夹\n```\nspec  //测试文件夹\nsrc   //源文件\n```\n`请在src文件下的main.js文件内实现main函数`\n\n- 完成函数后，使用以下命令设置github远程仓库地址 (my_url代表你自己的新的github地址)\n```\n git remote set-url origin my_url\n```\n- 请使用**git提交(commit)**并**上传(push)**，之后将此github仓库地址(用户自建的) eg:（https://github.com/username/repo） 填入到提交地址一栏 \n- 获取分支\n- 提交\n- 等待结果\n\n\n## 如何本地运行\n\n首先初次下载完需要安装依赖：\n\n```\n  npm install\n```\n\n然后才能执行测试：\n\n```\n  npm test\n```\n\n可以通过测试来检测本地代码是否完成作业要求，测试通过即可提交到github，把git库地址填到答题页面，并提交表单。\n','./homework-script/1501211234053463798','https://github.com/recruiting-system/2017-07-28-03-07-05-1501211225.git','# 参考答案及讲解\n','./homework-answer/1501211234055216592',2,1,1501211234,'2018-05-17 10:09:34',NULL,NULL,1,NULL,2,NULL,NULL);

/*!40000 ALTER TABLE `homeworkQuiz` ENABLE KEYS */;
UNLOCK TABLES;


# Dump of table homeworkQuiz_tags
# ------------------------------------------------------------

DROP TABLE IF EXISTS `homeworkQuiz_tags`;

CREATE TABLE `homeworkQuiz_tags` (
  `homeworkQuizId` int(11) DEFAULT NULL,
  `tagId` int(11) DEFAULT NULL
) ENGINE=InnoDB DEFAULT CHARSET=utf8;



# Dump of table homeworkQuizOperation
# ------------------------------------------------------------

DROP TABLE IF EXISTS `homeworkQuizOperation`;

CREATE TABLE `homeworkQuizOperation` (
  `id` int(11) NOT NULL AUTO_INCREMENT,
  `operationType` enum('DELETE') COLLATE utf8_bin DEFAULT NULL,
  `operatorId` int(11) NOT NULL,
  `operatingTime` int(11) NOT NULL,
  `homeworkQuizId` int(11) NOT NULL,
  PRIMARY KEY (`id`)
) ENGINE=InnoDB DEFAULT CHARSET=utf8 COLLATE=utf8_bin;

LOCK TABLES `homeworkQuizOperation` WRITE;
/*!40000 ALTER TABLE `homeworkQuizOperation` DISABLE KEYS */;

INSERT INTO `homeworkQuizOperation` (`id`, `operationType`, `operatorId`, `operatingTime`, `homeworkQuizId`)
VALUES
	(1,X'44454C455445',1,1501212172,3),
	(2,X'44454C455445',1,1501212172,2),
	(3,X'44454C455445',1,1501212179,5),
	(4,X'44454C455445',1,1501212185,8);

/*!40000 ALTER TABLE `homeworkQuizOperation` ENABLE KEYS */;
UNLOCK TABLES;


# Dump of table homeworkSubmission
# ------------------------------------------------------------

DROP TABLE IF EXISTS `homeworkSubmission`;

CREATE TABLE `homeworkSubmission` (
  `id` int(11) NOT NULL AUTO_INCREMENT,
  `assignmentId` int(10) DEFAULT NULL,
  `quizId` int(11) DEFAULT NULL,
  `userId` int(11) DEFAULT NULL,
  `userAnswer` varchar(255) DEFAULT NULL,
  `submitTime` timestamp NULL DEFAULT CURRENT_TIMESTAMP,
  `status` int(11) DEFAULT NULL,
  `answerBranch` varchar(255) DEFAULT NULL,
  `result` varchar(255) DEFAULT NULL,
  `buildNumber` int(11) DEFAULT NULL,
  PRIMARY KEY (`id`)
) ENGINE=InnoDB DEFAULT CHARSET=utf8;

LOCK TABLES `homeworkSubmission` WRITE;
/*!40000 ALTER TABLE `homeworkSubmission` DISABLE KEYS */;

INSERT INTO `homeworkSubmission` (`id`, `assignmentId`, `quizId`, `userId`, `userAnswer`, `submitTime`, `status`, `answerBranch`, `result`, `buildNumber`)
VALUES
	(1,240,15,26,'https://github.com/lucky5678/109task.git','2018-05-17 10:09:40',4,'master','m info lifecycle js-online-quiz-template@1.0.0~posttest: js-online-quiz-template@1.0.0\nnpm info ok ',NULL),
	(2,240,15,26,'https://github.com/lucky5678/109task.git','2018-05-17 10:09:40',4,'master','m info lifecycle js-online-quiz-template@1.0.0~posttest: js-online-quiz-template@1.0.0\nnpm info ok ',NULL),
	(3,240,15,26,'https://github.com/lucky5678/109task.git','2018-05-17 10:09:40',4,'master','m info lifecycle js-online-quiz-template@1.0.0~posttest: js-online-quiz-template@1.0.0\nnpm info ok ',NULL),
	(4,240,15,26,'https://github.com/lucky5678/109task.git','2018-05-17 10:09:40',4,'master','m info lifecycle js-online-quiz-template@1.0.0~posttest: js-online-quiz-template@1.0.0\nnpm info ok ',NULL),
	(5,240,15,26,'https://github.com/lucky5678/109task.git','2018-05-17 10:09:40',4,'master','m info lifecycle js-online-quiz-template@1.0.0~posttest: js-online-quiz-template@1.0.0\nnpm info ok ',NULL),
	(6,240,15,26,'https://github.com/lucky5678/109task.git','2018-05-17 10:09:40',4,'master','m info lifecycle js-online-quiz-template@1.0.0~posttest: js-online-quiz-template@1.0.0\nnpm info ok ',NULL),
	(7,240,15,26,'https://github.com/lucky5678/109task.git','2018-05-17 10:09:40',4,'master','m info lifecycle js-online-quiz-template@1.0.0~posttest: js-online-quiz-template@1.0.0\nnpm info ok ',NULL),
	(8,240,15,26,'https://github.com/lucky5678/109task.git','2018-05-17 10:09:40',4,'master','m info lifecycle js-online-quiz-template@1.0.0~posttest: js-online-quiz-template@1.0.0\nnpm info ok ',NULL),
	(9,240,15,26,'https://github.com/lucky5678/109task.git','2018-05-17 10:09:40',4,'master','m info lifecycle js-online-quiz-template@1.0.0~posttest: js-online-quiz-template@1.0.0\nnpm info ok ',NULL),
	(10,240,15,26,'https://github.com/lucky5678/109task.git','2018-05-17 10:09:40',3,'master','排队中,请稍候...',NULL),
	(11,240,15,26,'https://github.com/lucky5678/109task.git','2018-05-17 10:09:40',4,'master','m info lifecycle js-online-quiz-template@1.0.0~posttest: js-online-quiz-template@1.0.0\nnpm info ok ',NULL),
	(12,240,15,26,'https://github.com/lucky5678/109task.git','2018-05-17 10:09:40',4,'master','m info lifecycle js-online-quiz-template@1.0.0~posttest: js-online-quiz-template@1.0.0\nnpm info ok ',NULL),
	(13,240,15,26,'https://github.com/lucky5678/109task.git','2018-05-17 10:09:40',4,'master','m info lifecycle js-online-quiz-template@1.0.0~posttest: js-online-quiz-template@1.0.0\nnpm info ok ',NULL),
	(14,240,15,26,'https://github.com/lucky5678/109task.git','2018-05-17 10:09:40',4,'master','m info lifecycle js-online-quiz-template@1.0.0~posttest: js-online-quiz-template@1.0.0\nnpm info ok ',NULL),
	(15,240,15,26,'https://github.com/lucky5678/109task.git','2018-05-17 10:09:40',3,'master','排队中,请稍候...',NULL),
	(16,240,15,26,'https://github.com/lucky5678/109task.git','2018-05-17 10:09:40',4,'master','m info lifecycle js-online-quiz-template@1.0.0~posttest: js-online-quiz-template@1.0.0\nnpm info ok ',NULL),
	(17,240,15,26,'https://github.com/lucky5678/109task.git','2018-05-17 10:09:40',4,'master','m info lifecycle js-online-quiz-template@1.0.0~posttest: js-online-quiz-template@1.0.0\nnpm info ok ',NULL),
	(18,240,15,31,'https://github.com/tws-demo/301-react-form','2018-05-17 10:09:40',3,'master','排队中,请稍候...',NULL),
	(19,240,15,31,'https://github.com/lucky5678/109task.git','2018-05-17 10:09:40',4,'master','m info lifecycle js-online-quiz-template@1.0.0~posttest: js-online-quiz-template@1.0.0\nnpm info ok ',NULL),
	(20,240,15,5,'https://github.com/lucky5678/109task.git','2018-05-17 10:09:40',4,'master','m info lifecycle js-online-quiz-template@1.0.0~posttest: js-online-quiz-template@1.0.0\nnpm info ok ',NULL),
	(21,240,15,32,'https://github.com/lucky5678/109task.git','2018-05-17 10:09:40',4,'master','m info lifecycle js-online-quiz-template@1.0.0~posttest: js-online-quiz-template@1.0.0\nnpm info ok ',NULL),
	(22,240,15,26,'https://github.com/lucky5678/109task.git','2018-05-17 10:09:40',4,'master','m info lifecycle js-online-quiz-template@1.0.0~posttest: js-online-quiz-template@1.0.0\nnpm info ok ',NULL),
	(23,240,15,26,'https://github.com/lucky5678/109task.git','2018-05-17 10:09:40',4,'master','m info lifecycle js-online-quiz-template@1.0.0~posttest: js-online-quiz-template@1.0.0\nnpm info ok ',NULL),
	(24,240,15,26,'https://github.com/lucky5678/109task.git','2018-05-17 10:09:40',4,'master','m info lifecycle js-online-quiz-template@1.0.0~posttest: js-online-quiz-template@1.0.0\nnpm info ok ',NULL),
	(25,240,15,31,'https://github.com/lucky5678/109task.git','2018-05-17 10:09:40',4,'master','m info lifecycle js-online-quiz-template@1.0.0~posttest: js-online-quiz-template@1.0.0\nnpm info ok ',NULL),
	(26,240,15,33,'https://github.com/lucky5678/109task.git','2018-05-17 10:09:40',4,'master','m info lifecycle js-online-quiz-template@1.0.0~posttest: js-online-quiz-template@1.0.0\nnpm info ok ',NULL),
	(27,330,40,35,'https://github.com/recruiting-system/2018-05-04-04-54-35-1525409675.git',NULL,NULL,'master',NULL,NULL);

/*!40000 ALTER TABLE `homeworkSubmission` ENABLE KEYS */;
UNLOCK TABLES;


# Dump of table homeworkSubmit
# ------------------------------------------------------------

DROP TABLE IF EXISTS `homeworkSubmit`;

CREATE TABLE `homeworkSubmit` (
  `id` int(11) NOT NULL AUTO_INCREMENT,
  `homeworkQuizId` int(11) NOT NULL,
  `scoreSheetId` int(11) NOT NULL,
  PRIMARY KEY (`id`)
) ENGINE=InnoDB DEFAULT CHARSET=utf8 COLLATE=utf8_bin;

LOCK TABLES `homeworkSubmit` WRITE;
/*!40000 ALTER TABLE `homeworkSubmit` DISABLE KEYS */;

INSERT INTO `homeworkSubmit` (`id`, `homeworkQuizId`, `scoreSheetId`)
VALUES
	(1,6,24),
	(2,7,24),
	(3,4,26),
	(4,5,26),
	(5,4,29),
	(6,5,29),
	(7,4,30),
	(8,5,30),
	(9,4,31),
	(10,4,33),
	(11,5,33),
	(12,4,34),
	(13,8,35),
	(14,7,35),
	(15,6,36),
	(16,4,42),
	(17,5,42),
	(18,4,46),
	(19,5,46),
	(20,4,47),
	(21,5,47),
	(22,4,49),
	(23,5,49),
	(24,4,50),
	(25,5,50),
	(26,9,55),
	(27,9,57),
	(28,9,58),
	(29,9,61),
	(30,9,64),
	(31,7,64),
	(32,9,65),
	(33,9,66),
	(34,7,66),
	(35,9,68),
	(36,9,69),
	(37,9,70),
	(38,9,71),
	(39,9,72),
	(40,9,73),
	(41,7,73),
	(42,9,74),
	(43,7,74),
	(44,9,78),
	(45,9,79),
	(46,9,82),
	(47,9,85),
	(48,7,85),
	(49,9,86),
	(50,9,87),
	(51,9,88),
	(52,9,89),
	(53,9,90),
	(54,9,91),
	(55,7,91),
	(56,9,92),
	(57,7,92),
	(169,13,250),
	(170,10,251),
	(171,13,252),
	(196,10,277),
	(197,13,278),
	(198,10,279),
	(199,10,280),
	(200,13,282),
	(201,13,283),
	(202,10,285),
	(203,13,288),
	(204,10,289),
	(205,13,290),
	(206,13,291),
	(207,10,292),
	(208,13,293),
	(209,10,294),
	(210,13,295),
	(211,11,296),
	(212,10,138),
	(213,15,299),
	(214,15,300),
	(215,15,303),
	(216,21,309),
	(217,21,310),
	(218,21,311),
	(219,21,312),
	(220,15,325),
	(221,15,341),
	(222,15,342),
	(223,15,345),
	(224,15,347),
	(225,15,356);

/*!40000 ALTER TABLE `homeworkSubmit` ENABLE KEYS */;
UNLOCK TABLES;


# Dump of table invitation
# ------------------------------------------------------------

DROP TABLE IF EXISTS `invitation`;

CREATE TABLE `invitation` (
  `id` int(11) NOT NULL AUTO_INCREMENT,
  `programId` int(11) DEFAULT NULL,
  `code` varchar(32) COLLATE utf8_bin DEFAULT NULL,
  `isUsed` tinyint(1) DEFAULT NULL,
  PRIMARY KEY (`id`)
) ENGINE=InnoDB DEFAULT CHARSET=utf8 COLLATE=utf8_bin;



# Dump of table logicQuiz
# ------------------------------------------------------------

DROP TABLE IF EXISTS `logicQuiz`;

CREATE TABLE `logicQuiz` (
  `id` int(11) NOT NULL AUTO_INCREMENT,
  `exampleCount` int(11) DEFAULT NULL,
  `easyCount` int(11) DEFAULT NULL,
  `normalCount` int(11) DEFAULT NULL,
  `hardCount` int(11) DEFAULT NULL,
  `isAvailable` int(1) DEFAULT NULL,
  `makerId` int(11) DEFAULT NULL,
  `createTime` varchar(128) DEFAULT NULL,
  PRIMARY KEY (`id`)
) ENGINE=InnoDB DEFAULT CHARSET=utf8;



# Dump of table logicQuizItem
# ------------------------------------------------------------

DROP TABLE IF EXISTS `logicQuizItem`;

CREATE TABLE `logicQuizItem` (
  `id` int(11) NOT NULL AUTO_INCREMENT,
  `initializedBox` varchar(128) DEFAULT NULL,
  `stepsString` text,
  `count` int(11) DEFAULT NULL,
  `questionZh` varchar(256) DEFAULT NULL,
  `stepsLength` int(11) DEFAULT NULL,
  `maxUpdateTimes` varchar(128) DEFAULT NULL,
  `answer` varchar(256) DEFAULT NULL,
  `descriptionZh` text,
  `chartPath` varchar(256) DEFAULT NULL,
  `infoPath` varchar(256) DEFAULT NULL,
  PRIMARY KEY (`id`)
) ENGINE=InnoDB DEFAULT CHARSET=utf8;



# Dump of table logicQuizItemPost
# ------------------------------------------------------------

DROP TABLE IF EXISTS `logicQuizItemPost`;

CREATE TABLE `logicQuizItemPost` (
  `id` int(11) NOT NULL AUTO_INCREMENT,
  `logicQuizSubmitId` int(11) DEFAULT NULL,
  `quizItemId` int(11) NOT NULL,
  `userAnswer` varchar(128) COLLATE utf8_bin DEFAULT NULL,
  PRIMARY KEY (`id`)
) ENGINE=InnoDB DEFAULT CHARSET=utf8 COLLATE=utf8_bin;

LOCK TABLES `logicQuizItemPost` WRITE;
/*!40000 ALTER TABLE `logicQuizItemPost` DISABLE KEYS */;

INSERT INTO `logicQuizItemPost` (`id`, `logicQuizSubmitId`, `quizItemId`, `userAnswer`)
VALUES
	(1,2,2708,X'31');

/*!40000 ALTER TABLE `logicQuizItemPost` ENABLE KEYS */;
UNLOCK TABLES;


# Dump of table logicQuizSubmit
# ------------------------------------------------------------

DROP TABLE IF EXISTS `logicQuizSubmit`;

CREATE TABLE `logicQuizSubmit` (
  `id` int(11) NOT NULL AUTO_INCREMENT,
  `logicQuizId` int(11) DEFAULT NULL,
  `scoreSheetId` int(11) NOT NULL,
  `startTime` int(11) DEFAULT NULL,
  `endTime` int(11) DEFAULT NULL,
  PRIMARY KEY (`id`),
  UNIQUE KEY `blankQuizId` (`logicQuizId`,`scoreSheetId`)
) ENGINE=InnoDB DEFAULT CHARSET=utf8 COLLATE=utf8_bin;

LOCK TABLES `logicQuizSubmit` WRITE;
/*!40000 ALTER TABLE `logicQuizSubmit` DISABLE KEYS */;

INSERT INTO `logicQuizSubmit` (`id`, `logicQuizId`, `scoreSheetId`, `startTime`, `endTime`)
VALUES
	(1,1,1,1500977066,1500977092),
	(2,1,2,1501035205,1501040362),
	(3,1,3,1501121392,1501121423),
	(5,1,4,1501121750,1501121838),
	(7,1,5,1501122185,1501122198),
	(9,1,6,1501122528,1501122548);

/*!40000 ALTER TABLE `logicQuizSubmit` ENABLE KEYS */;
UNLOCK TABLES;


# Dump of table logicSubmission
# ------------------------------------------------------------

DROP TABLE IF EXISTS `logicSubmission`;

CREATE TABLE `logicSubmission` (
  `id` int(11) NOT NULL AUTO_INCREMENT,
  `assignmentId` int(10) DEFAULT NULL,
  `quizId` int(11) DEFAULT NULL,
  `userId` int(11) DEFAULT NULL,
  `userAnswer` varchar(255) DEFAULT NULL,
  `submitTime` timestamp NULL DEFAULT CURRENT_TIMESTAMP,
  `isCorrect` int(11) DEFAULT NULL,
  `quizItemId` int(11) DEFAULT NULL,
  PRIMARY KEY (`id`)
) ENGINE=InnoDB DEFAULT CHARSET=utf8;

LOCK TABLES `logicSubmission` WRITE;
/*!40000 ALTER TABLE `logicSubmission` DISABLE KEYS */;

INSERT INTO `logicSubmission` (`id`, `assignmentId`, `quizId`, `userId`, `userAnswer`, `submitTime`, `isCorrect`, `quizItemId`)
VALUES
	(1,36,1,26,'4','2018-05-17 10:19:15',0,8975),
	(2,36,1,26,'3','2018-05-17 10:19:15',0,12295),
	(3,47,1,26,'5','2018-05-17 10:19:15',0,16393),
	(4,47,1,26,'3','2018-05-17 10:19:15',0,4732),
	(5,47,1,26,'6','2018-05-17 10:19:15',0,4206);

/*!40000 ALTER TABLE `logicSubmission` ENABLE KEYS */;
UNLOCK TABLES;


# Dump of table loginDetail
# ------------------------------------------------------------

DROP TABLE IF EXISTS `loginDetail`;

CREATE TABLE `loginDetail` (
  `id` int(11) NOT NULL AUTO_INCREMENT,
  `userId` int(11) NOT NULL,
  `token` varchar(32) COLLATE utf8_bin NOT NULL,
  `loginDate` int(11) NOT NULL,
  `logoutDate` int(11) DEFAULT NULL,
  `flag` int(11) NOT NULL,
  PRIMARY KEY (`id`)
) ENGINE=InnoDB DEFAULT CHARSET=utf8 COLLATE=utf8_bin;

LOCK TABLES `loginDetail` WRITE;
/*!40000 ALTER TABLE `loginDetail` DISABLE KEYS */;

INSERT INTO `loginDetail` (`id`, `userId`, `token`, `loginDate`, `logoutDate`, `flag`)
VALUES
	(1,1,X'3236353564643832643934376561373366666331303664346639653135323364',1500881916,1500884014,0),
	(2,1,X'6563363664356464316538366131313939313833623030633537336663343037',1500884014,1500884631,0),
	(3,1,X'3433343363383061323537363363383834663933323633656333353933366636',1500884631,1500904971,0),
	(4,1,X'3930383132343864396131663364643133313638646435383338343138363033',1500904971,1500910604,0),
	(5,1,X'3631633435356639333763373762343230393837356163386261643362663337',1500910604,1500948174,0),
	(6,1,X'3330333838336434646234616539393534386664663236393761366266643265',1500948174,1500948203,0),
	(7,1,X'6163306437356535303863626533333434643636326663396136303033633666',1500948203,1500948577,0),
	(8,1,X'3835613764633463613939613766363562353062666365356632393230646535',1500948577,1500948614,0),
	(9,1,X'6136613563316366346130326366666463393930306434333732383931333564',1500948614,1500949211,0);

/*!40000 ALTER TABLE `loginDetail` ENABLE KEYS */;
UNLOCK TABLES;


# Dump of table paper
# ------------------------------------------------------------

DROP TABLE IF EXISTS `paper`;

CREATE TABLE `paper` (
  `id` int(11) NOT NULL AUTO_INCREMENT,
  `makerId` int(11) NOT NULL,
  `paperName` varchar(128) COLLATE utf8_bin DEFAULT NULL,
  `description` varchar(255) COLLATE utf8_bin DEFAULT NULL,
  `createTime` int(11) DEFAULT NULL,
  `programId` int(11) DEFAULT NULL,
  PRIMARY KEY (`id`)
) ENGINE=InnoDB DEFAULT CHARSET=utf8 COLLATE=utf8_bin;

LOCK TABLES `paper` WRITE;
/*!40000 ALTER TABLE `paper` DISABLE KEYS */;

INSERT INTO `paper` (`id`, `makerId`, `paperName`, `description`, `createTime`, `programId`)
VALUES
	(1,1,X'E7ACACE4B880E5BCA0E8AF95E58DB7',X'E7ACACE4B880E5BCA0E8AF95E58DB7',1500905038,1),
	(2,1,X'6164736766',X'61776567666473767765776173',1500951159,1),
	(3,1,X'E5AE89E68A9AE4B8AA',X'E58F91E58DA1E890A8E4B881445356',1500951221,1),
	(4,1,X'7771726565',X'71777472713277',1500957756,1),
	(5,1,X'66472540',X'677434656473',1500957768,1),
	(6,1,X'E5AFB9E696B9E8BF87E5908EE5B0B1',X'E9A38EE6A0BCE58C96E68EA5E58FA3',1500957814,1),
	(7,1,X'E992A2E7BB93E69E84',X'E6B09BE59BB4E5928C',1500960032,1),
	(8,1,X'E788B1E8BFAAE7949FE8AEBEE8AEA1E8A784E88C83E5B0B1E79C8BE79C8B',X'E8A2ABE5AE89E685B04C4A4B474644',1500960204,1),
	(9,1,X'6661736E666A6B',X'6E66646B61736C6E66',1501121243,1),
	(10,1,X'7474',X'3637',1501122427,1),
	(11,1,X'727272',X'71776572747975',1501123499,1),
	(12,1,X'666666',X'66677968756A696B6F6C705B3B27',1501124420,1),
	(13,1,X'6F6F',X'6F6F6F6F6F6F6F6F',1501125805,1),
	(14,1,X'E99D9EE587A1E593A5',X'E99E8DE5B1B1E882A1E4BBBDE7ACACE4B889',1501126553,1),
	(15,1,X'E5A4A9E5A4A9E4BD93E882B2',X'E6B395E7BAA2E98592E88083E89991EFBC9BE2809820',1501126643,1),
	(16,1,X'79797979797979',X'6173646667686A6B6C',1501126779,1),
	(17,1,X'68666973617564',X'646672647473616875696A',1501127019,1),
	(18,1,X'6173646667686A6B6C',X'6173646667686A6B6C3B27',1501127125,1),
	(19,1,X'E7AE80E58D95E5AEA2E8A782E9A298E5928CE7BC96E7A88BE9A298',X'E79A84E58F8DE5BCB9E4B88EE6ACA7E699AE',1501127673,1),
	(21,1,X'6C6F676963',NULL,1501139473,1),
	(22,1,X'686F6D65776F726B',NULL,1501139591,1),
	(23,1,X'74747474',X'727272727272',1501140143,1),
	(24,1,X'66666666',X'74747474',1501140349,1),
	(25,1,X'79797979',X'797275776569',1501140748,1),
	(26,1,X'E599BCE599BCE595AAE595AA2031E588B020E7AE80E58D95E5AEA2E8A782E9A298',X'E78EA9E584BFE68EA8E593A6',1501141109,1),
	(27,1,X'74657374486F6D65776F726B',NULL,1501141167,1),
	(28,1,X'7465737432',NULL,1501141218,1),
	(29,1,X'7465737433',NULL,1501141992,1),
	(30,1,X'544553544E',NULL,1501142913,1),
	(31,1,X'746573744261736963',NULL,1501143246,1),
	(33,1,X'42414953432B484F4D45574F524B',NULL,1501143456,1),
	(35,1,X'6173646667686A6B',NULL,1501143699,1),
	(36,1,X'62616973632B6261736963',NULL,1501144057,1),
	(37,1,X'686F6D652B686F6D65',NULL,1501144116,1),
	(38,1,X'686F6D652B686F6D6532',NULL,1501144433,1),
	(39,1,X'686F6D65776F726B2B2B2B2B2B2B2B2B2B2B2B',NULL,1501144948,1),
	(40,1,X'7465737466696E',NULL,1501145137,1),
	(41,1,X'7474747474742D2D2D2D2D2D2D2D2D2D2D2D2D2D2D2D2D2D2D2D2D2D2D2D2D',NULL,1501150411,1),
	(42,1,X'747474747474743D3D3D3D3D3D3D3D3D3D3D3D3D3D3D3D3D3D3D3D3D3D3D',X'6173646667686A6B6C3B27',1501150571,1),
	(43,1,X'6261736963',X'6667686A6B6C3B6A6B6C3B',1501153745,4),
	(44,1,X'62617369632B6261736963',X'6667686A6B6C3B',1501208149,1),
	(45,1,X'6572747975696F70',X'6572747975696F7067686A6B6C',1501208264,1),
	(46,1,X'6C6F676963202B6261736963',X'64666E61736B6A6662',1501210460,1),
	(47,1,X'62617369632B6C6F676963',X'64666173646667656664',1501210570,4),
	(48,1,X'686F6D65776F726B',X'35743465727364',1501210823,4),
	(49,1,X'686F6D65776F726B32',X'73656472667467796875696A6F6B70',1501211269,4),
	(50,1,X'6C6F676963',X'74686973206973206C6F676963',1501212439,1),
	(51,1,X'6C6F676963202B686F6D65776F726B',X'776572747975696F705B5D',1501212474,1),
	(52,1,X'6C6F676963202B686F6D65776F726B202B6261736963',X'617365677420776535726466672072646665726466657264',1501212525,1),
	(53,1,X'6F6E6C79206C6F676963',X'7364667475696F706C3B27',1501234360,1),
	(54,1,X'6C6F676963202B206261736963',X'736564667467686A6B6C3B',1501234406,1),
	(55,1,X'686F6D65776F726B3132',X'776572747975696F70',1501234654,1),
	(56,1,X'6261736963',X'6672777973756168696A6F6B7A706C273B',1501234914,1),
	(57,1,X'62617369632B6C6F676963',X'617364666E6B6A67726E66',1501235006,1),
	(58,1,X'686F6D65776F726B',X'6466616E736A6C646B7A2E78',1501235039,1),
	(59,1,X'686F6D77776F676E66647370696F666B',X'61736472667475696F6C',1501235600,1),
	(60,1,X'686F6D65776F726B',X'66677769617568736C6B6A657166776C736B7A2E',1501236080,1),
	(61,1,X'686F6D65776F726B2B6261736963',X'72747975696F70',1501236189,4),
	(62,1,X'6261736963',X'666E61736A646B7A6A666573646B667364',1501236598,4),
	(63,1,X'686F6D65776F726B',X'6173646667686A6B6C3B27',1501237872,1),
	(64,1,X'686F6D65776F726B',X'666168697566646A686C6673647A6B786A736463786A6B64636A78647363786864736878',1501238207,4),
	(65,1,X'66776A64736B72656A6B64736B6A657264',X'65737475696F705B5D',1501238290,1),
	(66,1,X'676A666B64737A6B6C',X'6668646A736B6C7A3B',1501238909,1),
	(67,1,X'71673372656864736A6F7A6B705B657273696A6F6B',X'776572747938753969306F707265747975696A6F7265747975696F',1501239023,1),
	(68,1,X'746573742D6974656D',NULL,1501239257,1),
	(69,1,X'686F6D65776F726B2B6C6F6769632B6261736963',X'666E656A7273646B782C77656B736C2C65776B73',1501240448,1),
	(70,1,X'667368646A7A',X'68726A77656B61736C3B',1501242347,1),
	(71,1,X'7265756964737A6B6C2E656A6B732C78',X'33676865776A6B716C3B27',1501242480,4),
	(72,1,X'4C4F474943',X'46484955574F4A5341504B6C5B',1501242908,1),
	(73,1,X'6261736963',NULL,1501243033,1),
	(74,1,X'737464667767797964',X'6173676668',1501244774,4),
	(75,1,X'73646667686A',X'64736667786368',1501245005,4),
	(76,1,X'E6B58BE8AF95E980BBE8BE91E9A298',X'E6B58BE8AF95E980BBE8BE91E9A298',1501554919,1),
	(77,5,X'54657374717171',X'74657374',1511268219,3),
	(78,5,X'54657374717171',X'74657374',1511268219,3),
	(79,5,X'746573742D6D61',X'746573742D6D616D616D6D61',1511313919,4),
	(80,5,X'746573742D6D61',X'746573742D6D616D616D6D61',1511313919,4),
	(81,5,X'E6B58BE8AF95E8AF95E58DB7E4B880',X'686868682020E68891E698AFE6B58BE8AF95E8AF95E58DB7E4B880',1511331872,1),
	(82,5,X'E6B58BE8AF95E8AF95E58DB7E4B880',X'686868682020E68891E698AFE6B58BE8AF95E8AF95E58DB7E4B880',1511331872,1),
	(83,5,X'68',X'6666666666',1511336101,4),
	(84,5,X'68',X'6666666666',1511336101,4),
	(85,5,X'626262',X'626262',1511337859,4),
	(86,5,X'626262',X'626262',1511337859,4),
	(87,5,X'6A6661736B64',X'6661736A646B667A',1511343549,1),
	(88,5,X'68746D6C2B435353',X'68746D6C2B637373',1511409213,4),
	(89,5,X'68746D6C2B435353',X'68746D6C2B637373',1511409213,4),
	(90,5,X'E68891E698AFE5AEA2E8A782E9A298',X'E68891E58FAAE698AFE4B880E4B8AAE7AE80E58D95E79A84E6B58BE8AF95',1511751571,4),
	(91,5,X'E68891E698AFE5AEA2E8A782E9A298',X'E68891E58FAAE698AFE4B880E4B8AAE7AE80E58D95E79A84E6B58BE8AF95',1511751571,4),
	(92,5,X'746574657474657465',X'6661736664617366',1511765599,1),
	(93,5,X'746574657474657465',X'6661736664617366',1511765599,1),
	(94,5,X'77696F726874',X'6661736A66666173206667',1511794608,1),
	(95,5,X'E6B58BE8AF95E5A49AE4B8AAE98089E68BA9E9A298',X'E59388E59388E59388',1511835537,4),
	(96,5,X'E6B58BE8AF95E4B8BBE8A782E9A298',X'E6B58BE8AF95E4B8BBE8A782E9A298E79A84E68F8FE8BFB0',1511841087,4),
	(97,5,X'E4B889E7A78DE4BD93E59E8BE6B58BE8AF95',X'E4B889E7A78DE4BD93E59E8BE79A84E5A4A7E6B58BE8AF95',1511918148,4),
	(98,5,X'E4B8BBE8A782E9A298E7AD94E6A188E68F90E4BAA4E6B58BE8AF95',X'',1511920839,4),
	(99,5,X'E7BC96E7A88BE9A298E5928CE4B8BBE8A782E9A298E6B58BE8AF95',X'E6B58BE8AF95E6B58BE8AF95E5958A20',1511923731,4),
	(100,5,X'E5A4A7E6B58BE8AF95',X'E5A4A7E6B58BE8AF95',1511943253,4),
	(101,5,X'7A68756775616E7469',X'32313233313233',1511950783,4),
	(102,5,X'E998BFE890A8E5BEB7',X'20E998BFE890A8E5BEB7',1511951283,4),
	(103,5,X'E68891E58FAAE69C89E98089E68BA9E9A298',X'E68891E58FAAE69C89E98089E68BA9E9A298',1512004778,4),
	(104,5,X'E79C8BE79C8BE7AD94E6A188',X'313233',1512010465,1),
	(105,5,X'E6B58BE8AF95E98089E68BA9E9A298E7AD94E6A188E68F90E4BAA4',X'E5958A',1512021022,1),
	(106,5,X'E5AE8CE695B4E6B58BE8AF95E585A8E983A8E98089E68BA9E9A298E79A84E68F90E4BAA4',X'E59388E59388E59388',1512026014,4),
	(107,5,X'E6B58BE8AF95E5A1ABE7A9BAE9A298',X'E6B58BE8AF95E5A1ABE7A9BAE9A298E79A84',1512028625,1),
	(108,5,X'726576696577',X'323133313233',1512030480,4),
	(109,5,X'E5AEA2E8A782E9A298E5A4A7E6B58BE8AF95E5A4A7',NULL,1512039616,1),
	(110,5,X'E5868DE69DA5E4B880E5BCA0E5AEA2E8A782E9A298E6B58BE8AF95',X'E5868DE69DA5E4B880E5BCA0E5AEA2E8A782E9A298E6B58BE8AF95',1512040980,4),
	(111,5,X'E6B58BE8AF957475746F722073747564656E742073656374696F6E4C697374',X'73656374696F6E4C697374',1512350933,1),
	(112,5,X'E6B58BE8AF95E4B8BBE8A782E9A298',X'E6B58BE8AF95',1512436442,4),
	(113,5,X'E7BC96E7A88BE9A298',X'E7BC96E7A88BE9A298',1512461300,4),
	(114,5,X'E7BC96E7A88BE9A298',X'E7BC96E7A88BE9A298',1512461356,1),
	(115,5,X'E7BC96E7A88BE9A298313233',X'E7BC96E7A88BE9A298313233',1512461855,4),
	(116,5,X'E7BC96E7A88BE9A298313233',X'E7BC96E7A88BE9A298313233',1512461856,4),
	(117,5,X'E6B58BE8AF95E68980E69C89',X'E6B58BE8AF95E68980E69C89',1512526084,4),
	(118,5,X'E4B8BBE8A782E9A298',X'E6B58BE8AF95',1512530099,4),
	(119,5,X'E5B195E7A4BA',X'E5B195E7A4BA',1512541131,1),
	(120,5,X'73686F7763617365',X'73686F7763617365',1512542300,4),
	(121,5,X'7465737420686F6D65776F726B',X'7465737420686F6D65776F726B',1512610056,4),
	(122,5,X'E58D95E78BACE6B58BE8AF95E7BC96E7A88BE9A298',X'313233',1512614435,4),
	(123,5,X'5465737420666F72',X'E58F91E8BEBEE697B6E997B4E79A84E4BD9BE68C89E697B6E997B4E58F91E593A6E98081',1512890373,4),
	(124,5,X'6376637663766376',X'776F6D65206466616A732066646A696173206673642066646D61736B',1512894285,4),
	(125,5,X'E68891E79A84E7BC96E7A88BE9A298',X'E68891E79A84E7BC96E7A88BE9A298',1512896281,4),
	(126,5,X'6D7920686F6D65776F726B',X'6D7920686F6D65776F726B',1512955076,4),
	(127,5,X'7474747474',X'74747474747474',1512960752,4),
	(128,5,X'69696969696969696969696969696969696969',X'696969696969696969696969',1512960863,4),
	(129,5,X'E4B880E8B5B7E6B58BE5A1ABE7A9BAE9A298E7BC96E7A88BE9A298',X'E4B880E8B5B7E6B58BE5A1ABE7A9BAE9A298E7BC96E7A88BE9A298',1512984570,4),
	(130,5,X'E6B58BE8AF95E7BC96E7A88BE9A298',X'E6B58BE8AF95E7BC96E7A88BE9A298',1512984772,4),
	(131,5,X'77777777',X'77777777',1512988179,4),
	(132,5,X'E7BC96E7A88BE9A298E6B58BE8AF953131',X'E7BC96E7A88BE9A298E6B58BE8AF953131',1513041516,4),
	(133,5,X'E6B58BE8AF95E6B58BE8AF95E7BC96E7A88BE9A298',X'E6B58BE8AF95E6B58BE8AF95E7BC96E7A88BE9A298',1513041820,4),
	(134,5,X'E7BC96E7A88BE9A29831313131',X'E7BC96E7A88BE9A29831313131',1513045487,4),
	(135,5,X'E695B0E7BB84',X'E4BA86E8A7A3E695B0E7BB84E79A84E5B8B8E794A8E696B9E6B395',1513068797,4),
	(136,5,X'E695B0E7BB84',X'',1513069333,4),
	(137,5,X'E8BDAFE4BBB6E5928CE5B7A5E585B7',NULL,1513070029,4),
	(138,5,X'6D61726B646F776E20E79A84E4BDBFE794A8',X'',1513070135,4),
	(139,5,X'E7BC96E7A88BE9A298E79A84E6B58BE8AF95',X'E7BC96E7A88BE9A298E79A84E6B58BE8AF95',1513070798,4),
	(140,5,X'6A73E98089E68BA9E9A298',X'',1513074061,4),
	(141,5,X'4A61766153637269707420E5A1ABE7A9BAE9A298',NULL,1513074093,4),
	(142,5,X'4A61766153637269707420E7BC96E7A88BE9A298',NULL,1513074115,4),
	(143,5,X'E7BC96E7A88BE9A298E5AE8CE68890',X'E7BC96E7A88BE9A298E5AE8CE68890',1513128350,4),
	(144,5,X'E68891E69DA5E6B58BE8AF952070726F6772616D',X'',1513128706,1),
	(145,5,X'70726F6772616D2054657374',X'70726F6772616D2054657374',1513129957,4),
	(146,5,X'E5868DE6ACA1E6B58BE8AF95E7BC96E7A88BE9A298',X'E5868DE6ACA1E6B58BE8AF95E7BC96E7A88BE9A298',1513130153,4),
	(147,5,X'E5868DE69DA5E4B880E6ACA1',X'',1513130257,4),
	(148,5,X'E7BC96E7A88BE9A298313233343536',X'E7BC96E7A88BE9A298313233343536',1513130725,4),
	(149,5,X'616761696E',X'',1513140079,1),
	(150,5,X'74657374',X'74657374',1513152149,4),
	(151,5,X'E6B58BE8AF9520766964656F',X'',1513248457,4),
	(152,5,X'E5928BE6ACA1E6B58BE8AF9520766964656F',NULL,1513248790,1),
	(153,5,X'E59CA8E59CA8E59CA8E6ADA420766964656F',NULL,1513249054,1),
	(154,5,X'E8BF99E4B8AA20766964656F',NULL,1513249238,1),
	(155,5,X'E6B58BE8AF95E7BC96E7A88BE9A298E587BAE9A298',X'E6B58BE8AF95E7BC96E7A88BE9A298E587BAE9A298',1513313336,4),
	(156,5,X'E5A682E4BD95E68F90E997AE',X'',1513589543,4),
	(157,5,X'4D61726B646F776E20E4BDBFE794A8',NULL,1513591007,4),
	(158,31,X'32',NULL,1513646687,1),
	(159,5,X'7662',X'666173206661736466612076647366207777776565652063636363636363',1513835992,4),
	(160,5,X'63636363',X'6461666161736466',1513837409,4),
	(161,5,X'766564696F20746573742031',X'746573742031',1513841221,4),
	(162,5,X'766564696F2D7465737432',X'66646173666A61',1513842567,4),
	(163,5,X'492077616E7420746F2074657374',X'74686973206973206120706170657220666F722074657374',1513911519,5),
	(164,5,X'E7BC96E7A88BE9A298E59387',NULL,1513920997,5),
	(165,5,X'766564696F2033',X'746869732069732061207465737420666F7220766564696F',1514173693,4),
	(166,5,X'766564696F34',X'616673646667626473737367',1514173845,4),
	(167,5,X'766564696F35',X'7468697320697320612074657374',1514174368,4),
	(168,5,X'74696D7520',X'',1514174420,5),
	(169,5,X'E6B58BE8AF9520766964656F',NULL,1514174728,5),
	(170,5,X'E6B58BE8AF95E98089E68BA9E9A298',X'',1514176736,5),
	(171,5,X'31333432',NULL,1514177120,5),
	(172,5,X'E68891E698AFE98089E68BA9E9A298',X'',1514180480,5),
	(173,5,X'746573742074696D656F7574',X'66617366646473',1514202690,4),
	(174,5,X'74696D65206F75742032',X'6661736465776A73647A6A666B6C203B',1514203309,4),
	(175,5,X'6661736461',X'6766646862746473',1514203556,4),
	(176,31,X'E5BCA0E7949CE6B58BE8AF95E58DB7',NULL,1514252674,5),
	(177,5,X'E6B58BE8AF95E6ADBBE5BEAAE78EAF',X'E68891E8A681E6B58BE8AF95E6ADBBE5BEAAE78EAFE5958AE5958AE5958AE5958AE5958AE5958AE5958AE5958AE5958AE5958AE5958A',1514253657,4),
	(178,5,X'E6ADBBE5BEAAE78EAFE5958AE6ADBBE5BEAAE78EAF',X'492077616E7420746F2066696E69736820736920E5BEAAE78EAF20E5958AE5958AE5958AE5958AE5958AE5958AE5958AE5958AE5958A',1514253927,4),
	(179,5,X'E68891E8A681E6B58BE8AF95E6ADBBE5BEAAE78EAFE5958AEFBC8CE6ADBBE5BEAAE78EAF7E7E7E7E',X'E58F91E7949FE79A84E5BE88E69C89E6848FE4B989E69995E5A49AE88BA5E68980E68B96E4BB98E99499',1514254662,4),
	(180,5,X'E6B58BE8AF9574696D656F7574',X'644444514157494A20444548485157',1514256436,4),
	(181,5,X'E6B58BE8AF9574696D656F757441626F757420',X'E58F91E9A1BAE4B8B0E79A84E5A587E581B6E68891E5AE89E685B0E5B0B1E98081',1514258918,4),
	(182,5,X'E5868DE6B58B627567',X'666173646666666633716673',1514259587,4),
	(183,5,X'63766376',X'6664617366206774726577616473',1514263811,4),
	(184,31,X'E5BCA0E7949CE6B58BE8AF95E8AF95E58DB731',NULL,1514264062,5),
	(185,31,X'706F732D7631',X'',1514265209,5),
	(186,31,X'706F73E69CBA',NULL,1514265406,5),
	(187,31,X'E689BEE587BAE695B0E5AD97',NULL,1514265519,5),
	(188,31,X'E69C89E59BBEE78987E79A84E5AEA2E8A782E9A298E6B58BE8AF95',NULL,1514423528,5),
	(189,31,X'E6B58BE8AF957061706572E698BEE7A4BAE9878DE5A48D',NULL,1515028238,5),
	(190,31,X'E698BEE7A4BA706170657220E9878DE5A48D',X'',1515028312,5),
	(191,31,X'E59388E59388',NULL,1515117406,5),
	(192,5,X'6C656176652D6368696E61',X'64357472657773617A',1515121557,5),
	(193,5,X'E9A38EE68385E58CBAE58F91E79A84E5A4A7E69D80E59B9BE696B9',X'E58F91E7949FE698AFE590A6',1515424829,4),
	(194,5,X'4644415353',X'464153445A41',1515424927,4),
	(195,31,X'74657374206261736963',X'74657374206261736963',1515483335,4),
	(196,31,X'E68891E698AFE6B58BE8AF95E7AE80E58D95E5AEA2E8A782E9A298',X'E68891E698AFE6B58BE8AF95E7AE80E58D95E5AEA2E8A782E9A298',1515483420,4),
	(197,31,X'E6B58BE8AF95E4BFAEE694B9',X'E6B58BE8AF95E4BFAEE694B9',1515483856,5),
	(198,5,X'E68980E69C89E7B1BBE59E8BE6B58BE8AF95',X'E68980E69C89E7B1BBE59E8BE6B58BE8AF95',1516085365,5),
	(199,31,X'E6B58BE8AF95E98089E68BA9E9A298E6ADA3E7A1AEE78E87',NULL,1516257530,5),
	(200,5,X'746573742D73746167696E67',X'746573742D73746167696E67',1516347331,5),
	(201,5,X'74657374',X'31',1517360692,5),
	(202,5,X'74657374',X'31',1517361571,5),
	(203,5,X'74657374',X'313233343536',1517361849,5),
	(204,5,X'3132',X'3132',1517361903,5),
	(205,31,X'E5A1ABE7A9BAE9A298',X'',1517987894,5),
	(206,5,X'71',X'7177',1518057795,1),
	(207,5,X'31',NULL,1518057925,1),
	(208,31,X'6571',X'7165',1519355475,2),
	(209,31,X'646F7571696E6754657374',X'74657374',1519361117,2),
	(210,31,X'67726568756677646166',X'666473617A6434677265667761',1519365839,5),
	(211,31,X'6461666166',X'6166616466',1519366972,5),
	(212,5,X'E7BC96E7A88BE9A298E59BBEE78987',X'E7BC96E7A88BE9A298E59BBEE78987E6B58BE8AF95',1519456552,5),
	(213,31,X'E6B58BE8AF9520E698BEE7A4BA206D617374657220E58886E694AF20524541444D45',NULL,1519610783,5),
	(214,5,X'7465737420616C6C207175697A',X'7465737420616C6C207175697A',1520569118,5),
	(215,5,X'74657374202D20E98089E68BA9E9A298E698BEE7A4BAE4B88DE587BAE69DA5',X'',1520819000,5),
	(216,5,X'7465737420E6B7B7E59088E98089E68BA9E9A298',X'',1520819682,5),
	(217,5,X'E4B8BBE8A782E9A298E6B58BE8AF95',NULL,1520911783,5),
	(218,5,X'7465737420686F6D65776F726B',X'7465737420686F6D65776F726B',1521106865,5),
	(219,5,X'74657374',NULL,1522027308,2),
	(220,5,X'E5B094E586ACE58D87',X'E68993E69292E4BB98E4BB98E4BB98E4BB98E58F91E5A5A5',1522070554,1),
	(221,5,X'E8BF99E698AFE4B880E98193E980BBE8BE91E9A298E6B58BE8AF95',X'',1522121381,2),
	(222,5,X'E6B58BE8AF9573746167696E67',X'',1522128307,1),
	(223,5,X'E6B58BE6B58BE6B58BE6B58B',X'E6B58BE6B58BE6B58BE6B58B',1522128729,5),
	(224,5,X'E6B58BE6B58BE6B58BE6B58B',X'E6B58BE6B58BE6B58BE6B58B',1522139646,5),
	(225,5,X'E6B58BE8AF95E8B081E698AFE8B081',X'E6B58BE8AF95E8B081E698AFE8B081',1522139682,5),
	(226,5,X'E6B58BE8AF956173646173',X'',1522153358,1),
	(227,5,X'E998BFE696AFE9A1BFE5868DE69DA5E4B880E5BCA0E8AF95E58DB7',X'E6B58BE8AF95E998BFE696AFE9A1BF',1522202007,5),
	(228,31,X'74657374317171717171',NULL,1523526079,5),
	(229,31,X'6C616C616C616C6C616C616C6C61',NULL,1523531872,5),
	(230,5,X'E6B58BE8AF95E4B8A4E4B8AA73656374696F6E20E983BDE698AFE4B8BBE8A782E9A298',X'E59088E8AEAEE5BAADE783ADE5A4A7E99B81E5A194E783ADE6B0B4',1523583545,5);

/*!40000 ALTER TABLE `paper` ENABLE KEYS */;
UNLOCK TABLES;


# Dump of table paperOperation
# ------------------------------------------------------------

DROP TABLE IF EXISTS `paperOperation`;

CREATE TABLE `paperOperation` (
  `id` int(11) NOT NULL AUTO_INCREMENT,
  `operatorId` int(11) NOT NULL,
  `operatingTime` int(11) NOT NULL,
  `paperId` int(11) NOT NULL,
  `operationType` enum('DELETE','DISTRIBUTION','UNDISTRIBUTION') COLLATE utf8_bin DEFAULT NULL,
  PRIMARY KEY (`id`)
) ENGINE=InnoDB DEFAULT CHARSET=utf8 COLLATE=utf8_bin;

LOCK TABLES `paperOperation` WRITE;
/*!40000 ALTER TABLE `paperOperation` DISABLE KEYS */;

INSERT INTO `paperOperation` (`id`, `operatorId`, `operatingTime`, `paperId`, `operationType`)
VALUES
	(1,1,1500905038,1,X'444953545249425554494F4E'),
	(2,1,1500951159,2,X'444953545249425554494F4E'),
	(3,1,1500951221,3,X'444953545249425554494F4E'),
	(4,1,1500951258,3,X'44454C455445'),
	(5,1,1500957756,4,X'444953545249425554494F4E'),
	(6,1,1500957768,5,X'444953545249425554494F4E'),
	(7,1,1500957814,6,X'444953545249425554494F4E'),
	(8,1,1500960032,7,X'444953545249425554494F4E'),
	(9,1,1500960204,8,X'444953545249425554494F4E'),
	(10,1,1501121243,9,X'444953545249425554494F4E'),
	(11,1,1501122427,10,X'444953545249425554494F4E'),
	(12,1,1501123499,11,X'444953545249425554494F4E'),
	(13,1,1501124420,12,X'444953545249425554494F4E'),
	(14,1,1501125805,13,X'444953545249425554494F4E'),
	(15,1,1501126553,14,X'444953545249425554494F4E'),
	(16,1,1501126643,15,X'444953545249425554494F4E'),
	(17,1,1501126779,16,X'444953545249425554494F4E'),
	(18,1,1501126988,7,X'44454C455445'),
	(19,1,1501126988,8,X'44454C455445'),
	(20,1,1501126988,10,X'44454C455445'),
	(21,1,1501126988,9,X'44454C455445'),
	(22,1,1501126988,11,X'44454C455445'),
	(23,1,1501127006,5,X'44454C455445'),
	(24,1,1501127006,2,X'44454C455445'),
	(25,1,1501127006,4,X'44454C455445'),
	(26,1,1501127006,12,X'44454C455445'),
	(27,1,1501127006,13,X'44454C455445'),
	(28,1,1501127006,1,X'44454C455445'),
	(29,1,1501127006,14,X'44454C455445'),
	(30,1,1501127019,17,X'444953545249425554494F4E'),
	(31,1,1501127125,18,X'444953545249425554494F4E'),
	(32,1,1501127673,19,X'444953545249425554494F4E'),
	(33,1,1501128135,20,X'444953545249425554494F4E'),
	(34,1,1501139473,21,X'444953545249425554494F4E'),
	(35,1,1501139591,22,X'444953545249425554494F4E'),
	(36,1,1501139981,6,X'44454C455445'),
	(37,1,1501139981,17,X'44454C455445'),
	(38,1,1501139981,15,X'44454C455445'),
	(39,1,1501139981,16,X'44454C455445'),
	(40,1,1501139981,18,X'44454C455445'),
	(41,1,1501139981,21,X'44454C455445'),
	(42,1,1501140143,23,X'444953545249425554494F4E'),
	(43,1,1501140349,24,X'444953545249425554494F4E'),
	(44,1,1501140748,25,X'444953545249425554494F4E'),
	(45,1,1501141109,26,X'444953545249425554494F4E'),
	(46,1,1501141167,27,X'444953545249425554494F4E'),
	(47,1,1501141218,28,X'444953545249425554494F4E'),
	(48,1,1501141992,29,X'444953545249425554494F4E'),
	(49,1,1501142913,30,X'444953545249425554494F4E'),
	(50,1,1501143246,31,X'444953545249425554494F4E'),
	(51,1,1501143335,32,X'444953545249425554494F4E'),
	(52,1,1501143456,33,X'444953545249425554494F4E'),
	(53,1,1501143647,34,X'444953545249425554494F4E'),
	(54,1,1501143699,35,X'444953545249425554494F4E'),
	(55,1,1501144057,36,X'444953545249425554494F4E'),
	(56,1,1501144116,37,X'444953545249425554494F4E'),
	(57,1,1501144433,38,X'444953545249425554494F4E'),
	(58,1,1501144948,39,X'444953545249425554494F4E'),
	(59,1,1501145137,40,X'444953545249425554494F4E'),
	(60,1,1501150411,41,X'444953545249425554494F4E'),
	(61,1,1501150571,42,X'444953545249425554494F4E'),
	(62,1,1501151271,42,X'44454C455445'),
	(63,1,1501151273,41,X'44454C455445'),
	(64,1,1501151273,42,X'44454C455445'),
	(65,1,1501151288,42,X'44454C455445'),
	(66,1,1501151288,41,X'44454C455445'),
	(67,1,1501151298,41,X'44454C455445'),
	(68,1,1501151298,42,X'44454C455445'),
	(69,1,1501151312,29,X'44454C455445'),
	(70,1,1501151312,26,X'44454C455445'),
	(71,1,1501151312,28,X'44454C455445'),
	(72,1,1501151312,27,X'44454C455445'),
	(73,1,1501151326,25,X'44454C455445'),
	(74,1,1501151326,23,X'44454C455445'),
	(75,1,1501151326,24,X'44454C455445'),
	(76,1,1501151326,22,X'44454C455445'),
	(77,1,1501151337,39,X'44454C455445'),
	(78,1,1501151337,40,X'44454C455445'),
	(79,1,1501151342,35,X'44454C455445'),
	(80,1,1501153745,43,X'444953545249425554494F4E'),
	(81,1,1501208149,44,X'444953545249425554494F4E'),
	(82,1,1501208264,45,X'444953545249425554494F4E'),
	(83,1,1501210460,46,X'444953545249425554494F4E'),
	(84,1,1501210570,47,X'444953545249425554494F4E'),
	(85,1,1501210823,48,X'444953545249425554494F4E'),
	(86,1,1501211269,49,X'444953545249425554494F4E'),
	(87,1,1501211719,38,X'44454C455445'),
	(88,1,1501211726,38,X'44454C455445'),
	(89,1,1501211726,30,X'44454C455445'),
	(90,1,1501211733,30,X'44454C455445'),
	(91,1,1501211733,38,X'44454C455445'),
	(92,1,1501211741,38,X'44454C455445'),
	(93,1,1501211741,30,X'44454C455445'),
	(94,1,1501211749,38,X'44454C455445'),
	(95,1,1501211749,30,X'44454C455445'),
	(96,1,1501211771,19,X'44454C455445'),
	(97,1,1501211929,31,X'44454C455445'),
	(98,1,1501211954,36,X'44454C455445'),
	(99,1,1501211954,33,X'44454C455445'),
	(100,1,1501212378,43,X'44454C455445'),
	(101,1,1501212378,44,X'44454C455445'),
	(102,1,1501212439,50,X'444953545249425554494F4E'),
	(103,1,1501212474,51,X'444953545249425554494F4E'),
	(104,1,1501212525,52,X'444953545249425554494F4E'),
	(105,1,1501212557,37,X'44454C455445'),
	(106,1,1501212557,45,X'44454C455445'),
	(107,1,1501234360,53,X'444953545249425554494F4E'),
	(108,1,1501234406,54,X'444953545249425554494F4E'),
	(109,1,1501234654,55,X'444953545249425554494F4E'),
	(110,1,1501234914,56,X'444953545249425554494F4E'),
	(111,1,1501235006,57,X'444953545249425554494F4E'),
	(112,1,1501235039,58,X'444953545249425554494F4E'),
	(113,1,1501235600,59,X'444953545249425554494F4E'),
	(114,1,1501236080,60,X'444953545249425554494F4E'),
	(115,1,1501236189,61,X'444953545249425554494F4E'),
	(116,1,1501236598,62,X'444953545249425554494F4E'),
	(117,1,1501237872,63,X'444953545249425554494F4E'),
	(118,1,1501238207,64,X'444953545249425554494F4E'),
	(119,1,1501238290,65,X'444953545249425554494F4E'),
	(120,1,1501238909,66,X'444953545249425554494F4E'),
	(121,1,1501239023,67,X'444953545249425554494F4E'),
	(122,1,1501239257,68,X'444953545249425554494F4E'),
	(123,1,1501240448,69,X'444953545249425554494F4E'),
	(124,1,1501242347,70,X'444953545249425554494F4E'),
	(125,1,1501242480,71,X'444953545249425554494F4E'),
	(126,1,1501242879,69,X'44454C455445'),
	(127,1,1501242908,72,X'444953545249425554494F4E'),
	(128,1,1501243033,73,X'444953545249425554494F4E'),
	(129,1,1501244774,74,X'444953545249425554494F4E'),
	(130,1,1501245005,75,X'444953545249425554494F4E'),
	(131,1,1501554919,76,X'444953545249425554494F4E'),
	(132,5,1511268219,77,X'444953545249425554494F4E'),
	(133,5,1511268219,78,X'444953545249425554494F4E'),
	(134,5,1511268532,75,X'44454C455445'),
	(135,5,1511313919,79,X'444953545249425554494F4E'),
	(136,5,1511313919,80,X'444953545249425554494F4E'),
	(137,5,1511331872,81,X'444953545249425554494F4E'),
	(138,5,1511331872,82,X'444953545249425554494F4E'),
	(139,5,1511336101,83,X'444953545249425554494F4E'),
	(140,5,1511336101,84,X'444953545249425554494F4E'),
	(141,5,1511337859,85,X'444953545249425554494F4E'),
	(142,5,1511337859,86,X'444953545249425554494F4E'),
	(143,5,1511343549,87,X'444953545249425554494F4E'),
	(144,5,1511409213,88,X'444953545249425554494F4E'),
	(145,5,1511409213,89,X'444953545249425554494F4E'),
	(146,5,1511751571,90,X'444953545249425554494F4E'),
	(147,5,1511751571,91,X'444953545249425554494F4E'),
	(148,5,1511765599,92,X'444953545249425554494F4E'),
	(149,5,1511765599,93,X'444953545249425554494F4E'),
	(150,5,1511794608,94,X'444953545249425554494F4E'),
	(151,5,1511835537,95,X'444953545249425554494F4E'),
	(152,5,1511841087,96,X'444953545249425554494F4E'),
	(153,5,1511918148,97,X'444953545249425554494F4E'),
	(154,5,1511920839,98,X'444953545249425554494F4E'),
	(155,5,1511923731,99,X'444953545249425554494F4E'),
	(156,5,1511943253,100,X'444953545249425554494F4E'),
	(157,5,1511950783,101,X'444953545249425554494F4E'),
	(158,5,1511951283,102,X'444953545249425554494F4E'),
	(159,5,1512004778,103,X'444953545249425554494F4E'),
	(160,5,1512010465,104,X'444953545249425554494F4E'),
	(161,5,1512021022,105,X'444953545249425554494F4E'),
	(162,5,1512026014,106,X'444953545249425554494F4E'),
	(163,5,1512028625,107,X'444953545249425554494F4E'),
	(164,5,1512030480,108,X'444953545249425554494F4E'),
	(165,5,1512039616,109,X'444953545249425554494F4E'),
	(166,5,1512040980,110,X'444953545249425554494F4E'),
	(167,5,1512350933,111,X'444953545249425554494F4E'),
	(168,5,1512436442,112,X'444953545249425554494F4E'),
	(169,5,1512461300,113,X'444953545249425554494F4E'),
	(170,5,1512461356,114,X'444953545249425554494F4E'),
	(171,5,1512461855,115,X'444953545249425554494F4E'),
	(172,5,1512461856,116,X'444953545249425554494F4E'),
	(173,5,1512526084,117,X'444953545249425554494F4E'),
	(174,5,1512530099,118,X'444953545249425554494F4E'),
	(175,5,1512541131,119,X'444953545249425554494F4E'),
	(176,5,1512542300,120,X'444953545249425554494F4E'),
	(177,5,1512610056,121,X'444953545249425554494F4E'),
	(178,5,1512614435,122,X'444953545249425554494F4E'),
	(179,5,1512890373,123,X'444953545249425554494F4E'),
	(180,5,1512894285,124,X'444953545249425554494F4E'),
	(181,5,1512896281,125,X'444953545249425554494F4E'),
	(182,5,1512955076,126,X'444953545249425554494F4E'),
	(183,5,1512960752,127,X'444953545249425554494F4E'),
	(184,5,1512960863,128,X'444953545249425554494F4E'),
	(185,5,1512984570,129,X'444953545249425554494F4E'),
	(186,5,1512984772,130,X'444953545249425554494F4E'),
	(187,5,1512988179,131,X'444953545249425554494F4E'),
	(188,5,1513041516,132,X'444953545249425554494F4E'),
	(189,5,1513041820,133,X'444953545249425554494F4E'),
	(190,5,1513045487,134,X'444953545249425554494F4E'),
	(191,5,1513068797,135,X'444953545249425554494F4E'),
	(192,5,1513069333,136,X'444953545249425554494F4E'),
	(193,5,1513070029,137,X'444953545249425554494F4E'),
	(194,5,1513070135,138,X'444953545249425554494F4E'),
	(195,5,1513070798,139,X'444953545249425554494F4E'),
	(196,5,1513074061,140,X'444953545249425554494F4E'),
	(197,5,1513074093,141,X'444953545249425554494F4E'),
	(198,5,1513074115,142,X'444953545249425554494F4E'),
	(199,5,1513128350,143,X'444953545249425554494F4E'),
	(200,5,1513128706,144,X'444953545249425554494F4E'),
	(201,5,1513129957,145,X'444953545249425554494F4E'),
	(202,5,1513130153,146,X'444953545249425554494F4E'),
	(203,5,1513130257,147,X'444953545249425554494F4E'),
	(204,5,1513130725,148,X'444953545249425554494F4E'),
	(205,5,1513140079,149,X'444953545249425554494F4E'),
	(206,5,1513152149,150,X'444953545249425554494F4E'),
	(207,5,1513248457,151,X'444953545249425554494F4E'),
	(208,5,1513248790,152,X'444953545249425554494F4E'),
	(209,5,1513249054,153,X'444953545249425554494F4E'),
	(210,5,1513249238,154,X'444953545249425554494F4E'),
	(211,5,1513313336,155,X'444953545249425554494F4E'),
	(212,5,1513589543,156,X'444953545249425554494F4E'),
	(213,5,1513591007,157,X'444953545249425554494F4E'),
	(214,31,1513646687,158,X'444953545249425554494F4E'),
	(215,5,1513835992,159,X'444953545249425554494F4E'),
	(216,5,1513837409,160,X'444953545249425554494F4E'),
	(217,5,1513841221,161,X'444953545249425554494F4E'),
	(218,5,1513842567,162,X'444953545249425554494F4E'),
	(219,5,1513911519,163,X'444953545249425554494F4E'),
	(220,5,1513920997,164,X'444953545249425554494F4E'),
	(221,5,1514173693,165,X'444953545249425554494F4E'),
	(222,5,1514173845,166,X'444953545249425554494F4E'),
	(223,5,1514174368,167,X'444953545249425554494F4E'),
	(224,5,1514174420,168,X'444953545249425554494F4E'),
	(225,5,1514174728,169,X'444953545249425554494F4E'),
	(226,5,1514176736,170,X'444953545249425554494F4E'),
	(227,5,1514177120,171,X'444953545249425554494F4E'),
	(228,5,1514180480,172,X'444953545249425554494F4E'),
	(229,5,1514202690,173,X'444953545249425554494F4E'),
	(230,5,1514203309,174,X'444953545249425554494F4E'),
	(231,5,1514203556,175,X'444953545249425554494F4E'),
	(232,31,1514252674,176,X'444953545249425554494F4E'),
	(233,5,1514253657,177,X'444953545249425554494F4E'),
	(234,5,1514253927,178,X'444953545249425554494F4E'),
	(235,5,1514254662,179,X'444953545249425554494F4E'),
	(236,5,1514256436,180,X'444953545249425554494F4E'),
	(237,5,1514258918,181,X'444953545249425554494F4E'),
	(238,5,1514259587,182,X'444953545249425554494F4E'),
	(239,5,1514263811,183,X'444953545249425554494F4E'),
	(240,31,1514264062,184,X'444953545249425554494F4E'),
	(241,31,1514265209,185,X'444953545249425554494F4E'),
	(242,31,1514265406,186,X'444953545249425554494F4E'),
	(243,31,1514265519,187,X'444953545249425554494F4E'),
	(244,31,1514423528,188,X'444953545249425554494F4E'),
	(245,31,1515028238,189,X'444953545249425554494F4E'),
	(246,31,1515028312,190,X'444953545249425554494F4E'),
	(247,31,1515117406,191,X'444953545249425554494F4E'),
	(248,5,1515121557,192,X'444953545249425554494F4E'),
	(249,5,1515424829,193,X'444953545249425554494F4E'),
	(250,5,1515424927,194,X'444953545249425554494F4E'),
	(251,31,1515483335,195,X'444953545249425554494F4E'),
	(252,31,1515483420,196,X'444953545249425554494F4E'),
	(253,31,1515483856,197,X'444953545249425554494F4E'),
	(254,5,1516085365,198,X'444953545249425554494F4E'),
	(255,31,1516257530,199,X'444953545249425554494F4E'),
	(256,5,1516347331,200,X'444953545249425554494F4E'),
	(257,5,1517360692,201,X'444953545249425554494F4E'),
	(258,5,1517361554,201,X'44454C455445'),
	(259,5,1517361571,202,X'444953545249425554494F4E'),
	(260,5,1517361849,203,X'444953545249425554494F4E'),
	(261,5,1517361903,204,X'444953545249425554494F4E'),
	(262,5,1517361955,204,X'44454C455445'),
	(263,31,1517987894,205,X'444953545249425554494F4E'),
	(264,5,1518057795,206,X'444953545249425554494F4E'),
	(265,5,1518057925,207,X'444953545249425554494F4E'),
	(266,31,1519355475,208,X'444953545249425554494F4E'),
	(267,31,1519361117,209,X'444953545249425554494F4E'),
	(268,31,1519365839,210,X'444953545249425554494F4E'),
	(269,31,1519366972,211,X'444953545249425554494F4E'),
	(270,5,1519456552,212,X'444953545249425554494F4E'),
	(271,31,1519610783,213,X'444953545249425554494F4E'),
	(272,5,1520569118,214,X'444953545249425554494F4E'),
	(273,5,1520819000,215,X'444953545249425554494F4E'),
	(274,5,1520819682,216,X'444953545249425554494F4E'),
	(275,5,1520911783,217,X'444953545249425554494F4E'),
	(276,5,1521106865,218,X'444953545249425554494F4E'),
	(277,5,1522027308,219,X'444953545249425554494F4E'),
	(278,5,1522070554,220,X'444953545249425554494F4E'),
	(279,5,1522121381,221,X'444953545249425554494F4E'),
	(280,5,1522128307,222,X'444953545249425554494F4E'),
	(281,5,1522128542,219,X'44454C455445'),
	(282,5,1522128729,223,X'444953545249425554494F4E'),
	(283,5,1522139646,224,X'444953545249425554494F4E'),
	(284,5,1522139682,225,X'444953545249425554494F4E'),
	(285,5,1522153358,226,X'444953545249425554494F4E'),
	(286,5,1522202007,227,X'444953545249425554494F4E'),
	(287,31,1523526079,228,X'444953545249425554494F4E'),
	(288,31,1523531872,229,X'444953545249425554494F4E'),
	(289,5,1523583545,230,X'444953545249425554494F4E');

/*!40000 ALTER TABLE `paperOperation` ENABLE KEYS */;
UNLOCK TABLES;


# Dump of table passwordRetrieveDetail
# ------------------------------------------------------------

DROP TABLE IF EXISTS `passwordRetrieveDetail`;

CREATE TABLE `passwordRetrieveDetail` (
  `id` int(11) NOT NULL AUTO_INCREMENT,
  `email` varchar(100) COLLATE utf8_bin NOT NULL,
  `token` varchar(32) COLLATE utf8_bin DEFAULT NULL,
  `retrieveDate` int(11) DEFAULT NULL,
  PRIMARY KEY (`id`),
  UNIQUE KEY `email` (`email`)
) ENGINE=InnoDB DEFAULT CHARSET=utf8 COLLATE=utf8_bin;



# Dump of table programs
# ------------------------------------------------------------

DROP TABLE IF EXISTS `programs`;

CREATE TABLE `programs` (
  `id` int(11) NOT NULL AUTO_INCREMENT,
  `name` varchar(100) COLLATE utf8_bin NOT NULL,
  `makerId` int(11) DEFAULT NULL,
  `uriEnable` tinyint(1) DEFAULT NULL,
  `code` varchar(32) COLLATE utf8_bin DEFAULT NULL,
  `codeEnable` tinyint(1) DEFAULT NULL,
  `type` varchar(128) COLLATE utf8_bin DEFAULT NULL,
  `description` varchar(255) COLLATE utf8_bin DEFAULT NULL,
  PRIMARY KEY (`id`)
) ENGINE=InnoDB DEFAULT CHARSET=utf8 COLLATE=utf8_bin;

LOCK TABLES `programs` WRITE;
/*!40000 ALTER TABLE `programs` DISABLE KEYS */;

INSERT INTO `programs` (`id`, `name`, `makerId`, `uriEnable`, `code`, `codeEnable`, `type`, `description`)
VALUES
	(1,X'E696B0E6898BE68C87E58D97',1,1,X'4433433045353839324232373437443038313244464331453530434137374235',1,X'6578616D',X'E696B0E6898BE68C87E58D97'),
	(2,X'4433433045353839324232373437443038313244464331453530434137374235',1,1,X'4539373932323641444535453434304542463233324431454437373238444532',1,X'6578616D',X'E591BCE591BCE591BC'),
	(3,X'616E6479',1,1,X'3639464541433039443639433446393542384534303131324341423145304138',1,X'7072616374696365',X'71776572747975696F70'),
	(4,X'70726163746963652074657374',1,1,X'3143434237303838323537323439394538354446384146373046424244303844',1,X'7072616374696365',X'68666473616B6668'),
	(5,X'E4BBBBE58AA1E58DA1E8AF95E58DB7E99B865B73746167696E675D',31,1,X'3534323735444444343434423445444539423735343232333836444332413542',1,X'7072616374696365',X'E4BBBBE58AA1E58DA1E7B3BBE7BB9FE79A84E8AF95E58DB7E983BDE99C80E8A681E694BEE59CA8E8BF99'),
	(6,X'E980BBE8BE91E9A298E6B58BE8AF95',5,1,X'3631304535383146393443363441413738453944314244464238343339434632',1,X'6578616D',X'E6B58BE8AF95');

/*!40000 ALTER TABLE `programs` ENABLE KEYS */;
UNLOCK TABLES;


# Dump of table quiz
# ------------------------------------------------------------

DROP TABLE IF EXISTS `quiz`;

CREATE TABLE `quiz` (
  `id` int(11) NOT NULL AUTO_INCREMENT,
  `quizId` int(11) DEFAULT NULL,
  `type` varchar(225) DEFAULT NULL,
  PRIMARY KEY (`id`)
) ENGINE=InnoDB DEFAULT CHARSET=utf8;

LOCK TABLES `quiz` WRITE;
/*!40000 ALTER TABLE `quiz` DISABLE KEYS */;

INSERT INTO `quiz` (`id`, `quizId`, `type`)
VALUES
	(1,54,'SINGLE_CHOICE'),
	(2,55,'SINGLE_CHOICE'),
	(3,56,'SINGLE_CHOICE'),
	(4,57,'SINGLE_CHOICE'),
	(5,58,'SINGLE_CHOICE'),
	(6,59,'SINGLE_CHOICE'),
	(7,60,'SINGLE_CHOICE'),
	(8,61,'SINGLE_CHOICE'),
	(9,62,'SINGLE_CHOICE'),
	(10,63,'SINGLE_CHOICE'),
	(11,64,'SINGLE_CHOICE'),
	(12,65,'SINGLE_CHOICE'),
	(13,66,'SINGLE_CHOICE'),
	(14,67,'SINGLE_CHOICE'),
	(15,68,'SINGLE_CHOICE'),
	(16,69,'SINGLE_CHOICE'),
	(17,70,'SINGLE_CHOICE'),
	(18,85,'MULTIPLE_CHOICE'),
	(19,86,'MULTIPLE_CHOICE'),
	(20,87,'MULTIPLE_CHOICE'),
	(21,88,'MULTIPLE_CHOICE'),
	(22,89,'MULTIPLE_CHOICE'),
	(23,90,'MULTIPLE_CHOICE'),
	(24,91,'MULTIPLE_CHOICE'),
	(25,92,'MULTIPLE_CHOICE'),
	(26,93,'MULTIPLE_CHOICE'),
	(27,100,'BASIC_BLANK_QUIZ'),
	(28,101,'BASIC_BLANK_QUIZ'),
	(29,102,'BASIC_BLANK_QUIZ'),
	(30,103,'BASIC_BLANK_QUIZ'),
	(31,104,'BASIC_BLANK_QUIZ'),
	(32,105,'BASIC_BLANK_QUIZ'),
	(33,106,'BASIC_BLANK_QUIZ'),
	(34,107,'BASIC_BLANK_QUIZ'),
	(35,108,'BASIC_BLANK_QUIZ'),
	(36,109,'BASIC_BLANK_QUIZ'),
	(37,110,'BASIC_BLANK_QUIZ'),
	(38,111,'BASIC_BLANK_QUIZ'),
	(39,112,'BASIC_BLANK_QUIZ'),
	(40,113,'BASIC_BLANK_QUIZ'),
	(41,114,'BASIC_BLANK_QUIZ'),
	(42,115,'BASIC_BLANK_QUIZ'),
	(43,116,'BASIC_BLANK_QUIZ'),
	(44,117,'BASIC_BLANK_QUIZ'),
	(45,118,'BASIC_BLANK_QUIZ'),
	(46,119,'BASIC_BLANK_QUIZ'),
	(47,120,'BASIC_BLANK_QUIZ'),
	(48,121,'BASIC_BLANK_QUIZ'),
	(49,122,'BASIC_BLANK_QUIZ'),
	(50,123,'BASIC_BLANK_QUIZ'),
	(51,124,'BASIC_BLANK_QUIZ'),
	(52,125,'BASIC_BLANK_QUIZ'),
	(53,126,'BASIC_BLANK_QUIZ'),
	(54,127,'BASIC_BLANK_QUIZ'),
	(55,128,'BASIC_BLANK_QUIZ'),
	(56,129,'BASIC_BLANK_QUIZ'),
	(57,130,'BASIC_BLANK_QUIZ'),
	(58,131,'BASIC_BLANK_QUIZ'),
	(59,132,'BASIC_BLANK_QUIZ'),
	(60,133,'BASIC_BLANK_QUIZ'),
	(61,134,'BASIC_BLANK_QUIZ'),
	(62,135,'BASIC_BLANK_QUIZ'),
	(63,136,'BASIC_BLANK_QUIZ'),
	(64,137,'BASIC_BLANK_QUIZ'),
	(65,138,'BASIC_BLANK_QUIZ'),
	(66,139,'BASIC_BLANK_QUIZ'),
	(67,140,'BASIC_BLANK_QUIZ'),
	(68,141,'BASIC_BLANK_QUIZ'),
	(69,142,'BASIC_BLANK_QUIZ'),
	(70,143,'BASIC_BLANK_QUIZ'),
	(71,144,'BASIC_BLANK_QUIZ'),
	(72,145,'BASIC_BLANK_QUIZ'),
	(73,146,'BASIC_BLANK_QUIZ'),
	(74,147,'BASIC_BLANK_QUIZ'),
	(75,148,'BASIC_BLANK_QUIZ'),
	(76,149,'BASIC_BLANK_QUIZ'),
	(77,150,'BASIC_BLANK_QUIZ'),
	(78,151,'BASIC_BLANK_QUIZ'),
	(79,152,'BASIC_BLANK_QUIZ'),
	(80,153,'BASIC_BLANK_QUIZ'),
	(81,154,'BASIC_BLANK_QUIZ'),
	(82,155,'BASIC_BLANK_QUIZ'),
	(83,156,'BASIC_BLANK_QUIZ'),
	(84,157,'BASIC_BLANK_QUIZ'),
	(85,158,'BASIC_BLANK_QUIZ'),
	(86,159,'BASIC_BLANK_QUIZ'),
	(87,160,'BASIC_BLANK_QUIZ'),
	(88,161,'BASIC_BLANK_QUIZ'),
	(89,162,'BASIC_BLANK_QUIZ'),
	(90,163,'BASIC_BLANK_QUIZ'),
	(91,164,'BASIC_BLANK_QUIZ'),
	(92,165,'BASIC_BLANK_QUIZ'),
	(93,166,'BASIC_BLANK_QUIZ'),
	(94,167,'BASIC_BLANK_QUIZ'),
	(95,168,'BASIC_BLANK_QUIZ'),
	(96,169,'SINGLE_CHOICE'),
	(97,170,'SINGLE_CHOICE'),
	(98,171,'BASIC_BLANK_QUIZ'),
	(99,172,'SINGLE_CHOICE'),
	(100,173,'BASIC_BLANK_QUIZ'),
	(101,174,'BASIC_BLANK_QUIZ'),
	(102,175,'SINGLE_CHOICE'),
	(103,176,'MULTIPLE_CHOICE'),
	(104,177,'BASIC_BLANK_QUIZ'),
	(105,178,'BASIC_BLANK_QUIZ'),
	(106,179,'MULTIPLE_CHOICE'),
	(107,180,'SINGLE_CHOICE'),
	(108,181,'SINGLE_CHOICE'),
	(109,182,'MULTIPLE_CHOICE'),
	(110,183,'BASIC_BLANK_QUIZ'),
	(111,184,'BASIC_BLANK_QUIZ'),
	(112,185,'BASIC_BLANK_QUIZ'),
	(113,186,'SINGLE_CHOICE'),
	(114,187,'SINGLE_CHOICE'),
	(115,188,'MULTIPLE_CHOICE'),
	(116,189,'MULTIPLE_CHOICE'),
	(117,190,'BASIC_BLANK_QUIZ'),
	(118,191,'SINGLE_CHOICE'),
	(119,192,'MULTIPLE_CHOICE'),
	(120,193,'SINGLE_CHOICE'),
	(121,194,'SINGLE_CHOICE'),
	(122,195,'MULTIPLE_CHOICE'),
	(123,196,'MULTIPLE_CHOICE'),
	(124,197,'BASIC_BLANK_QUIZ'),
	(125,198,'BASIC_BLANK_QUIZ'),
	(126,199,'SINGLE_CHOICE'),
	(127,200,'SINGLE_CHOICE'),
	(128,201,'SINGLE_CHOICE'),
	(129,202,'MULTIPLE_CHOICE'),
	(130,203,'MULTIPLE_CHOICE'),
	(131,204,'SINGLE_CHOICE'),
	(132,205,'SINGLE_CHOICE'),
	(133,206,'MULTIPLE_CHOICE'),
	(134,207,'MULTIPLE_CHOICE'),
	(135,208,'BASIC_BLANK_QUIZ'),
	(136,209,'BASIC_BLANK_QUIZ'),
	(137,210,'SINGLE_CHOICE'),
	(138,211,'SINGLE_CHOICE'),
	(139,212,'SINGLE_CHOICE'),
	(140,213,'MULTIPLE_CHOICE'),
	(141,214,'MULTIPLE_CHOICE'),
	(142,215,'BASIC_BLANK_QUIZ'),
	(143,216,'BASIC_BLANK_QUIZ'),
	(144,217,'SINGLE_CHOICE'),
	(145,218,'MULTIPLE_CHOICE'),
	(146,219,'BASIC_BLANK_QUIZ'),
	(147,220,'BASIC_BLANK_QUIZ'),
	(148,221,'SINGLE_CHOICE'),
	(149,222,'MULTIPLE_CHOICE'),
	(150,223,'BASIC_BLANK_QUIZ'),
	(151,224,'BASIC_BLANK_QUIZ'),
	(152,225,'SINGLE_CHOICE'),
	(153,226,'MULTIPLE_CHOICE'),
	(154,227,'BASIC_BLANK_QUIZ'),
	(155,228,'SINGLE_CHOICE'),
	(156,229,'MULTIPLE_CHOICE'),
	(157,230,'BASIC_BLANK_QUIZ'),
	(158,231,'SINGLE_CHOICE'),
	(159,232,'MULTIPLE_CHOICE'),
	(160,233,'BASIC_BLANK_QUIZ'),
	(161,234,'SINGLE_CHOICE'),
	(162,235,'MULTIPLE_CHOICE'),
	(163,236,'BASIC_BLANK_QUIZ'),
	(164,237,'SINGLE_CHOICE'),
	(165,238,'MULTIPLE_CHOICE'),
	(166,239,'BASIC_BLANK_QUIZ'),
	(167,240,'BASIC_BLANK_QUIZ'),
	(168,241,'BASIC_BLANK_QUIZ'),
	(169,242,'BASIC_BLANK_QUIZ'),
	(170,243,'BASIC_BLANK_QUIZ'),
	(171,244,'BASIC_BLANK_QUIZ'),
	(172,245,'SINGLE_CHOICE'),
	(173,246,'SINGLE_CHOICE'),
	(174,247,'SINGLE_CHOICE'),
	(175,248,'SINGLE_CHOICE'),
	(176,249,'SINGLE_CHOICE'),
	(177,250,'BASIC_BLANK_QUIZ'),
	(178,251,'SINGLE_CHOICE'),
	(179,252,'BASIC_BLANK_QUIZ'),
	(180,253,'SINGLE_CHOICE'),
	(181,254,'BASIC_BLANK_QUIZ'),
	(182,255,'SINGLE_CHOICE'),
	(183,256,'BASIC_BLANK_QUIZ'),
	(184,257,'BASIC_BLANK_QUIZ'),
	(185,258,'BASIC_BLANK_QUIZ'),
	(186,259,'SINGLE_CHOICE'),
	(187,260,'BASIC_BLANK_QUIZ'),
	(188,261,'SINGLE_CHOICE'),
	(189,262,'MULTIPLE_CHOICE'),
	(190,263,'SINGLE_CHOICE'),
	(191,264,'MULTIPLE_CHOICE'),
	(192,265,'BASIC_BLANK_QUIZ'),
	(193,266,'SINGLE_CHOICE'),
	(194,267,'MULTIPLE_CHOICE'),
	(195,268,'BASIC_BLANK_QUIZ'),
	(196,269,'SINGLE_CHOICE'),
	(197,270,'BASIC_BLANK_QUIZ'),
	(198,271,'BASIC_BLANK_QUIZ'),
	(199,272,'SINGLE_CHOICE'),
	(200,273,'MULTIPLE_CHOICE'),
	(201,274,'MULTIPLE_CHOICE'),
	(202,275,'MULTIPLE_CHOICE'),
	(203,276,'MULTIPLE_CHOICE'),
	(204,277,'BASIC_BLANK_QUIZ'),
	(205,278,'MULTIPLE_CHOICE'),
	(206,279,'BASIC_BLANK_QUIZ'),
	(207,280,'SINGLE_CHOICE'),
	(208,281,'BASIC_BLANK_QUIZ'),
	(209,282,'SINGLE_CHOICE'),
	(210,283,'BASIC_BLANK_QUIZ'),
	(211,284,'BASIC_BLANK_QUIZ'),
	(212,285,'BASIC_BLANK_QUIZ'),
	(213,286,'BASIC_BLANK_QUIZ'),
	(214,287,'BASIC_BLANK_QUIZ'),
	(215,288,'BASIC_BLANK_QUIZ'),
	(216,289,'BASIC_BLANK_QUIZ'),
	(217,290,'SINGLE_CHOICE'),
	(218,291,'MULTIPLE_CHOICE'),
	(219,292,'BASIC_BLANK_QUIZ'),
	(220,293,'SINGLE_CHOICE'),
	(221,294,'SINGLE_CHOICE'),
	(222,295,'SINGLE_CHOICE'),
	(223,296,'SINGLE_CHOICE'),
	(224,297,'SINGLE_CHOICE'),
	(225,298,'SINGLE_CHOICE'),
	(226,299,'SINGLE_CHOICE'),
	(227,300,'SINGLE_CHOICE'),
	(228,301,'SINGLE_CHOICE'),
	(229,302,'SINGLE_CHOICE'),
	(230,303,'SINGLE_CHOICE'),
	(231,304,'MULTIPLE_CHOICE'),
	(232,305,'BASIC_BLANK_QUIZ'),
	(233,306,'BASIC_BLANK_QUIZ'),
	(234,307,'BASIC_BLANK_QUIZ'),
	(235,308,'SINGLE_CHOICE'),
	(236,309,'BASIC_BLANK_QUIZ'),
	(237,310,'SINGLE_CHOICE'),
	(238,311,'BASIC_BLANK_QUIZ'),
	(239,312,'SINGLE_CHOICE'),
	(240,313,'SINGLE_CHOICE'),
	(241,314,'SINGLE_CHOICE'),
	(242,315,'SINGLE_CHOICE'),
	(256,1,'SUBJECTIVE_QUIZ'),
	(257,2,'SUBJECTIVE_QUIZ'),
	(258,3,'SUBJECTIVE_QUIZ'),
	(259,4,'SUBJECTIVE_QUIZ'),
	(260,5,'SUBJECTIVE_QUIZ'),
	(261,6,'SUBJECTIVE_QUIZ'),
	(262,7,'SUBJECTIVE_QUIZ'),
	(263,8,'SUBJECTIVE_QUIZ'),
	(264,9,'SUBJECTIVE_QUIZ'),
	(265,10,'SUBJECTIVE_QUIZ'),
	(266,11,'SUBJECTIVE_QUIZ'),
	(267,12,'SUBJECTIVE_QUIZ'),
	(268,13,'SUBJECTIVE_QUIZ'),
	(269,14,'SUBJECTIVE_QUIZ'),
	(270,15,'SUBJECTIVE_QUIZ'),
	(271,16,'SUBJECTIVE_QUIZ'),
	(272,17,'SUBJECTIVE_QUIZ'),
	(273,18,'SUBJECTIVE_QUIZ'),
	(274,19,'SUBJECTIVE_QUIZ'),
	(275,20,'SUBJECTIVE_QUIZ'),
	(276,21,'SUBJECTIVE_QUIZ'),
	(277,22,'SUBJECTIVE_QUIZ'),
	(278,23,'SUBJECTIVE_QUIZ'),
	(279,24,'SUBJECTIVE_QUIZ'),
	(280,25,'SUBJECTIVE_QUIZ'),
	(281,26,'SUBJECTIVE_QUIZ'),
	(282,27,'SUBJECTIVE_QUIZ'),
	(283,28,'SUBJECTIVE_QUIZ'),
	(284,29,'SUBJECTIVE_QUIZ'),
	(285,30,'SUBJECTIVE_QUIZ'),
	(286,31,'SUBJECTIVE_QUIZ'),
	(287,32,'SUBJECTIVE_QUIZ'),
	(288,33,'SUBJECTIVE_QUIZ'),
	(289,34,'SUBJECTIVE_QUIZ'),
	(290,35,'SUBJECTIVE_QUIZ'),
	(291,36,'SUBJECTIVE_QUIZ'),
	(292,37,'SUBJECTIVE_QUIZ'),
	(293,38,'SUBJECTIVE_QUIZ'),
	(294,39,'SUBJECTIVE_QUIZ'),
	(295,40,'SUBJECTIVE_QUIZ'),
	(296,41,'SUBJECTIVE_QUIZ'),
	(297,42,'SUBJECTIVE_QUIZ'),
	(298,43,'SUBJECTIVE_QUIZ'),
	(299,44,'SUBJECTIVE_QUIZ'),
	(300,45,'SUBJECTIVE_QUIZ'),
	(301,46,'SUBJECTIVE_QUIZ'),
	(302,47,'SUBJECTIVE_QUIZ'),
	(303,48,'SUBJECTIVE_QUIZ'),
	(304,49,'SUBJECTIVE_QUIZ'),
	(305,50,'SUBJECTIVE_QUIZ'),
	(306,51,'SUBJECTIVE_QUIZ'),
	(307,52,'SUBJECTIVE_QUIZ'),
	(308,53,'SUBJECTIVE_QUIZ'),
	(309,54,'SUBJECTIVE_QUIZ'),
	(310,55,'SUBJECTIVE_QUIZ'),
	(311,56,'SUBJECTIVE_QUIZ'),
	(312,57,'SUBJECTIVE_QUIZ'),
	(313,58,'SUBJECTIVE_QUIZ'),
	(314,59,'SUBJECTIVE_QUIZ'),
	(315,60,'SUBJECTIVE_QUIZ'),
	(316,61,'SUBJECTIVE_QUIZ'),
	(317,62,'SUBJECTIVE_QUIZ'),
	(318,63,'SUBJECTIVE_QUIZ'),
	(319,64,'SUBJECTIVE_QUIZ'),
	(320,65,'SUBJECTIVE_QUIZ'),
	(321,66,'SUBJECTIVE_QUIZ'),
	(322,67,'SUBJECTIVE_QUIZ'),
	(323,68,'SUBJECTIVE_QUIZ'),
	(324,69,'SUBJECTIVE_QUIZ'),
	(325,70,'SUBJECTIVE_QUIZ'),
	(326,71,'SUBJECTIVE_QUIZ'),
	(327,72,'SUBJECTIVE_QUIZ'),
	(328,73,'SUBJECTIVE_QUIZ'),
	(329,74,'SUBJECTIVE_QUIZ'),
	(330,75,'SUBJECTIVE_QUIZ'),
	(331,76,'SUBJECTIVE_QUIZ'),
	(332,77,'SUBJECTIVE_QUIZ'),
	(333,78,'SUBJECTIVE_QUIZ'),
	(334,79,'SUBJECTIVE_QUIZ'),
	(335,80,'SUBJECTIVE_QUIZ'),
	(336,81,'SUBJECTIVE_QUIZ'),
	(337,82,'SUBJECTIVE_QUIZ'),
	(338,83,'SUBJECTIVE_QUIZ'),
	(383,1,'HOMEWORK_QUIZ'),
	(384,2,'HOMEWORK_QUIZ'),
	(385,3,'HOMEWORK_QUIZ'),
	(386,4,'HOMEWORK_QUIZ'),
	(387,5,'HOMEWORK_QUIZ'),
	(388,6,'HOMEWORK_QUIZ'),
	(389,7,'HOMEWORK_QUIZ'),
	(390,8,'HOMEWORK_QUIZ'),
	(391,9,'HOMEWORK_QUIZ'),
	(392,10,'HOMEWORK_QUIZ'),
	(393,11,'HOMEWORK_QUIZ'),
	(394,12,'HOMEWORK_QUIZ'),
	(395,13,'HOMEWORK_QUIZ'),
	(396,14,'HOMEWORK_QUIZ'),
	(397,15,'HOMEWORK_QUIZ'),
	(398,16,'HOMEWORK_QUIZ'),
	(399,17,'HOMEWORK_QUIZ'),
	(400,18,'HOMEWORK_QUIZ'),
	(401,19,'HOMEWORK_QUIZ'),
	(402,20,'HOMEWORK_QUIZ'),
	(403,21,'HOMEWORK_QUIZ'),
	(404,22,'HOMEWORK_QUIZ'),
	(405,23,'HOMEWORK_QUIZ'),
	(406,24,'HOMEWORK_QUIZ'),
	(407,25,'HOMEWORK_QUIZ'),
	(408,26,'HOMEWORK_QUIZ'),
	(409,27,'HOMEWORK_QUIZ'),
	(410,37,'HOMEWORK_QUIZ'),
	(411,38,'HOMEWORK_QUIZ'),
	(412,39,'HOMEWORK_QUIZ'),
	(413,40,'HOMEWORK_QUIZ'),
	(414,41,'HOMEWORK_QUIZ'),
	(415,42,'HOMEWORK_QUIZ');

/*!40000 ALTER TABLE `quiz` ENABLE KEYS */;
UNLOCK TABLES;


# Dump of table schema_version
# ------------------------------------------------------------

DROP TABLE IF EXISTS `schema_version`;

CREATE TABLE `schema_version` (
  `installed_rank` int(11) NOT NULL,
  `version` varchar(50) DEFAULT NULL,
  `description` varchar(200) NOT NULL,
  `type` varchar(20) NOT NULL,
  `script` varchar(1000) NOT NULL,
  `checksum` int(11) DEFAULT NULL,
  `installed_by` varchar(100) NOT NULL,
  `installed_on` timestamp NOT NULL DEFAULT CURRENT_TIMESTAMP,
  `execution_time` int(11) NOT NULL,
  `success` tinyint(1) NOT NULL,
  PRIMARY KEY (`installed_rank`),
  KEY `schema_version_s_idx` (`success`)
) ENGINE=InnoDB DEFAULT CHARSET=utf8;

LOCK TABLES `schema_version` WRITE;
/*!40000 ALTER TABLE `schema_version` DISABLE KEYS */;

INSERT INTO `schema_version` (`installed_rank`, `version`, `description`, `type`, `script`, `checksum`, `installed_by`, `installed_on`, `execution_time`, `success`)
VALUES
	(1,'1','Merged constructure','SQL','V1__Merged_constructure.sql',354222736,'PaperCenter','2018-05-25 03:20:08',10041,1),
	(2,'2','Modify paper structure table','SQL','V2__Modify_paper_structure_table.sql',1499736125,'PaperCenter','2018-05-25 03:20:08',121,1),
	(3,'3','Modify paper structure table','SQL','V3__Modify_paper_structure_table.sql',1842693123,'PaperCenter','2018-05-25 03:20:09',94,1),
	(4,'4','Modify paperOperation structure table','SQL','V4__Modify_paperOperation_structure_table.sql',424914514,'PaperCenter','2018-05-25 03:20:09',190,1),
	(5,'5','Modify programs structure table','SQL','V5__Modify_programs_structure_table.sql',1375641066,'PaperCenter','2018-05-25 03:20:09',116,1),
	(6,'6','Modify user table structure table','SQL','V6__Modify_user_table_structure_table.sql',1002948276,'PaperCenter','2018-05-25 03:20:10',95,1),
	(7,'7','Modify user table structure table','SQL','V7__Modify_user_table_structure_table.sql',-1896658631,'PaperCenter','2018-05-25 03:20:10',97,1),
	(8,'8','Create homework quiz operation table','SQL','V8__Create_homework_quiz_operation_table.sql',-1200934282,'PaperCenter','2018-05-25 03:20:11',88,1),
	(9,'9','Create basic blank quiz table','SQL','V9__Create_basic_blank_quiz_table.sql',1306359687,'PaperCenter','2018-05-25 03:20:11',88,1),
	(10,'10','Create single choice table','SQL','V10__Create_single_choice_table.sql',1853059224,'PaperCenter','2018-05-25 03:20:11',89,1),
	(11,'11','Create multiple choice table','SQL','V11__Create_multiple_choice_table.sql',1121893145,'PaperCenter','2018-05-25 03:20:12',89,1),
	(12,'12','Modify single choice table structure','SQL','V12__Modify_single_choice_table_structure.sql',461216038,'PaperCenter','2018-05-25 03:20:12',82,1),
	(13,'13','Modify multiple choice table structure','SQL','V13__Modify_multiple_choice_table_structure.sql',284027284,'PaperCenter','2018-05-25 03:20:13',80,1),
	(14,'14','Modify homeworkQuiz table structure','SQL','V14__Modify_homeworkQuiz_table_structure.sql',284100591,'PaperCenter','2018-05-25 03:20:13',94,1),
	(15,'15','Modify homeworkQuizOperation table structure','SQL','V15__Modify_homeworkQuizOperation_table_structure.sql',-987430002,'PaperCenter','2018-05-25 03:20:13',98,1),
	(16,'16','Modify homeworkQuiz table','SQL','V16__Modify_homeworkQuiz_table.sql',-1479589327,'PaperCenter','2018-05-25 03:20:14',82,1),
	(17,'17','Modify homeworkQuizOperation table','SQL','V17__Modify_homeworkQuizOperation_table.sql',-1656083794,'PaperCenter','2018-05-25 03:20:14',100,1),
	(18,'18','Modify users table structure','SQL','V18__Modify_users_table_structure.sql',-846071722,'PaperCenter','2018-05-25 03:20:15',93,1),
	(19,'19','Create user role table structure','SQL','V19__Create_user_role_table_structure.sql',241222876,'PaperCenter','2018-05-25 03:20:15',91,1),
	(20,'20','Modify homework post history table structure','SQL','V20__Modify_homework_post_history_table_structure.sql',-1102510132,'PaperCenter','2018-05-25 03:20:15',81,1),
	(21,'21','Modify homework post history table structure','SQL','V21__Modify_homework_post_history_table_structure.sql',1000270435,'PaperCenter','2018-05-25 03:20:16',81,1),
	(22,'22','Modify section quiz table structure','SQL','V22__Modify_section_quiz_table_structure.sql',-623315989,'PaperCenter','2018-05-25 03:20:16',94,1),
	(23,'23','Modify homework quiz table structure','SQL','V23__Modify_homework_quiz_table_structure.sql',373164633,'PaperCenter','2018-05-25 03:20:17',93,1),
	(24,'24','Modify single choice table structure','SQL','V24__Modify_single_choice_table_structure.sql',1378406279,'PaperCenter','2018-05-25 03:20:17',95,1),
	(25,'25','Modify Multiple choice table structure','SQL','V25__Modify_Multiple_choice_table_structure.sql',-536174794,'PaperCenter','2018-05-25 03:20:17',93,1),
	(26,'26','Modify basic blank quiz table structure','SQL','V26__Modify_basic_blank_quiz_table_structure.sql',2123783538,'PaperCenter','2018-05-25 03:20:18',93,1),
	(27,'27','Create basic quiz table structure','SQL','V27__Create_basic_quiz_table_structure.sql',612810918,'PaperCenter','2018-05-25 03:20:18',87,1),
	(28,'28','Create basic quiz sumit table structure','SQL','V28__Create_basic_quiz_sumit_table_structure.sql',-850714242,'PaperCenter','2018-05-25 03:20:19',92,1),
	(29,'29','Create basic quiz post history table structure','SQL','V29__Create_basic_quiz_post_history_table_structure.sql',984153657,'PaperCenter','2018-05-25 03:20:19',92,1),
	(30,'30','Modify third party table structure','SQL','V30__Modify_third_party_table_structure.sql',-2046602782,'PaperCenter','2018-05-25 03:20:19',101,1),
	(31,'31','Modify basic quiz table structure','SQL','V31__Modify_basic_quiz_table_structure.sql',536631650,'PaperCenter','2018-05-25 03:20:20',193,1),
	(32,'32','Modify basic quiz table structure','SQL','V32__Modify_basic_quiz_table_structure.sql',1860264048,'PaperCenter','2018-05-25 03:20:20',191,1),
	(33,'33','Modify basic quiz submit table structure','SQL','V33__Modify_basic_quiz_submit_table_structure.sql',1008679007,'PaperCenter','2018-05-25 03:20:21',184,1),
	(34,'34','Drop user privilege table','SQL','V34__Drop_user_privilege_table.sql',-948112996,'PaperCenter','2018-05-25 03:20:21',85,1),
	(35,'35','Modify programs table structure','SQL','V35__Modify_programs_table_structure.sql',1899632145,'PaperCenter','2018-05-25 03:20:22',95,1),
	(36,'36','Modify paper table structure','SQL','V36__Modify_paper_table_structure.sql',-609135225,'PaperCenter','2018-05-25 03:20:22',96,1),
	(37,'37','Modify useres table structure','SQL','V37__Modify_useres_table_structure.sql',-1447196352,'PaperCenter','2018-05-25 03:20:22',81,1),
	(38,'38','Modify homework post history table structure','SQL','V38__Modify_homework_post_history_table_structure.sql',-1854194059,'PaperCenter','2018-05-25 03:20:23',81,1),
	(39,'39','Modify stack table structure','SQL','V39__Modify_stack_table_structure.sql',133312857,'PaperCenter','2018-05-25 03:20:23',82,1),
	(40,'40','Modify homeworkQuiz table structure','SQL','V40__Modify_homeworkQuiz_table_structure.sql',1601445929,'PaperCenter','2018-05-25 03:20:24',101,1),
	(41,'41','Modify programs structure','SQL','V41__Modify_programs_structure.sql',291116575,'PaperCenter','2018-05-25 03:20:25',776,1),
	(42,'42','Create invitation table','SQL','V42__Create_invitation_table.sql',1546339358,'PaperCenter','2018-05-25 03:20:25',88,1),
	(43,'43','Convert collation to utf8 bin','SQL','V43__Convert_collation_to_utf8_bin.sql',1511166499,'PaperCenter','2018-05-25 03:20:28',2821,1),
	(44,'44','Modify user detail structure','SQL','V44__Modify_user_detail_structure.sql',-1993086584,'PaperCenter','2018-05-25 03:20:29',97,1),
	(45,'45','Create system config table','SQL','V45__Create_system_config_table.sql',-1308359200,'PaperCenter','2018-05-25 03:20:29',91,1),
	(46,'46','Modify basic quiz submit table','SQL','V46__Modify_basic_quiz_submit_table.sql',-1586885880,'PaperCenter','2018-05-25 03:20:30',194,1),
	(47,'47','Migrate data from basic quiz to basic quiz submit','SQL','V47__Migrate_data_from_basic_quiz_to_basic_quiz_submit.sql',-1054254143,'PaperCenter','2018-05-25 03:20:30',74,1),
	(48,'48','Drop cloum basicquiz id from table basic quiz submit','SQL','V48__Drop_cloum_basicquiz_id_from_table_basic_quiz_submit.sql',874966587,'PaperCenter','2018-05-25 03:20:30',97,1),
	(49,'49','Modify basic quiz table name to old basic quiz','SQL','V49__Modify_basic_quiz_table_name_to_old_basic_quiz.sql',1470562136,'PaperCenter','2018-05-25 03:20:31',78,1),
	(50,'50','Create basic quiz and migrate data from three old basic quiz table','SQL','V50__Create_basic_quiz_and_migrate_data_from_three_old_basic_quiz_table.sql',-1980791742,'PaperCenter','2018-05-25 03:20:31',312,1),
	(51,'51','Migrate relationship data from basic quiz to seciton quiz','SQL','V51__Migrate_relationship_data_from_basic_quiz_to_seciton_quiz.sql',-590685234,'PaperCenter','2018-05-25 03:20:32',390,1),
	(52,'52','Add column basic quiz id in basic quiz post history and migrate data','SQL','V52__Add_column_basic_quiz_id_in_basic_quiz_post_history_and_migrate_data.sql',344527343,'PaperCenter','2018-05-25 03:20:32',172,1),
	(53,'53','Create and migrate data from basic quiz to choices table','SQL','V53__Create_and_migrate_data_from_basic_quiz_to_choices_table.sql',681705459,'PaperCenter','2018-05-25 03:20:33',242,1),
	(54,'54','Alter table basic quiz post history drop column basic quiz item id','SQL','V54__Alter_table_basic_quiz_post_history_drop_column_basic_quiz_item_id.sql',-786814437,'PaperCenter','2018-05-25 03:20:33',100,1),
	(55,'55','Alter table basicQuiz drop old id','SQL','V55__Alter_table_basicQuiz_drop_old_id.sql',-1317585162,'PaperCenter','2018-05-25 03:20:34',95,1),
	(56,'56','Drop useless three old basic quiz table','SQL','V56__Drop_useless_three_old_basic_quiz_table.sql',146371902,'PaperCenter','2018-05-25 03:20:34',320,1),
	(57,'57','Alter table section quiz drop old id and quiz type','SQL','V57__Alter_table_section_quiz_drop_old_id_and_quiz_type.sql',-1370588983,'PaperCenter','2018-05-25 03:20:35',94,1),
	(58,'58','Rename table basic quiz post history to basic quiz item post','SQL','V58__Rename_table_basic_quiz_post_history_to_basic_quiz_item_post.sql',1605941472,'PaperCenter','2018-05-25 03:20:35',82,1),
	(59,'59','Rename quiz item to logic quiz item','SQL','V59__Rename_quiz_item_to_logic_quiz_item.sql',1486019759,'PaperCenter','2018-05-25 03:20:36',80,1),
	(60,'60','Rename blank quiz to logic quiz','SQL','V60__Rename_blank_quiz_to_logic_quiz.sql',-165609977,'PaperCenter','2018-05-25 03:20:36',79,1),
	(61,'61','Update section set blank quiz to logic quiz','SQL','V61__Update_section_set_blank_quiz_to_logic_quiz.sql',-1010052148,'PaperCenter','2018-05-25 03:20:36',74,1),
	(62,'62','Rename table blank quiz submit to logic quiz submit','SQL','V62__Rename_table_blank_quiz_submit_to_logic_quiz_submit.sql',1291427706,'PaperCenter','2018-05-25 03:20:37',79,1),
	(63,'63','Rename table item post to logic quiz item post','SQL','V63__Rename_table_item_post_to_logic_quiz_item_post.sql',393073649,'PaperCenter','2018-05-25 03:20:37',80,1),
	(64,'64','Rename blank quiz related column to logic quiz ','SQL','V64__Rename_blank_quiz_related_column_to_logic_quiz_.sql',1319703480,'PaperCenter','2018-05-25 03:20:38',193,1),
	(65,'65','Change logic quiz item path','SQL','V65__Change_logic_quiz_item_path.sql',109911382,'PaperCenter','2018-05-25 03:20:38',295,1),
	(66,'66','Create contributor table structure','SQL','V66__Create_contributor_table_structure.sql',-1739502703,'PaperCenter','2018-05-25 03:20:39',88,1),
	(67,'67','Create subjective quiz table','SQL','V67__Create_subjective_quiz_table.sql',-1432854519,'PaperCenter','2018-05-25 03:20:39',88,1),
	(68,'68','Create subjective quiz submit table','SQL','V68__Create_subjective_quiz_submit_table.sql',62150139,'PaperCenter','2018-05-25 03:20:39',103,1),
	(69,'69','Create subjective quiz item post table','SQL','V69__Create_subjective_quiz_item_post_table.sql',-1527534559,'PaperCenter','2018-05-25 03:20:40',93,1),
	(70,'70','Modify subjective quiz submit structure','SQL','V70__Modify_subjective_quiz_submit_structure.sql',807897873,'PaperCenter','2018-05-25 03:20:41',456,1),
	(71,'71','Modify subjective quiz item post table','SQL','V71__Modify_subjective_quiz_item_post_table.sql',-1382732724,'PaperCenter','2018-05-25 03:20:41',97,1),
	(72,'72','Modify subjective quiz table column','SQL','V72__Modify_subjective_quiz_table_column.sql',489434405,'PaperCenter','2018-05-25 03:20:41',82,1),
	(73,'73','Delete forrignkey user program table','SQL','V73__Delete_forrignkey_user_program_table.sql',1961108475,'PaperCenter','2018-05-25 03:20:42',81,1),
	(74,'74','Modify homework quiz description column','SQL','V74__Modify_homework_quiz_description_column.sql',1565491268,'PaperCenter','2018-05-25 03:20:42',81,1),
	(75,'75','Modify homeworkQuiz add definitionRepo and isAvailable columns','SQL','V75__Modify_homeworkQuiz_add_definitionRepo_and_isAvailable_columns.sql',1430273605,'PaperCenter','2018-05-25 03:20:43',97,1),
	(76,'76','Modify homework quiz description allow null colnumns','SQL','V76__Modify_homework_quiz_description_allow_null_colnumns.sql',-1846053712,'PaperCenter','2018-05-25 03:20:43',99,1),
	(77,'77','Modify basic quiz add isAvailable column','SQL','V77__Modify_basic_quiz_add_isAvailable_column.sql',-334485453,'PaperCenter','2018-05-25 03:20:43',97,1),
	(78,'78','Add homework quiz colmnus reference number updateTime','SQL','V78__Add_homework_quiz_colmnus_reference_number_updateTime.sql',228652750,'PaperCenter','2018-05-25 03:20:44',95,1),
	(79,'79','create tag table','SQL','V79__create_tag_table.sql',1174490354,'PaperCenter','2018-05-25 03:20:44',89,1),
	(80,'80','update stack table','SQL','V80__update_stack_table.sql',2024923073,'PaperCenter','2018-05-25 03:20:45',397,1),
	(81,'81','update subjective table','SQL','V81__update_subjective_table.sql',-1937572622,'PaperCenter','2018-05-25 03:20:46',477,1),
	(82,'82','Add basic quiz columns','SQL','V82__Add_basic_quiz_columns.sql',-2137487365,'PaperCenter','2018-05-25 03:20:46',97,1),
	(83,'83','create subjectiveQuiz tag table','SQL','V83__create_subjectiveQuiz_tag_table.sql',-99442327,'PaperCenter','2018-05-25 03:20:46',88,1),
	(84,'84','create quiz table','SQL','V84__create_quiz_table.sql',-194906685,'PaperCenter','2018-05-25 03:20:47',88,1),
	(85,'85','ctreate basicQuiz tag table','SQL','V85__ctreate_basicQuiz_tag_table.sql',1614273723,'PaperCenter','2018-05-25 03:20:47',89,1),
	(86,'86','add makerId colunm basicQuiz table','SQL','V86__add_makerId_colunm_basicQuiz_table.sql',-1196247104,'PaperCenter','2018-05-25 03:20:48',98,1),
	(87,'87','add status column homework quiz table','SQL','V87__add_status_column_homework_quiz_table.sql',395329130,'PaperCenter','2018-05-25 03:20:48',95,1),
	(88,'88','create homework quiz tag table','SQL','V88__create_homework_quiz_tag_table.sql',1543434020,'PaperCenter','2018-05-25 03:20:48',86,1),
	(89,'89','add cloumn stack and homework table','SQL','V89__add_cloumn_stack_and_homework_table.sql',738150266,'PaperCenter','2018-05-25 03:20:49',188,1),
	(90,'90','add column logic quiz table','SQL','V90__add_column_logic_quiz_table.sql',1615782393,'PaperCenter','2018-05-25 03:20:50',282,1),
	(91,'91','add remark to homework and subjective','SQL','V91__add_remark_to_homework_and_subjective.sql',820646372,'PaperCenter','2018-05-25 03:20:50',189,1),
	(92,'92','create quiz submission','SQL','V92__create_quiz_submission.sql',-781056301,'PaperCenter','2018-05-25 03:20:50',88,1),
	(93,'93','add buildNumber to quiz submission','SQL','V93__add_buildNumber_to_quiz_submission.sql',-1740251022,'PaperCenter','2018-05-25 03:20:51',101,1),
	(94,'94','delete quiz submission and create different submission','SQL','V94__delete_quiz_submission_and_create_different_submission.sql',-1286942948,'PaperCenter','2018-05-25 03:20:52',436,1),
	(95,'95','modify homework quiz submission result column','SQL','V95__modify_homework_quiz_submission_result_column.sql',-379953471,'PaperCenter','2018-05-25 03:20:52',81,1);

/*!40000 ALTER TABLE `schema_version` ENABLE KEYS */;
UNLOCK TABLES;


# Dump of table scoreSheet
# ------------------------------------------------------------

DROP TABLE IF EXISTS `scoreSheet`;

CREATE TABLE `scoreSheet` (
  `id` int(11) NOT NULL AUTO_INCREMENT,
  `examerId` int(11) NOT NULL,
  `paperId` int(11) NOT NULL,
  PRIMARY KEY (`id`)
) ENGINE=InnoDB DEFAULT CHARSET=utf8 COLLATE=utf8_bin;

LOCK TABLES `scoreSheet` WRITE;
/*!40000 ALTER TABLE `scoreSheet` DISABLE KEYS */;

INSERT INTO `scoreSheet` (`id`, `examerId`, `paperId`)
VALUES
	(39,0,0),
	(40,26,19),
	(41,26,23),
	(42,26,30),
	(43,26,31),
	(44,26,32),
	(45,26,43),
	(46,26,33),
	(47,26,34),
	(48,26,36),
	(49,26,37),
	(50,26,38),
	(51,26,44),
	(52,26,45),
	(53,26,46),
	(54,26,47),
	(55,26,49),
	(56,26,50),
	(57,26,51),
	(58,26,52),
	(59,26,53),
	(60,26,54),
	(61,26,55),
	(62,26,56),
	(63,26,57),
	(64,26,58),
	(65,26,59),
	(66,26,61),
	(67,26,62),
	(68,26,60),
	(69,26,63),
	(70,26,64),
	(71,26,65),
	(72,26,66),
	(73,26,67),
	(74,26,68),
	(75,26,69),
	(76,16,46),
	(77,16,50),
	(78,16,51),
	(79,16,52),
	(80,16,53),
	(81,16,54),
	(82,16,55),
	(83,16,56),
	(84,16,57),
	(85,16,58),
	(86,16,59),
	(87,16,60),
	(88,16,63),
	(89,16,65),
	(90,16,66),
	(91,16,67),
	(92,16,68),
	(93,16,69),
	(94,26,71),
	(95,26,70),
	(96,16,70),
	(97,26,74),
	(98,26,75),
	(99,27,46),
	(100,27,50),
	(101,1,1),
	(102,21,48),
	(103,21,79),
	(104,21,83),
	(105,21,85),
	(106,21,96),
	(107,2,15),
	(108,21,97),
	(109,21,98),
	(110,5,99),
	(111,5,97),
	(112,21,100),
	(113,21,101),
	(114,21,102),
	(115,21,103),
	(116,21,105),
	(117,21,106),
	(119,21,107),
	(122,21,108),
	(123,21,109),
	(125,21,110),
	(126,21,24),
	(127,21,111),
	(128,26,111),
	(129,26,112),
	(131,26,106),
	(132,26,97),
	(133,26,110),
	(134,26,117),
	(135,26,96),
	(136,26,118),
	(137,26,119),
	(138,26,120),
	(213,26,107),
	(250,26,129),
	(251,26,130),
	(252,26,131),
	(277,26,132),
	(278,26,133),
	(279,26,134),
	(280,5,134),
	(281,26,136),
	(282,5,129),
	(283,5,131),
	(284,26,138),
	(285,26,139),
	(286,26,140),
	(287,26,141),
	(288,26,142),
	(289,26,143),
	(290,26,144),
	(291,26,145),
	(292,26,146),
	(293,26,147),
	(294,26,148),
	(295,26,149),
	(296,26,150),
	(297,26,152),
	(298,26,158),
	(299,5,159),
	(300,5,160),
	(301,21,158),
	(302,32,46),
	(303,26,164),
	(304,26,154),
	(305,26,168),
	(306,26,170),
	(307,26,171),
	(308,32,172),
	(309,5,175),
	(310,5,177),
	(311,5,178),
	(312,26,187),
	(313,26,188),
	(314,20,158),
	(315,20,140),
	(316,26,163),
	(317,5,46),
	(318,5,156),
	(319,32,157),
	(320,26,184),
	(321,26,198),
	(322,26,2),
	(323,31,46),
	(324,31,157),
	(325,31,164),
	(326,31,199),
	(327,32,199),
	(328,2,140),
	(329,222,140),
	(330,2222,140),
	(331,27,140),
	(332,28,140),
	(333,29,140),
	(334,30,140),
	(335,50,140),
	(336,51,140),
	(337,52,140),
	(338,263,140),
	(339,263,141),
	(340,2233,158),
	(341,5,164),
	(342,26,186),
	(343,31,156),
	(344,4,158),
	(345,4,186),
	(346,32,156),
	(347,32,164),
	(348,21,198),
	(349,5,194),
	(350,26,211),
	(351,4,215),
	(352,4,216),
	(353,5,199),
	(354,5,217),
	(355,32,217),
	(356,33,164),
	(357,5,198),
	(358,26,215),
	(359,22,198),
	(360,27,215),
	(361,5,172);

/*!40000 ALTER TABLE `scoreSheet` ENABLE KEYS */;
UNLOCK TABLES;


# Dump of table section
# ------------------------------------------------------------

DROP TABLE IF EXISTS `section`;

CREATE TABLE `section` (
  `id` int(11) NOT NULL AUTO_INCREMENT,
  `paperId` int(11) NOT NULL,
  `description` varchar(256) COLLATE utf8_bin NOT NULL,
  `type` varchar(32) COLLATE utf8_bin NOT NULL,
  PRIMARY KEY (`id`)
) ENGINE=InnoDB DEFAULT CHARSET=utf8 COLLATE=utf8_bin;

LOCK TABLES `section` WRITE;
/*!40000 ALTER TABLE `section` DISABLE KEYS */;

INSERT INTO `section` (`id`, `paperId`, `description`, `type`)
VALUES
	(1,1,X'626C616E6B',X'6C6F6769635175697A7A6573'),
	(2,1,X'E7AE80E58D95E5AEA2E8A782E9A298',X'62617369635175697A7A6573'),
	(3,1,X'E7BC96E7A88BE9A298',X'686F6D65776F726B5175697A7A6573'),
	(4,2,X'626C616E6B',X'6C6F6769635175697A7A6573'),
	(5,2,X'E7BC96E7A88BE9A298',X'686F6D65776F726B5175697A7A6573'),
	(6,2,X'E7AE80E58D95E5AEA2E8A782E9A298',X'62617369635175697A7A6573'),
	(7,2,X'E7AE80E58D95E5AEA2E8A782E9A298',X'62617369635175697A7A6573'),
	(8,3,X'626C616E6B',X'6C6F6769635175697A7A6573'),
	(9,3,X'E7AE80E58D95E5AEA2E8A782E9A298',X'62617369635175697A7A6573'),
	(10,3,X'E7BC96E7A88BE9A298',X'686F6D65776F726B5175697A7A6573'),
	(11,4,X'626C616E6B',X'6C6F6769635175697A7A6573'),
	(12,5,X'626C616E6B',X'6C6F6769635175697A7A6573'),
	(13,6,X'626C616E6B',X'6C6F6769635175697A7A6573'),
	(14,7,X'626C616E6B',X'6C6F6769635175697A7A6573'),
	(15,8,X'626C616E6B',X'6C6F6769635175697A7A6573'),
	(16,9,X'626C616E6B',X'6C6F6769635175697A7A6573'),
	(17,10,X'626C616E6B',X'6C6F6769635175697A7A6573'),
	(18,10,X'E7BC96E7A88BE9A298',X'686F6D65776F726B5175697A7A6573'),
	(19,11,X'E7AE80E58D95E5AEA2E8A782E9A298',X'62617369635175697A7A6573'),
	(20,11,X'E7BC96E7A88BE9A298',X'686F6D65776F726B5175697A7A6573'),
	(21,12,X'626C616E6B',X'6C6F6769635175697A7A6573'),
	(22,13,X'E7AE80E58D95E5AEA2E8A782E9A298',X'62617369635175697A7A6573'),
	(23,14,X'626C616E6B',X'6C6F6769635175697A7A6573'),
	(24,14,X'E7AE80E58D95E5AEA2E8A782E9A298',X'62617369635175697A7A6573'),
	(25,15,X'626C616E6B',X'6C6F6769635175697A7A6573'),
	(26,16,X'626C616E6B',X'6C6F6769635175697A7A6573'),
	(27,16,X'E7AE80E58D95E5AEA2E8A782E9A298',X'62617369635175697A7A6573'),
	(28,17,X'626C616E6B',X'6C6F6769635175697A7A6573'),
	(29,18,X'626C616E6B',X'6C6F6769635175697A7A6573'),
	(30,18,X'E7AE80E58D95E5AEA2E8A782E9A298',X'62617369635175697A7A6573'),
	(31,19,X'E7AE80E58D95E5AEA2E8A782E9A298',X'62617369635175697A7A6573'),
	(33,20,X'E7BC96E7A88BE9A298',X'686F6D65776F726B5175697A7A6573'),
	(34,21,X'626C616E6B',X'6C6F6769635175697A7A6573'),
	(35,22,X'E7BC96E7A88BE9A298',X'686F6D65776F726B5175697A7A6573'),
	(36,23,X'626C616E6B',X'6C6F6769635175697A7A6573'),
	(37,23,X'E7AE80E58D95E5AEA2E8A782E9A298',X'62617369635175697A7A6573'),
	(38,23,X'E7AE80E58D95E5AEA2E8A782E9A298',X'62617369635175697A7A6573'),
	(39,24,X'E7AE80E58D95E5AEA2E8A782E9A298',X'62617369635175697A7A6573'),
	(40,24,X'E7AE80E58D95E5AEA2E8A782E9A298',X'62617369635175697A7A6573'),
	(41,25,X'E7AE80E58D95E5AEA2E8A782E9A298',X'62617369635175697A7A6573'),
	(42,25,X'E7AE80E58D95E5AEA2E8A782E9A298',X'62617369635175697A7A6573'),
	(43,26,X'E7AE80E58D95E5AEA2E8A782E9A298',X'62617369635175697A7A6573'),
	(44,27,X'E7BC96E7A88BE9A298',X'686F6D65776F726B5175697A7A6573'),
	(45,28,X'E7BC96E7A88BE9A298',X'686F6D65776F726B5175697A7A6573'),
	(46,29,X'E7BC96E7A88BE9A298',X'686F6D65776F726B5175697A7A6573'),
	(47,30,X'626C616E6B',X'6C6F6769635175697A7A6573'),
	(48,30,X'E7BC96E7A88BE9A298',X'686F6D65776F726B5175697A7A6573'),
	(49,31,X'E7AE80E58D95E5AEA2E8A782E9A298',X'62617369635175697A7A6573'),
	(50,32,X'626C616E6B',X'6C6F6769635175697A7A6573'),
	(51,32,X'E7AE80E58D95E5AEA2E8A782E9A298',X'62617369635175697A7A6573'),
	(52,33,X'E7AE80E58D95E5AEA2E8A782E9A298',X'62617369635175697A7A6573'),
	(53,33,X'E7BC96E7A88BE9A298',X'686F6D65776F726B5175697A7A6573'),
	(54,34,X'E7BC96E7A88BE9A298',X'686F6D65776F726B5175697A7A6573'),
	(55,34,X'E7AE80E58D95E5AEA2E8A782E9A298',X'62617369635175697A7A6573'),
	(56,35,X'626C616E6B',X'6C6F6769635175697A7A6573'),
	(57,35,X'E7AE80E58D95E5AEA2E8A782E9A298',X'62617369635175697A7A6573'),
	(58,35,X'E7BC96E7A88BE9A298',X'686F6D65776F726B5175697A7A6573'),
	(59,36,X'E7AE80E58D95E5AEA2E8A782E9A298',X'62617369635175697A7A6573'),
	(60,36,X'E7AE80E58D95E5AEA2E8A782E9A298',X'62617369635175697A7A6573'),
	(61,37,X'E7BC96E7A88BE9A298',X'686F6D65776F726B5175697A7A6573'),
	(62,37,X'E7BC96E7A88BE9A298',X'686F6D65776F726B5175697A7A6573'),
	(63,38,X'E7BC96E7A88BE9A298',X'686F6D65776F726B5175697A7A6573'),
	(64,38,X'E7BC96E7A88BE9A298',X'686F6D65776F726B5175697A7A6573'),
	(65,39,X'E7BC96E7A88BE9A298',X'686F6D65776F726B5175697A7A6573'),
	(66,39,X'E7BC96E7A88BE9A298',X'686F6D65776F726B5175697A7A6573'),
	(67,40,X'E7BC96E7A88BE9A298',X'686F6D65776F726B5175697A7A6573'),
	(68,40,X'E7BC96E7A88BE9A298',X'686F6D65776F726B5175697A7A6573'),
	(69,41,X'E7AE80E58D95E5AEA2E8A782E9A298',X'62617369635175697A7A6573'),
	(70,41,X'E7AE80E58D95E5AEA2E8A782E9A298',X'62617369635175697A7A6573'),
	(71,42,X'626C616E6B',X'6C6F6769635175697A7A6573'),
	(72,42,X'E7AE80E58D95E5AEA2E8A782E9A298',X'62617369635175697A7A6573'),
	(73,42,X'E7BC96E7A88BE9A298',X'686F6D65776F726B5175697A7A6573'),
	(74,43,X'E7AE80E58D95E5AEA2E8A782E9A298',X'62617369635175697A7A6573'),
	(75,44,X'E7AE80E58D95E5AEA2E8A782E9A298',X'62617369635175697A7A6573'),
	(76,44,X'E7AE80E58D95E5AEA2E8A782E9A298',X'62617369635175697A7A6573'),
	(77,45,X'E7AE80E58D95E5AEA2E8A782E9A298',X'62617369635175697A7A6573'),
	(78,46,X'626C616E6B',X'6C6F6769635175697A7A6573'),
	(79,46,X'E7AE80E58D95E5AEA2E8A782E9A298',X'62617369635175697A7A6573'),
	(80,47,X'E7AE80E58D95E5AEA2E8A782E9A298',X'62617369635175697A7A6573'),
	(81,47,X'E7BC96E7A88BE9A298',X'686F6D65776F726B5175697A7A6573'),
	(82,48,X'E7BC96E7A88BE9A298',X'686F6D65776F726B5175697A7A6573'),
	(83,49,X'E7BC96E7A88BE9A298',X'686F6D65776F726B5175697A7A6573'),
	(84,50,X'626C616E6B',X'6C6F6769635175697A7A6573'),
	(85,51,X'626C616E6B',X'6C6F6769635175697A7A6573'),
	(86,51,X'E7BC96E7A88BE9A298',X'686F6D65776F726B5175697A7A6573'),
	(87,52,X'626C616E6B',X'6C6F6769635175697A7A6573'),
	(88,52,X'E7BC96E7A88BE9A298',X'686F6D65776F726B5175697A7A6573'),
	(89,52,X'E7AE80E58D95E5AEA2E8A782E9A298',X'62617369635175697A7A6573'),
	(90,53,X'626C616E6B',X'6C6F6769635175697A7A6573'),
	(91,54,X'626C616E6B',X'6C6F6769635175697A7A6573'),
	(92,54,X'E7AE80E58D95E5AEA2E8A782E9A298',X'62617369635175697A7A6573'),
	(93,55,X'E7BC96E7A88BE9A298',X'686F6D65776F726B5175697A7A6573'),
	(94,56,X'E7AE80E58D95E5AEA2E8A782E9A298',X'62617369635175697A7A6573'),
	(95,57,X'626C616E6B',X'6C6F6769635175697A7A6573'),
	(96,57,X'E7AE80E58D95E5AEA2E8A782E9A298',X'62617369635175697A7A6573'),
	(97,58,X'E7BC96E7A88BE9A298',X'686F6D65776F726B5175697A7A6573'),
	(98,59,X'E7BC96E7A88BE9A298',X'686F6D65776F726B5175697A7A6573'),
	(99,60,X'E7BC96E7A88BE9A298',X'686F6D65776F726B5175697A7A6573'),
	(100,61,X'E7BC96E7A88BE9A298',X'686F6D65776F726B5175697A7A6573'),
	(101,61,X'E7BC96E7A88BE9A298',X'686F6D65776F726B5175697A7A6573'),
	(102,61,X'E7AE80E58D95E5AEA2E8A782E9A298',X'62617369635175697A7A6573'),
	(103,62,X'E7AE80E58D95E5AEA2E8A782E9A298',X'62617369635175697A7A6573'),
	(104,63,X'E7BC96E7A88BE9A298',X'686F6D65776F726B5175697A7A6573'),
	(105,64,X'E7BC96E7A88BE9A298',X'686F6D65776F726B5175697A7A6573'),
	(106,65,X'E7BC96E7A88BE9A298',X'686F6D65776F726B5175697A7A6573'),
	(107,66,X'E7BC96E7A88BE9A298',X'686F6D65776F726B5175697A7A6573'),
	(108,67,X'E7BC96E7A88BE9A298',X'686F6D65776F726B5175697A7A6573'),
	(109,68,X'E7BC96E7A88BE9A298',X'686F6D65776F726B5175697A7A6573'),
	(110,68,X'E7BC96E7A88BE9A298',X'686F6D65776F726B5175697A7A6573'),
	(111,69,X'626C616E6B',X'6C6F6769635175697A7A6573'),
	(112,69,X'E7AE80E58D95E5AEA2E8A782E9A298',X'62617369635175697A7A6573'),
	(113,69,X'E7AE80E58D95E5AEA2E8A782E9A298',X'62617369635175697A7A6573'),
	(114,70,X'626C616E6B',X'6C6F6769635175697A7A6573'),
	(115,70,X'E7AE80E58D95E5AEA2E8A782E9A298',X'62617369635175697A7A6573'),
	(116,71,X'E7AE80E58D95E5AEA2E8A782E9A298',X'62617369635175697A7A6573'),
	(117,72,X'E7AE80E58D95E5AEA2E8A782E9A298',X'62617369635175697A7A6573'),
	(118,73,X'E7AE80E58D95E5AEA2E8A782E9A298',X'62617369635175697A7A6573'),
	(119,73,X'E7AE80E58D95E5AEA2E8A782E9A298',X'62617369635175697A7A6573'),
	(120,74,X'E7AE80E58D95E5AEA2E8A782E9A298',X'62617369635175697A7A6573'),
	(121,75,X'E7AE80E58D95E5AEA2E8A782E9A298',X'62617369635175697A7A6573'),
	(122,75,X'E7AE80E58D95E5AEA2E8A782E9A298',X'62617369635175697A7A6573'),
	(123,76,X'626C616E6B',X'6C6F6769635175697A7A6573'),
	(124,77,X'E7BC96E7A88BE9A298',X'686F6D65776F726B5175697A7A6573'),
	(125,78,X'E7BC96E7A88BE9A298',X'686F6D65776F726B5175697A7A6573'),
	(126,79,X'E7AE80E58D95E5AEA2E8A782E9A298',X'62617369635175697A7A6573'),
	(127,80,X'E7AE80E58D95E5AEA2E8A782E9A298',X'62617369635175697A7A6573'),
	(128,81,X'E7AE80E58D95E5AEA2E8A782E9A298',X'62617369635175697A7A6573'),
	(129,82,X'E7AE80E58D95E5AEA2E8A782E9A298',X'62617369635175697A7A6573'),
	(130,83,X'E7AE80E58D95E5AEA2E8A782E9A298',X'62617369635175697A7A6573'),
	(131,84,X'E7AE80E58D95E5AEA2E8A782E9A298',X'62617369635175697A7A6573'),
	(132,85,X'E7AE80E58D95E5AEA2E8A782E9A298',X'62617369635175697A7A6573'),
	(133,86,X'E7AE80E58D95E5AEA2E8A782E9A298',X'62617369635175697A7A6573'),
	(134,87,X'E7AE80E58D95E5AEA2E8A782E9A298',X'62617369635175697A7A6573'),
	(135,88,X'E7AE80E58D95E5AEA2E8A782E9A298',X'62617369635175697A7A6573'),
	(136,89,X'E7AE80E58D95E5AEA2E8A782E9A298',X'62617369635175697A7A6573'),
	(137,90,X'E7AE80E58D95E5AEA2E8A782E9A298',X'62617369635175697A7A6573'),
	(138,91,X'E7AE80E58D95E5AEA2E8A782E9A298',X'62617369635175697A7A6573'),
	(139,92,X'E4B8BBE8A782E9A298',X'7375626A6563746976655175697A7A6573'),
	(140,92,X'E7AE80E58D95E5AEA2E8A782E9A298',X'62617369635175697A7A6573'),
	(141,93,X'E4B8BBE8A782E9A298',X'7375626A6563746976655175697A7A6573'),
	(142,93,X'E7AE80E58D95E5AEA2E8A782E9A298',X'62617369635175697A7A6573'),
	(143,94,X'E7AE80E58D95E5AEA2E8A782E9A298',X'62617369635175697A7A6573'),
	(144,94,X'E4B8BBE8A782E9A298',X'7375626A6563746976655175697A7A6573'),
	(145,95,X'E7AE80E58D95E5AEA2E8A782E9A298',X'62617369635175697A7A6573'),
	(146,95,X'E7BC96E7A88BE9A298',X'686F6D65776F726B5175697A7A6573'),
	(147,96,X'E4B8BBE8A782E9A298',X'7375626A6563746976655175697A7A6573'),
	(148,97,X'E7AE80E58D95E5AEA2E8A782E9A298',X'62617369635175697A7A6573'),
	(149,97,X'E4B8BBE8A782E9A298',X'7375626A6563746976655175697A7A6573'),
	(150,97,X'E7BC96E7A88BE9A298',X'686F6D65776F726B5175697A7A6573'),
	(151,98,X'E4B8BBE8A782E9A298',X'7375626A6563746976655175697A7A6573'),
	(152,99,X'E4B8BBE8A782E9A298',X'7375626A6563746976655175697A7A6573'),
	(153,99,X'E7BC96E7A88BE9A298',X'686F6D65776F726B5175697A7A6573'),
	(154,100,X'E7AE80E58D95E5AEA2E8A782E9A298',X'62617369635175697A7A6573'),
	(155,100,X'E4B8BBE8A782E9A298',X'7375626A6563746976655175697A7A6573'),
	(156,100,X'E7BC96E7A88BE9A298',X'686F6D65776F726B5175697A7A6573'),
	(157,101,X'E4B8BBE8A782E9A298',X'7375626A6563746976655175697A7A6573'),
	(158,102,X'E4B8BBE8A782E9A298',X'7375626A6563746976655175697A7A6573'),
	(159,103,X'E585A8E983A8E698AFE98089E68BA9E9A298',X'62617369635175697A7A6573'),
	(160,103,X'E68891E698AFE4B880E4B8AAE5A1ABE7A9BAE9A298',X'62617369635175697A7A6573'),
	(161,104,X'E7AE80E58D95E5AEA2E8A782E9A298',X'62617369635175697A7A6573'),
	(162,105,X'E7AE80E58D95E5AEA2E8A782E9A298',X'62617369635175697A7A6573'),
	(163,106,X'E7AE80E58D95E5AEA2E8A782E9A298',X'62617369635175697A7A6573'),
	(164,107,X'E7AE80E58D95E5AEA2E8A782E9A298',X'62617369635175697A7A6573'),
	(165,108,X'E7AE80E58D95E5AEA2E8A782E9A298',X'62617369635175697A7A6573'),
	(166,109,X'E98089E68BA9E9A298',X'62617369635175697A7A6573'),
	(167,109,X'E7AE80E58D95E5AEA2E8A782E9A298',X'62617369635175697A7A6573'),
	(168,110,X'E98089E68BA9E9A298',X'62617369635175697A7A6573'),
	(169,110,X'E5A1ABE7A9BAE9A298',X'62617369635175697A7A6573'),
	(170,111,X'E58D95E98089E9A298',X'62617369635175697A7A6573'),
	(171,111,X'E5A1ABE7A9BAE9A298',X'62617369635175697A7A6573'),
	(172,111,X'E4B8BBE8A782E9A298',X'7375626A6563746976655175697A7A6573'),
	(173,112,X'E4B8BBE8A782E9A298',X'7375626A6563746976655175697A7A6573'),
	(174,113,X'E7BC96E7A88BE9A298',X'686F6D65776F726B5175697A7A6573'),
	(175,114,X'E7BC96E7A88BE9A298',X'686F6D65776F726B5175697A7A6573'),
	(176,114,X'E7BC96E7A88BE9A298',X'686F6D65776F726B5175697A7A6573'),
	(177,115,X'E7BC96E7A88BE9A298',X'686F6D65776F726B5175697A7A6573'),
	(178,116,X'E7BC96E7A88BE9A298',X'686F6D65776F726B5175697A7A6573'),
	(179,117,X'E7BC96E7A88BE9A298',X'686F6D65776F726B5175697A7A6573'),
	(180,117,X'E4B8BBE8A782E9A298',X'7375626A6563746976655175697A7A6573'),
	(181,117,X'E5A1ABE7A9BAE9A298',X'62617369635175697A7A6573'),
	(182,117,X'E98089E68BA9E9A298',X'62617369635175697A7A6573'),
	(183,118,X'E4B8BBE8A782E9A298',X'7375626A6563746976655175697A7A6573'),
	(184,119,X'E7BC96E7A88BE9A298',X'686F6D65776F726B5175697A7A6573'),
	(185,119,X'E4B8BBE8A782E9A298',X'7375626A6563746976655175697A7A6573'),
	(186,119,X'E5A1ABE7A9BAE9A298',X'62617369635175697A7A6573'),
	(187,119,X'E98089E68BA9E9A298',X'62617369635175697A7A6573'),
	(188,120,X'E5A1ABE7A9BAE9A298',X'62617369635175697A7A6573'),
	(189,120,X'E98089E68BA9E9A298',X'62617369635175697A7A6573'),
	(190,120,X'E4B8BBE8A782E9A298',X'7375626A6563746976655175697A7A6573'),
	(191,120,X'E7BC96E7A88BE9A298',X'686F6D65776F726B5175697A7A6573'),
	(192,121,X'E7BC96E7A88BE9A298',X'686F6D65776F726B5175697A7A6573'),
	(193,122,X'E7BC96E7A88BE9A298',X'686F6D65776F726B5175697A7A6573'),
	(194,123,X'E7BC96E7A88BE9A298',X'686F6D65776F726B5175697A7A6573'),
	(195,124,X'E7BC96E7A88BE9A298',X'686F6D65776F726B5175697A7A6573'),
	(196,125,X'E7BC96E7A88BE9A298',X'686F6D65776F726B5175697A7A6573'),
	(197,126,X'E7BC96E7A88BE9A298',X'686F6D65776F726B5175697A7A6573'),
	(198,127,X'E7BC96E7A88BE9A298',X'686F6D65776F726B5175697A7A6573'),
	(199,128,X'E7BC96E7A88BE9A298',X'686F6D65776F726B5175697A7A6573'),
	(200,129,X'E7BC96E7A88BE9A298',X'686F6D65776F726B5175697A7A6573'),
	(201,129,X'E7AE80E58D95E5AEA2E8A782E9A298',X'62617369635175697A7A6573'),
	(202,130,X'E7BC96E7A88BE9A298',X'686F6D65776F726B5175697A7A6573'),
	(203,131,X'E7BC96E7A88BE9A298',X'686F6D65776F726B5175697A7A6573'),
	(204,132,X'E7BC96E7A88BE9A298',X'686F6D65776F726B5175697A7A6573'),
	(205,133,X'E7BC96E7A88BE9A298',X'686F6D65776F726B5175697A7A6573'),
	(206,134,X'E4B8BBE8A782E9A298',X'7375626A6563746976655175697A7A6573'),
	(207,134,X'E7BC96E7A88BE9A298',X'686F6D65776F726B5175697A7A6573'),
	(208,135,X'E5889DE5A78BE695B0E7BB84',X'7375626A6563746976655175697A7A6573'),
	(209,136,X'E695B0E7BB84',X'7375626A6563746976655175697A7A6573'),
	(210,137,X'E8BDAFE4BBB6E5928CE5B7A5E585B7',X'7375626A6563746976655175697A7A6573'),
	(211,138,X'6D61726B646F776EE4BDBFE794A8',X'7375626A6563746976655175697A7A6573'),
	(212,139,X'E7BC96E7A88BE9A298',X'686F6D65776F726B5175697A7A6573'),
	(213,140,X'6A7320E98089E68BA9E9A298',X'62617369635175697A7A6573'),
	(214,141,X'4A61766153637269707420E5A1ABE7A9BAE9A298',X'62617369635175697A7A6573'),
	(215,142,X'E7BC96E7A88BE9A298',X'686F6D65776F726B5175697A7A6573'),
	(216,143,X'E7BC96E7A88BE9A298',X'686F6D65776F726B5175697A7A6573'),
	(217,144,X'E7BC96E7A88BE9A298',X'686F6D65776F726B5175697A7A6573'),
	(218,145,X'E7BC96E7A88BE9A298',X'686F6D65776F726B5175697A7A6573'),
	(219,146,X'E7BC96E7A88BE9A298',X'686F6D65776F726B5175697A7A6573'),
	(220,147,X'E7BC96E7A88BE9A298',X'686F6D65776F726B5175697A7A6573'),
	(221,148,X'E7BC96E7A88BE9A298',X'686F6D65776F726B5175697A7A6573'),
	(222,149,X'E7BC96E7A88BE9A298',X'686F6D65776F726B5175697A7A6573'),
	(223,150,X'E7BC96E7A88BE9A298',X'686F6D65776F726B5175697A7A6573'),
	(224,151,X'E4B8BBE8A782E9A298',X'7375626A6563746976655175697A7A6573'),
	(225,152,X'E4B8BBE8A782E9A298',X'7375626A6563746976655175697A7A6573'),
	(226,153,X'E4B8BBE8A782E9A298',X'7375626A6563746976655175697A7A6573'),
	(227,154,X'E4B8BBE8A782E9A298',X'7375626A6563746976655175697A7A6573'),
	(228,155,X'E7BC96E7A88BE9A298',X'686F6D65776F726B5175697A7A6573'),
	(229,156,X'E5A682E4BD95E68F90E997AE',X'7375626A6563746976655175697A7A6573'),
	(230,157,X'4D61726B646F776E20E79A84E4BDBFE794A8',X'7375626A6563746976655175697A7A6573'),
	(231,158,X'E98089E68BA9E9A298',X'62617369635175697A7A6573'),
	(232,158,X'E4B8BBE8A782E9A298',X'7375626A6563746976655175697A7A6573'),
	(233,158,X'E5A1ABE7A9BAE9A298',X'62617369635175697A7A6573'),
	(234,158,X'E7BC96E7A88BE9A298',X'686F6D65776F726B5175697A7A6573'),
	(235,159,X'E7BC96E7A88BE9A298',X'686F6D65776F726B5175697A7A6573'),
	(236,160,X'E7BC96E7A88BE9A298',X'686F6D65776F726B5175697A7A6573'),
	(237,161,X'E7AE80E58D95E5AEA2E8A782E9A298',X'62617369635175697A7A6573'),
	(238,162,X'E7AE80E58D95E5AEA2E8A782E9A298',X'62617369635175697A7A6573'),
	(239,163,X'E4B8BBE8A782E9A298',X'7375626A6563746976655175697A7A6573'),
	(240,164,X'E7BC96E7A88BE9A298',X'686F6D65776F726B5175697A7A6573'),
	(241,165,X'E7AE80E58D95E5AEA2E8A782E9A298',X'62617369635175697A7A6573'),
	(242,166,X'E7AE80E58D95E5AEA2E8A782E9A298',X'62617369635175697A7A6573'),
	(243,167,X'E7AE80E58D95E5AEA2E8A782E9A298',X'62617369635175697A7A6573'),
	(244,168,X'E7AE80E58D95E5AEA2E8A782E9A298',X'62617369635175697A7A6573'),
	(245,169,X'E4B8BBE8A782E9A298',X'7375626A6563746976655175697A7A6573'),
	(246,170,X'E7AE80E58D95E5AEA2E8A782E9A298',X'62617369635175697A7A6573'),
	(247,171,X'E7AE80E58D95E5AEA2E8A782E9A298',X'62617369635175697A7A6573'),
	(248,172,X'E7AE80E58D95E5AEA2E8A782E9A298',X'62617369635175697A7A6573'),
	(249,173,X'E7BC96E7A88BE9A298',X'686F6D65776F726B5175697A7A6573'),
	(250,174,X'E7BC96E7A88BE9A298',X'686F6D65776F726B5175697A7A6573'),
	(251,175,X'E7BC96E7A88BE9A298',X'686F6D65776F726B5175697A7A6573'),
	(252,176,X'E7BC96E7A88BE9A298',X'686F6D65776F726B5175697A7A6573'),
	(253,177,X'E7BC96E7A88BE9A298',X'686F6D65776F726B5175697A7A6573'),
	(254,178,X'E7BC96E7A88BE9A298',X'686F6D65776F726B5175697A7A6573'),
	(255,179,X'E7BC96E7A88BE9A298',X'686F6D65776F726B5175697A7A6573'),
	(256,180,X'E7BC96E7A88BE9A298',X'686F6D65776F726B5175697A7A6573'),
	(257,181,X'E7BC96E7A88BE9A298',X'686F6D65776F726B5175697A7A6573'),
	(258,182,X'E7BC96E7A88BE9A298',X'686F6D65776F726B5175697A7A6573'),
	(259,183,X'E7BC96E7A88BE9A298',X'686F6D65776F726B5175697A7A6573'),
	(260,184,X'E7BC96E7A88BE9A298',X'686F6D65776F726B5175697A7A6573'),
	(261,184,X'E7AE80E58D95E5AEA2E8A782E9A298',X'62617369635175697A7A6573'),
	(262,185,X'E7BC96E7A88BE9A298',X'686F6D65776F726B5175697A7A6573'),
	(263,186,X'E7BC96E7A88BE9A298',X'686F6D65776F726B5175697A7A6573'),
	(264,187,X'E7BC96E7A88BE9A298',X'686F6D65776F726B5175697A7A6573'),
	(265,188,X'E4B8BBE8A782E9A298',X'7375626A6563746976655175697A7A6573'),
	(266,189,X'E4B8BBE8A782E9A298',X'7375626A6563746976655175697A7A6573'),
	(267,190,X'E4B8BBE8A782E9A298',X'7375626A6563746976655175697A7A6573'),
	(268,191,X'E4B8BBE8A782E9A298',X'7375626A6563746976655175697A7A6573'),
	(269,192,X'E4B8BBE8A782E9A298',X'7375626A6563746976655175697A7A6573'),
	(270,193,X'E7AE80E58D95E5AEA2E8A782E9A298',X'62617369635175697A7A6573'),
	(271,193,X'E4B8BBE8A782E9A298',X'7375626A6563746976655175697A7A6573'),
	(272,194,X'E4B8BBE8A782E9A298',X'7375626A6563746976655175697A7A6573'),
	(273,194,X'E7AE80E58D95E5AEA2E8A782E9A298',X'62617369635175697A7A6573'),
	(274,195,X'E7AE80E58D95E5AEA2E8A782E9A298',X'62617369635175697A7A6573'),
	(275,196,X'E7AE80E58D95E5AEA2E8A782E9A298',X'62617369635175697A7A6573'),
	(276,197,X'E7AE80E58D95E5AEA2E8A782E9A298',X'62617369635175697A7A6573'),
	(277,198,X'E7BC96E7A88BE9A298',X'686F6D65776F726B5175697A7A6573'),
	(278,198,X'E4B8BBE8A782E9A298',X'7375626A6563746976655175697A7A6573'),
	(279,198,X'E7AE80E58D95E5AEA2E8A782E9A298',X'62617369635175697A7A6573'),
	(280,199,X'E7AE80E58D95E5AEA2E8A782E9A298',X'62617369635175697A7A6573'),
	(281,200,X'E7BC96E7A88BE9A298',X'686F6D65776F726B5175697A7A6573'),
	(282,200,X'E4B8BBE8A782E9A298',X'7375626A6563746976655175697A7A6573'),
	(283,200,X'E5A1ABE7A9BAE9A298',X'62617369635175697A7A6573'),
	(284,200,X'E98089E68BA9E9A298',X'62617369635175697A7A6573'),
	(285,201,X'E4B8BBE8A782E9A298',X'7375626A6563746976655175697A7A6573'),
	(286,202,X'E4B8BBE8A782E9A298',X'7375626A6563746976655175697A7A6573'),
	(287,203,X'E4B8BBE8A782E9A298',X'7375626A6563746976655175697A7A6573'),
	(288,204,X'E7BC96E7A88BE9A298',X'686F6D65776F726B5175697A7A6573'),
	(289,205,X'E7AE80E58D95E5AEA2E8A782E9A298',X'62617369635175697A7A6573'),
	(290,206,X'E7BC96E7A88BE9A298',X'686F6D65776F726B5175697A7A6573'),
	(291,207,X'E7BC96E7A88BE9A298',X'686F6D65776F726B5175697A7A6573'),
	(292,208,X'6C6F6769635175697A',X'6C6F6769635175697A7A6573'),
	(293,208,X'E7BC96E7A88BE9A298',X'686F6D65776F726B5175697A7A6573'),
	(294,209,X'6C6F6769635175697A',X'6C6F6769635175697A7A6573'),
	(295,209,X'E7BC96E7A88BE9A298',X'686F6D65776F726B5175697A7A6573'),
	(296,210,X'E7AE80E58D95E5AEA2E8A782E9A298',X'62617369635175697A7A6573'),
	(297,211,X'E4B8BBE8A782E9A298',X'7375626A6563746976655175697A7A6573'),
	(298,212,X'E7BC96E7A88BE9A298',X'686F6D65776F726B5175697A7A6573'),
	(299,213,X'E7BC96E7A88BE9A298',X'686F6D65776F726B5175697A7A6573'),
	(300,214,X'E7BC96E7A88BE9A298',X'686F6D65776F726B5175697A7A6573'),
	(301,214,X'E4B8BBE8A782E9A298',X'7375626A6563746976655175697A7A6573'),
	(302,214,X'E7AE80E58D95E5AEA2E8A782E9A298',X'62617369635175697A7A6573'),
	(303,214,X'E7AE80E58D95E5AEA2E8A782E9A298',X'62617369635175697A7A6573'),
	(304,215,X'E7AE80E58D95E5AEA2E8A782E9A298',X'62617369635175697A7A6573'),
	(305,215,X'E7AE80E58D95E5AEA2E8A782E9A298',X'62617369635175697A7A6573'),
	(306,216,X'E7AE80E58D95E5AEA2E8A782E9A298',X'62617369635175697A7A6573'),
	(307,217,X'E4B8BBE8A782E9A298',X'7375626A6563746976655175697A7A6573'),
	(308,218,X'E7BC96E7A88BE9A298',X'686F6D65776F726B5175697A7A6573'),
	(309,219,X'6C6F6769635175697A',X'6C6F6769635175697A7A6573'),
	(310,220,X'E7AE80E58D95E5AEA2E8A782E9A298',X'62617369635175697A7A6573'),
	(311,221,X'6C6F6769635175697A',X'6C6F6769635175697A7A6573'),
	(312,222,X'E4B8BBE8A782E9A298',X'7375626A6563746976655175697A7A6573'),
	(313,222,X'E7AE80E58D95E5AEA2E8A782E9A298',X'62617369635175697A7A6573'),
	(314,223,X'E4B8BBE8A782E9A298',X'7375626A6563746976655175697A7A6573'),
	(315,223,X'E7AE80E58D95E5AEA2E8A782E9A298',X'62617369635175697A7A6573'),
	(316,224,X'E4B8BBE8A782E9A298',X'7375626A6563746976655175697A7A6573'),
	(317,224,X'E7AE80E58D95E5AEA2E8A782E9A298',X'62617369635175697A7A6573'),
	(318,225,X'E4B8BBE8A782E9A298',X'7375626A6563746976655175697A7A6573'),
	(319,226,X'E4B8BBE8A782E9A298',X'7375626A6563746976655175697A7A6573'),
	(320,227,X'E4B8BBE8A782E9A298',X'7375626A6563746976655175697A7A6573'),
	(321,228,X'E4B8BBE8A782E9A298',X'7375626A6563746976655175697A7A6573'),
	(322,228,X'E4B8BBE8A782E9A298',X'7375626A6563746976655175697A7A6573'),
	(323,229,X'E4B8BBE8A782E9A298',X'7375626A6563746976655175697A7A6573'),
	(324,229,X'E4B8BBE8A782E9A298',X'7375626A6563746976655175697A7A6573'),
	(325,230,X'E4B8BBE8A782E9A298',X'7375626A6563746976655175697A7A6573'),
	(326,230,X'E4B8BBE8A782E9A298',X'7375626A6563746976655175697A7A6573');

/*!40000 ALTER TABLE `section` ENABLE KEYS */;
UNLOCK TABLES;


# Dump of table sectionQuiz
# ------------------------------------------------------------

DROP TABLE IF EXISTS `sectionQuiz`;

CREATE TABLE `sectionQuiz` (
  `id` int(11) NOT NULL AUTO_INCREMENT,
  `sectionId` int(11) NOT NULL,
  `quizId` int(11) NOT NULL,
  PRIMARY KEY (`id`)
) ENGINE=InnoDB DEFAULT CHARSET=utf8 COLLATE=utf8_bin;

LOCK TABLES `sectionQuiz` WRITE;
/*!40000 ALTER TABLE `sectionQuiz` DISABLE KEYS */;

INSERT INTO `sectionQuiz` (`id`, `sectionId`, `quizId`)
VALUES
	(1,1,1),
	(2,2,100),
	(3,3,1),
	(4,4,2),
	(5,5,1),
	(6,6,105),
	(7,6,106),
	(8,7,107),
	(9,8,3),
	(10,9,108),
	(11,10,1),
	(12,11,4),
	(13,12,5),
	(14,13,6),
	(15,14,7),
	(16,15,8),
	(17,16,9),
	(18,17,10),
	(19,18,2),
	(20,19,125),
	(21,19,60),
	(22,19,88),
	(23,20,2),
	(24,21,11),
	(25,22,126),
	(26,22,61),
	(27,22,89),
	(28,23,12),
	(29,24,127),
	(30,25,13),
	(31,26,14),
	(32,27,128),
	(33,28,15),
	(34,29,16),
	(35,30,129),
	(36,31,130),
	(37,32,2),
	(38,33,2),
	(39,34,17),
	(40,35,3),
	(41,35,2),
	(42,36,18),
	(43,37,131),
	(44,37,90),
	(45,38,62),
	(46,39,132),
	(47,40,63),
	(48,41,133),
	(49,42,134),
	(50,43,135),
	(51,44,4),
	(52,45,4),
	(53,45,5),
	(54,46,6),
	(55,46,7),
	(56,47,19),
	(57,48,4),
	(58,48,5),
	(59,49,64),
	(60,49,136),
	(61,49,91),
	(62,50,20),
	(63,51,137),
	(64,51,65),
	(65,52,138),
	(66,52,66),
	(67,52,92),
	(68,53,4),
	(69,53,5),
	(70,54,4),
	(71,54,5),
	(72,55,139),
	(73,55,67),
	(74,56,21),
	(75,57,140),
	(76,58,4),
	(77,59,141),
	(78,60,142),
	(79,61,4),
	(80,62,5),
	(81,63,4),
	(82,64,5),
	(83,65,8),
	(84,66,7),
	(85,67,6),
	(86,68,8),
	(87,69,143),
	(88,70,68),
	(89,71,22),
	(90,72,144),
	(91,73,2),
	(92,74,145),
	(93,75,146),
	(94,76,147),
	(95,77,148),
	(96,78,23),
	(97,79,149),
	(98,80,150),
	(99,81,2),
	(100,82,2),
	(101,83,9),
	(102,84,24),
	(103,85,25),
	(104,86,9),
	(105,87,26),
	(106,88,9),
	(107,89,151),
	(108,90,27),
	(109,91,28),
	(110,92,152),
	(111,93,9),
	(112,94,154),
	(113,95,29),
	(114,96,69),
	(115,97,9),
	(116,97,7),
	(117,98,9),
	(118,99,9),
	(119,100,9),
	(120,101,7),
	(121,102,155),
	(122,103,156),
	(123,104,9),
	(124,105,9),
	(125,106,9),
	(126,107,9),
	(127,108,9),
	(128,108,7),
	(129,109,9),
	(130,110,7),
	(131,111,30),
	(132,112,157),
	(133,113,158),
	(134,114,31),
	(135,115,159),
	(136,116,160),
	(137,117,161),
	(138,117,162),
	(139,118,163),
	(140,119,164),
	(141,120,70),
	(142,120,93),
	(143,121,165),
	(144,122,166),
	(145,123,32),
	(146,124,9),
	(147,125,9),
	(148,126,167),
	(149,127,167),
	(150,128,168),
	(151,128,169),
	(152,129,168),
	(153,129,169),
	(154,130,170),
	(155,131,170),
	(156,132,171),
	(157,133,171),
	(158,134,172),
	(159,135,173),
	(160,136,173),
	(161,137,174),
	(162,137,175),
	(163,137,176),
	(164,138,174),
	(165,138,175),
	(166,138,176),
	(167,139,1),
	(168,140,177),
	(169,141,1),
	(170,142,177),
	(171,143,178),
	(172,144,2),
	(173,145,179),
	(174,145,180),
	(175,145,181),
	(176,145,182),
	(177,145,183),
	(178,146,2),
	(179,147,4),
	(180,148,184),
	(181,148,185),
	(182,148,186),
	(183,148,187),
	(184,148,188),
	(185,148,189),
	(186,149,5),
	(187,149,6),
	(188,150,9),
	(189,151,7),
	(190,152,8),
	(191,153,9),
	(192,154,190),
	(193,154,191),
	(194,154,192),
	(195,155,9),
	(196,156,9),
	(197,157,10),
	(198,158,11),
	(199,159,193),
	(200,159,194),
	(201,159,195),
	(202,159,196),
	(203,160,197),
	(204,160,198),
	(205,161,199),
	(206,162,200),
	(207,162,201),
	(208,162,202),
	(209,162,203),
	(210,163,204),
	(211,163,205),
	(212,163,206),
	(213,163,207),
	(214,164,208),
	(215,164,209),
	(216,165,210),
	(217,166,211),
	(218,166,212),
	(219,166,213),
	(220,166,214),
	(221,167,215),
	(222,167,216),
	(223,168,217),
	(224,168,218),
	(225,169,219),
	(226,169,220),
	(227,170,221),
	(228,170,222),
	(229,171,223),
	(230,172,12),
	(231,173,13),
	(232,174,10),
	(233,175,10),
	(234,177,10),
	(235,178,10),
	(236,179,10),
	(237,180,14),
	(238,181,224),
	(239,182,225),
	(240,182,226),
	(241,183,15),
	(242,184,10),
	(243,185,16),
	(244,186,227),
	(245,187,228),
	(246,187,229),
	(247,188,230),
	(248,189,231),
	(249,189,232),
	(250,190,17),
	(251,191,10),
	(252,192,12),
	(253,193,10),
	(254,194,12),
	(255,195,12),
	(256,196,13),
	(257,197,13),
	(258,198,7),
	(259,199,12),
	(260,200,13),
	(261,201,233),
	(262,202,10),
	(263,203,13),
	(264,204,10),
	(265,205,13),
	(266,206,18),
	(267,207,10),
	(268,208,30),
	(269,209,32),
	(270,210,33),
	(271,211,34),
	(272,212,10),
	(273,213,234),
	(274,213,235),
	(275,214,236),
	(276,215,13),
	(277,216,10),
	(278,217,13),
	(279,218,13),
	(280,219,10),
	(281,220,13),
	(282,221,10),
	(283,222,13),
	(284,223,11),
	(285,224,35),
	(286,225,36),
	(287,226,37),
	(288,227,38),
	(289,228,14),
	(290,229,39),
	(291,230,40),
	(292,231,237),
	(293,231,238),
	(294,232,41),
	(295,233,239),
	(296,234,14),
	(297,235,15),
	(298,236,15),
	(299,237,240),
	(300,238,241),
	(301,239,42),
	(302,240,15),
	(303,241,242),
	(304,242,243),
	(305,243,244),
	(306,244,245),
	(307,245,43),
	(308,246,246),
	(309,247,247),
	(310,248,248),
	(311,249,21),
	(312,250,21),
	(313,251,21),
	(314,252,9),
	(315,253,21),
	(316,254,21),
	(317,255,21),
	(318,256,21),
	(319,257,21),
	(320,258,21),
	(321,259,21),
	(322,260,10),
	(323,261,249),
	(324,262,10),
	(325,263,15),
	(326,264,21),
	(327,265,44),
	(328,266,45),
	(329,267,46),
	(330,268,47),
	(331,269,48),
	(332,270,250),
	(333,270,251),
	(334,271,49),
	(335,271,50),
	(336,272,51),
	(337,272,52),
	(338,273,254),
	(339,273,255),
	(340,274,257),
	(341,275,258),
	(342,276,260),
	(343,276,261),
	(344,277,10),
	(345,277,11),
	(346,278,53),
	(347,279,263),
	(348,280,264),
	(349,281,20),
	(350,282,54),
	(351,283,265),
	(352,284,266),
	(353,284,267),
	(354,285,62),
	(355,286,63),
	(356,287,64),
	(357,288,10),
	(358,289,285),
	(359,290,4),
	(360,291,4),
	(361,292,33),
	(362,293,10),
	(363,294,34),
	(364,295,4),
	(365,296,286),
	(366,297,66),
	(367,298,24),
	(368,299,25),
	(369,300,26),
	(370,301,68),
	(371,302,289),
	(372,303,290),
	(373,303,291),
	(374,304,292),
	(375,305,293),
	(376,305,294),
	(377,305,295),
	(378,305,296),
	(379,305,297),
	(380,305,298),
	(381,305,299),
	(382,305,300),
	(383,305,301),
	(384,305,302),
	(385,306,303),
	(386,306,304),
	(387,307,69),
	(388,308,15),
	(389,309,35),
	(390,310,305),
	(391,311,36),
	(392,312,70),
	(393,313,307),
	(394,313,308),
	(395,314,71),
	(396,315,309),
	(397,315,310),
	(398,316,72),
	(399,317,311),
	(400,318,73),
	(401,319,74),
	(402,320,75),
	(403,321,76),
	(404,322,77),
	(405,323,78),
	(406,324,79),
	(407,325,80),
	(408,326,81);

/*!40000 ALTER TABLE `sectionQuiz` ENABLE KEYS */;
UNLOCK TABLES;


# Dump of table stack
# ------------------------------------------------------------

DROP TABLE IF EXISTS `stack`;

CREATE TABLE `stack` (
  `stackId` int(11) NOT NULL AUTO_INCREMENT,
  `description` varchar(256) DEFAULT NULL,
  `makerId` int(11) DEFAULT NULL,
  `title` varchar(256) DEFAULT NULL,
  `definition` varchar(256) DEFAULT NULL,
  `createTime` timestamp NULL DEFAULT CURRENT_TIMESTAMP,
  `isAvailable` int(1) DEFAULT '1',
  `referenceNumber` int(1) DEFAULT '0',
  `buildNumber` int(11) DEFAULT NULL,
  PRIMARY KEY (`stackId`)
) ENGINE=InnoDB DEFAULT CHARSET=utf8;

LOCK TABLES `stack` WRITE;
/*!40000 ALTER TABLE `stack` DISABLE KEYS */;

INSERT INTO `stack` (`stackId`, `description`, `makerId`, `title`, `definition`, `createTime`, `isAvailable`, `referenceNumber`, `buildNumber`)
VALUES
	(1,'node:boron-alpine',NULL,'node:boron-alpine','node:boron-alpine','2018-05-17 10:10:25',1,0,NULL),
	(2,'hauhsuhaha',NULL,'node:6.9.5','node:6.9.5','2018-05-17 10:10:25',1,0,NULL),
	(3,'node:6.9.5',NULL,'node:6.9.5','node:6.9.5','2018-05-17 10:10:25',1,0,NULL),
	(4,'this is java images',NULL,'java:8u111-jre-alpine','java:8u111-jre-alpine','2018-05-17 10:10:25',1,0,NULL),
	(5,'this is java images',NULL,'java:8u111-jre-alpine','java:8u111-jre-alpine','2018-05-17 10:10:25',1,0,NULL),
	(6,'## this is node image',NULL,'node:8-alpine','node:8-alpine','2018-05-17 10:10:25',1,0,NULL),
	(8,'node',NULL,'node:6.0','node:6.0','2018-05-17 10:10:25',1,0,NULL),
	(9,'node',NULL,'node:5.5','node:5.5','2018-05-17 10:10:25',1,0,NULL),
	(10,'node',NULL,'node:5.4','node:5.4','2018-05-17 10:10:25',1,0,NULL),
	(11,'node',NULL,'node:5.3','node:5.3','2018-05-17 10:10:25',1,0,NULL),
	(12,'123',NULL,'node:6.8.1','node:6.8.1','2018-05-17 10:10:25',1,0,NULL),
	(15,'node:5.',NULL,'node:5.0','node:5.0','2018-05-17 10:10:25',1,0,NULL);

/*!40000 ALTER TABLE `stack` ENABLE KEYS */;
UNLOCK TABLES;


# Dump of table studentMentor
# ------------------------------------------------------------

DROP TABLE IF EXISTS `studentMentor`;

CREATE TABLE `studentMentor` (
  `mentorId` int(11) NOT NULL,
  `studentId` int(11) NOT NULL,
  PRIMARY KEY (`studentId`,`mentorId`),
  KEY `mentorId` (`mentorId`),
  CONSTRAINT `studentMentor_ibfk_1` FOREIGN KEY (`studentId`) REFERENCES `users` (`id`),
  CONSTRAINT `studentMentor_ibfk_2` FOREIGN KEY (`mentorId`) REFERENCES `users` (`id`)
) ENGINE=InnoDB DEFAULT CHARSET=utf8 COLLATE=utf8_bin;



# Dump of table subjectiveQuiz
# ------------------------------------------------------------

DROP TABLE IF EXISTS `subjectiveQuiz`;

CREATE TABLE `subjectiveQuiz` (
  `id` int(11) NOT NULL AUTO_INCREMENT,
  `description` varchar(15000) DEFAULT NULL,
  `isAvailable` int(1) DEFAULT '1',
  `makerId` int(11) DEFAULT NULL,
  `referenceNumber` int(11) DEFAULT '0',
  `createTime` timestamp NULL DEFAULT CURRENT_TIMESTAMP,
  `updateTime` timestamp NULL DEFAULT CURRENT_TIMESTAMP,
  `remark` varchar(100) DEFAULT NULL,
  PRIMARY KEY (`id`)
) ENGINE=InnoDB DEFAULT CHARSET=utf8;

LOCK TABLES `subjectiveQuiz` WRITE;
/*!40000 ALTER TABLE `subjectiveQuiz` DISABLE KEYS */;

INSERT INTO `subjectiveQuiz` (`id`, `description`, `isAvailable`, `makerId`, `referenceNumber`, `createTime`, `updateTime`, `remark`)
VALUES
	(1,'fasdas',1,1,0,'2018-05-17 10:09:22','2018-05-17 10:09:22',NULL),
	(2,'dfnasdjf fasdj',1,1,0,'2018-05-17 10:09:22','2018-05-17 10:09:22',NULL),
	(3,'你是个哈怂',1,1,0,'2018-05-17 10:09:22','2018-05-17 10:09:22',NULL),
	(4,'你是哈怂吗',1,1,0,'2018-05-17 10:09:22','2018-05-17 10:09:22',NULL),
	(5,'我是一个主观题  随便填',1,1,0,'2018-05-17 10:09:22','2018-05-17 10:09:22',NULL),
	(6,'你是 哈怂 嘛   哈怂',1,1,0,'2018-05-17 10:09:22','2018-05-17 10:09:22',NULL),
	(7,'我是来提交答案的',1,1,0,'2018-05-17 10:09:22','2018-05-17 10:09:22',NULL),
	(8,'曾随阿什顿飞机',1,1,0,'2018-05-17 10:09:22','2018-05-17 10:09:22',NULL),
	(9,'我是一个主观题',1,1,0,'2018-05-17 10:09:22','2018-05-17 10:09:22',NULL),
	(10,'wode ge',1,1,0,'2018-05-17 10:09:22','2018-05-17 10:09:22',NULL),
	(11,'爱仕达',1,1,0,'2018-05-17 10:09:22','2018-05-17 10:09:22',NULL),
	(12,'再来一个主观题',1,1,0,'2018-05-17 10:09:22','2018-05-17 10:09:22',NULL),
	(13,'我是一个主观题',1,1,0,'2018-05-17 10:09:22','2018-05-17 10:09:22',NULL),
	(14,'测试所有测试所有',1,1,0,'2018-05-17 10:09:22','2018-05-17 10:09:22',NULL),
	(15,'我是一个主观题',1,1,0,'2018-05-17 10:09:22','2018-05-17 10:09:22',NULL),
	(16,'主观题',1,1,0,'2018-05-17 10:09:22','2018-05-17 10:09:22',NULL),
	(17,'我是主观题',1,1,0,'2018-05-17 10:09:22','2018-05-17 10:09:22',NULL),
	(18,'啊搜索v',1,1,0,'2018-05-17 10:09:22','2018-05-17 10:09:22',NULL),
	(19,'12312313123',1,1,0,'2018-05-17 10:09:22','2018-05-17 10:09:22',NULL),
	(20,'在JavaScript中，除了对象(Object)外，',1,NULL,0,'2018-05-17 10:09:22','2018-05-17 10:09:22',NULL),
	(21,'在JavaScript中，除了对象(Object)外，数组(Array)类型应该是最常用的数据类型了。数组是数据的有序列表，在JavaScript',1,1,0,'2018-05-17 10:09:22','2018-05-17 10:09:22',NULL),
	(22,'在JavaScript中，除了对象(Object)外，数组(Array)类型应该是最常用的数据类型了。数组是数据的有序列表，在JavaScript在',1,1,0,'2018-05-17 10:09:22','2018-05-17 10:09:22',NULL),
	(23,'JavaScript中，除了对象(Object)外，数组(Array)类型应该是最常用的数据类型了。数组是数据的有序列表，在JavaScript',1,1,0,'2018-05-17 10:09:22','2018-05-17 10:09:22',NULL),
	(24,'JavaScript中，除了对象(Object)外，数组(Array)类型应该是最常用的数据类型了。数组是数据的有序列表，在JavaScript',1,1,0,'2018-05-17 10:09:22','2018-05-17 10:09:22',NULL),
	(25,'JavaScript中，除了对象(Object)外，数组(Array)类型应该是最常用的数据类型了。数组是数据的有序列表，在JavaScript萨达所大所多阿萨德',1,1,0,'2018-05-17 10:09:22','2018-05-17 10:09:22',NULL),
	(26,'爱仕达所大所多爱仕达所多阿萨德爱仕达所大声说所所所所所所所所所所所所所所所所所所所所所所所所所所所所所所所所所所所所所所所所所所所所所',1,1,0,'2018-05-17 10:09:22','2018-05-17 10:09:22',NULL),
	(27,'几哈实打实的哈萨克结婚的卡仕达深刻的哈萨克大家按时打卡上打上看到哈萨克的哈萨克的哈萨克回答是客户端卡时间的回家啊是的哈就是看到哈萨克的哈市就看到哈市的卡哈斯的客户卡收到卡还是对哈萨',1,1,0,'2018-05-17 10:09:22','2018-05-17 10:09:22',NULL),
	(28,'克的哈萨克回答说开会的卡上的卡上的卡上的卡号是打开哈萨克的哈克斯号地块哈市客户端卡收到卡哈斯卡大胜靠德按时的卡上的卡上大师课等哈看收到卡还上课还打算看电话卡收到卡上的卡上的哈市的看哈快速打开时刻',1,1,0,'2018-05-17 10:09:22','2018-05-17 10:09:22',NULL),
	(29,'克的哈萨克回答说开会的卡上的卡上的卡上的卡号是打开哈萨克的哈克斯号地块哈市客户端卡收到卡哈斯卡大胜靠德按时的卡上的卡上大师课等哈看收到卡还上课还打算看电话卡收到卡上的卡上的哈市的看哈快速打开时刻克的哈萨克回答说开会的卡上的卡上的卡上的卡号是打开哈萨克的',1,1,0,'2018-05-17 10:09:22','2018-05-17 10:09:22',NULL),
	(30,'正如我们之前所了解到的，HTML控制页面的内容，CSS控制页面的样式，JavaScript控制页面的行为。\n\nHTML文档中的一个个标签表达的就是页面中的内容；若想要在HTML文档中加入样式，可以在某一个标签中加入style属性同时写上CSS样式即可，如<p style=\"font-size:16px\"><p/>，或者将不同选择器的样式写在HTML文档head中的<style>//some css attributes</style>标签下，也可以在HTML文档中的head下加入link标签外链CSS文件，如：<link rel=\"stylesheet\" type=\"text/css\" href=\"//path to css file\"> 。那么我们如何在HTML文档中引入JavaScript呢？\n\n内部引用\n通过HTML文档内的script标签加载JavaScript代码。\n\n示例：\n\n<script type=\"text/javascript\">\n  document.write(\"Hello World!\");\n</script>\n通过此方式就可以在当前页面中引入script标签中的JavaScript代码。\n\n外部引用\n也是使用HTML文档的script标签，但是要使用script标签的src属性，指向外部JavaScript文件的路径。\n\n示例：\n\n<script src=\"./main.js\" />\n由于HTML文档是由上向下对页面元素进行解析的，所以在一个HTML文档中，所有的<script>元素都会按照它们在页面中出现的顺序依次被解析，默认情况下，只有在解析完前面的<script>元素中的代码之后，才会开始解析后面的<script>元素中的代码，所以为防止网页加载缓慢，也可以把非关键的JavaScript放到网页最后，即主要内容后面，</body>元素的前面。\n\n示例：\n\n// other code ...    \n    <script type=\"text/javascript\" src=\"./main.js\"></script>\n  </body>\n</html>\n使用内部引用的方法在HTML中嵌入JavaScript代码虽然没有问题，但一般认为最好的做法还是尽可能使用外部文件来包含JavaScript代码。不过，并不存在必须使用外部文件的硬性规定，但支持使用外部文件的人多会强调如下优点：\n\n可维护性：遍及不同HTML页面的JavaScript会造成维护问题。但把所有JavaScript文件都放在一个文件夹中，维护起来就轻松多了。而且开发人员因此也能够在不触及HTML标签的情况下，集中精力编辑JavaScript代码。\n可缓存：浏览器能够根据具体的设置缓存链接的所有外部JavaScript文件。也就是说，如果有两个页面都使用同一个文件，那么这个文件只需下载一次。因此，最终结果就是能够加快页面加载的速度。\n适应未来：统一定义JavaScript代码，方便查看，同时使代码更安全，可以压缩，也可以加密某个JavaScript文件。\n其他资料推荐\n\nJavaScript Script - w3schools\nJavaScript Where To - w3schools\n本节练习\n\n分别通过内部引用和外部引用的方式引入下面一段JavaScript代码。\n\ndocument.write(\'Hello World\');',1,1,0,'2018-05-17 10:09:22','2018-05-17 10:09:22',NULL),
	(31,'大叔大婶',1,1,0,'2018-05-17 10:09:22','2018-05-17 10:09:22',NULL),
	(32,'在JavaScript中，除了对象(Object)外，数组(Array)类型应该是最常用的数据类型了。数组是数据的有序列表，在JavaScript中，数组中的每一项可以保存任何类型的数据，也就是说可以用数组的第一项保存字符串，第二项保存数值，第三项保存对象等，同时，JavaScript中数组的长度是可以动态调整的，即可以随着数据的添加自动增长以容纳新增数据。\n\n创建数组的基本方式有两种。第一种是使用JavaScript中Array构造函数，示例如下：\n\n    var fruits = new Array();\n\n如果预先知道数组要保存的项目数量，也可以给构造函数传递该参数，例如，下面的代码将创建一个长度为10的数组：\n\n    var fruits = new Array(10);\n\n创建数组的第二种方式是使用数组字面量表示法。数组字面量也就是说我们直接把数组中的每一个数据项都列出来，包含在一对中括号之间，不同的数据项以逗号隔开，如下所示：\n\n    var fruits = [\'apple\', \'pear\', \'peach\']; // 创建了一个包含三个字符串的数组\n    var names = []; // 创建了一个空数组\n    var values = [1, 2, ,]; // 不要这样做!这样会创建一个包含2项或4项的数组\n\n在我们要对数组进行读取操作时，我们可以使用中括号并提供相应的基于0的数字索引，如下所示：\n\n    var fruits = [\'apple\', \'pear\', \'peach\'];\n    console.log(fruits[0]); // 显示第一项 - \'apple\'\n    fruits[1] = \'grape\'; // 修改第二项\n    console.log(fruits[1]); // 显示第二项 - \'grape\'\n    fruits[3] = \'banana\'; // 新增第四项\n    console.log(fruits[3]); // 显示第四项 - \'banana\'\n\n方括号中的索引表示要访问的值。如果索引小于数组中的项数，就返回对应项的值，就像上例中fruits[0]会返回\'apple\'一样。设置数组中某一项的值也是使用的相同的语法，但会替换指定位置的值。如果设置某个值的索引超过了该数组现有的长度，如上述例子中的fruits[3]所示，数组就会自动增加到该索引值加1的长度（就上例而言，索引是3，因此该数组的长度就是4）。\n\n数组的项数保存在该数组的length属性中，这个属性始终会返回0或者更大的值，如下例所示：\n\n    var fruits = [\'apple\', \'pear\', \'peach\'];\n    console.log(fruits.length); // 3\n    var colors = [];\n    console.log(colors.length); // 0\n\n数组中的length属性很有特点，它不是只读的。因此，我们还可以通过设置这个属性，从数组的末尾移除数据项，请看下面的例子：\n\n    var fruits = [\'apple\', \'pear\', \'peach\'];\n    fruits.length = 2;\n    console.log(fruits[2]); // undefined - 相当于删除了数组中的第三项\n\nJavaScript中常用方法：\n\n- push()方法\n  向数组的末尾添加新的元素。示例如下：\n\n    var fruits = [\'apple\', \'pear\', \'peach\'];\n    fruits.push(\'banana\');\n    console.log(fruits); // [\'apple\', \'pear\', \'peach\', \'banana\']\n\n- pop()方法\n  从数组的末尾移除一个元素。示例如下：\n\n    var fruits = [\'apple\', \'pear\', \'peach\'];\n    fruits.pop();\n    console.log(fruits); // [\'apple\', \'pear\']\n\n- unshift()方法\n  向数组的前面添加新的元素。示例如下：\n\n    var fruits = [\'apple\', \'pear\', \'peach\'];\n    fruits.unshift(\'banana\');\n    console.log(fruits); // [\'banana\', \'apple\', \'pear\', \'peach\']\n\n- shift()方法\n  从数组的前面移除一个元素。示例如下：\n\n    var fruits = [\'apple\', \'pear\', \'peach\'];\n    fruits.shift();\n    console.log(fruits); // [\'pear\', \'peach\']\n\n以上四个方法是我们在对数组进行添加，删除的基本操作。\n\n\n\n- indexOf()方法\n  找到某一个数据项在数组中的索引值。示例如下：\n\n    var fruits = [\'apple\', \'pear\', \'peach\'];\n    console.log(fruits.indexOf(\'pear\')); // 1 \n\n其他资料推荐\n\n- JavaScript数组 - MDN\n- js数组方法全面总结\n- javascript：数组总结\n\n本节练习\n\n- 阅读推荐的链接，复习JavaScript中数组的相关方法\n- 写程序判断下列变量是不是数组类型。\n\n    var a = \'[a, b, c, d]\'; \n    var b = [1, 2, 3, 4];\n\n- 编写程序，将下面数组中的每一项都乘以2。\n\n    var a = [1,2,3,4,5];\n    // should output [2,4,6,8,10]\n\n- 编写程序，按下面的要求输出结果。\n\n    var colors = [\"Red\", \"Green\", \"White\", \"Black\"];\n    // case 1 output: \'Red Green White Black\'\n    // case 2 output: \'Red+Green+White+Black\'\n    // case 3 output: \'Red,Green,White,Black\'\n\n- 编写程序，将下面数组中的数字按从大到小的顺序排序。\n\n    var a = [5,1,8,10,4];\n    // should output: [10,8,5,4,1]\n\n- 编程程序，找出下列数组中出现频率最高的元素。',1,1,0,'2018-05-17 10:09:22','2018-05-17 10:09:22',NULL),
	(33,'- 下载并安装 浏览器 Chrome\n- 下载并安装代码编辑器 Atom\n- 下载并安装 Git\n- 注册 GitHub\n  GitHub 能干嘛？ 怎样使用 GitHub？ 可以先粗略了解\n\n为什么要装这些工具？\n\n这个课程就是一个 Game ， 最终的 MVP 就是使用 HTML 、CSS、JavaScript 完成一个自己的静态网站并共享给他人，主线任务会围绕这一 MVP 进行。\n\n\n\n在游戏开始后，我们需要去了解每一个任务是干吗的，怎么完成才能获得的更多的经验和奖励，而我们想要知道的任何知识都可以在浏览器寻找到。\n\n\n\n通过一番探索，对任务有了一些了解后，我们肯定想要开始实践起来，那么合适的工具就必不可少了，点火的方式有很多，你可以钻木起火，也可以直接拿个打火机点火，Atom 就是这么个打火机，它可以大大的提高我们的工作效率。\n\n\n\n实践是一个过程，其中的经历也是最宝贵的，所以将它们记录下来也是很有必要的，这样就可以看到在整个任务中我们所做的每件事的历史记录，甚至可以回退到以往的每个历史记录时刻，这就好比我们在玩游戏时，先存个档，后面我们可以在任意时刻回退到以往的存档记录。Git  就可以充当这么一个角色。\n\n\n\n打 BOSS 打不过怎么办？想要找一个小伙伴一起打，很简单，只需要将自己的历史记录放在一个公共的平台(GitHub)上，那么你的小伙伴就可以获取你的记录，然后和你一起协作了。',1,5,0,'2018-05-17 10:09:22','2018-05-17 10:09:22',NULL),
	(34,'Markdown 使用\n\n本节学习目标\n\n- 能够熟练掌握 Markdown 语法，并能够使用 Markdown 来写博客。\n\n学习内容\n\n- 各种header, 如#, ##, ###, 等等，以及=====, ------\n- 文字修饰：**, __\n- 分隔符 ------\n- 列表：-以及1.\n- 插入图片：![]()\n- 插入链接：[]() 及 <>\n- 引用： >\n- 行内代码：code，以及代码块 \n- 表格\n\n请观看下面的视频讲解\n\n<video width=\"100%\" id=\"video\" controls=\"\" preload=\"auto\" poster=\"/assets/Markdown-mark.png\">\n\n      <source id=\"mp4\" src=\"/video/Learn The Basics Of Markdown in 10 Minutes With This Video Tutorial.mp4\" type=\"video/mp4\">\n      <p>抱歉，你的浏览器不支持在线视频播放。</p>\n\n</video>\n\n资源与工具\n\n- markdown 编辑器，推荐使用typora\n- 为什么要用Markdown写作\n- 《简书》 提供的 markdown 新手指南\n- 免费的markdown在线预览及示例：http://dillinger.io/\n\n本节练习\n\n- 注册简书账号，并在简书上发布一篇文章，文章的内容为：Markdown基本语法总结。',1,5,0,'2018-05-17 10:09:22','2018-05-17 10:09:22',NULL),
	(35,'<video width=\"100%\" id=\"video\" controls=\"\" preload=\"auto\" poster=\"/assets/Markdown-mark.png\">\n\n      <source id=\"mp4\" src=\"/video/Learn The Basics Of Markdown in 10 Minutes With This Video Tutorial.mp4\" type=\"video/mp4\">\n      <p>抱歉，你的浏览器不支持在线视频播放。</p>\n\n</video>\n测试  video',1,5,0,'2018-05-17 10:09:22','2018-05-17 10:09:22',NULL),
	(36,'<video width=\"100%\" id=\"video\" controls=\"\" preload=\"auto\" poster=\"/assets/Markdown-mark.png\">\n\n      <source id=\"mp4\" src=\"https://tws-challenge.github.io/video/Learn%20The%20Basics%20Of%20Markdown%20in%2010%20Minutes%20With%20This%20Video%20Tutorial.mp4\">\n      <p>抱歉，你的浏览器不支持在线视频播放。</p>\n\n</video>\n哈哈',1,5,0,'2018-05-17 10:09:22','2018-05-17 10:09:22',NULL),
	(37,'https://tws-challenge.github.io/video/Learn%20The%20Basics%20Of%20Markdown%20in%2010%20Minutes%20With%20This%20Video%20Tutorial.mp4\n\n\n可以啊',1,5,0,'2018-05-17 10:09:22','2018-05-17 10:09:22',NULL),
	(38,'https://tws-challenge.github.io/video/Learn%20The%20Basics%20Of%20Markdown%20in%2010%20Minutes%20With%20This%20Video%20Tutorial.mp4\n本节学习目标\n\n能够熟练掌握 Markdown 语法，并能够使用 Markdown 来写博客。\n学习内容\n\n各种header, 如#, ##, ###, 等等，以及=====, ------\n文字修饰：**, __\n分隔符 ------\n列表：-以及1.\n插入图片：![]()\n插入链接：[]() 及 <>\n引用： >\n行内代码：code，以及代码块  \n表格\n请观看下面的视频讲解\n\n\n0:00\n/ 10:55\n\n\n\n资源与工具\n\nmarkdown 编辑器，推荐使用typora\n为什么要用Markdown写作\n《简书》 提供的 markdown 新手指南\n免费的markdown在线预览及示例：http://dillinger.io/\n本节练习\n\n注册简书账号，并在简书上发布一篇文章，文章的内容为：Markdown基本语法总结。',1,5,0,'2018-05-17 10:09:22','2018-05-17 10:09:22',NULL),
	(39,'学习目标\n\n提问是学习过程中必须掌握的技能，它又分为两个场景：\n\n- 如何当面向人请教技术问题\n- 如何在问答网站上提问。\n\n学习内容\n\n1. 遇到问题时，如何全面正确的分析问题，找到关键因素\n2. 如何使用“向小黄鸭提问”的方法来帮助自己理清路\n3. 在向人提问前应该做好哪些准备工作\n4. 在提问时如何清楚的表达自己的问题，并有效与对方沟通\n5. 在网上问答网站提问时，有什么需要注意的地方\n6. 好用的技术类问答网站\n\n资源与工具\n\n- http://segmentfault.com - 技术类问答网站(国内)\n- https://stackoverflow.com - 技术类问答网站(国外)\n- 提问的智慧\n- 小黄鸭调试法\n\n学习完后在下方回复你对如何提问的认识和见解',1,5,0,'2018-05-17 10:09:22','2018-05-17 10:09:22',NULL),
	(40,'本节学习目标\n\n- 能够熟练掌握 Markdown 语法，并能够使用 Markdown 来写博客。\n\n学习内容\n\n- 各种header, 如#, ##, ###, 等等，以及=====, ------\n- 文字修饰：**, __\n- 分隔符 ------\n- 列表：-以及1.\n- 插入图片：![]()\n- 插入链接：[]() 及 <>\n- 引用： >\n- 行内代码：code，以及代码块 \n- 表格\n\n请观看下面的视频讲解\n\n<video width=\"100%\" id=\"video\" controls=\"\" preload=\"auto\" poster=\"/assets/Markdown-mark.png\">\n\n      <source id=\"mp4\" src=\"/video/Learn The Basics Of Markdown in 10 Minutes With This Video Tutorial.mp4\" type=\"video/mp4\">\n      <p>抱歉，你的浏览器不支持在线视频播放。</p>\n\n</video>\n\n资源与工具\n\n- markdown 编辑器，推荐使用typora\n- 为什么要用Markdown写作\n- 《简书》 提供的 markdown 新手指南\n- 免费的markdown在线预览及示例：http://dillinger.io/\n\n本节练习\n\n- 注册简书账号，并在简书上发布一篇文章，文章的内容为：Markdown基本语法总结。',1,5,0,'2018-05-17 10:09:22','2018-05-17 10:09:22',NULL),
	(41,'uuuuu',1,31,0,'2018-05-17 10:09:22','2018-05-17 10:09:22',NULL),
	(42,'do you like me?',1,5,0,'2018-05-17 10:09:22','2018-05-17 10:09:22',NULL),
	(43,'<video width=\"100%\" id=\"video\" controls=\"\" preload=\"auto\" poster=\"\">\n\n      <source id=\"mp4\" src=\"http://media.w3.org/2010/05/sintel/trailer.mp4\" type=\"video/mp4\">\n      <p>抱歉，你的浏览器不支持在线视频播放。</p>\n\n</video>',1,5,0,'2018-05-17 10:09:22','2018-05-17 10:09:22',NULL),
	(44,'1. 什么是 GitHub Pages\n\n> GitHub Pages 是 [GitHub](www.github.com) 的静态页面托管服务。它设计的初衷是为了用户能够直接通过  [GitHub](www.github.com) 仓库来托管用户个人、组织或是项目的专属页面。参考：[What is GitHub Pages?](http://link.zhihu.com/?target=https%3A//help.github.com/articles/what-is-github-pages/)\n\n很多人用它来托管自己的个人博客、个人简历或者是一些 HTML5 的小游戏，这一切都是免费的，但 GitHub  Pages 也有一些 限制\n\n- 仓库存储的所有文件不能超过 1 GB\n- 页面的带宽限制是低于每月 100 GB 或是每月 100,000 次请求。\n- 每小时最多只能部署 10 个静态网站。\n\n\n\n2. 搭建自己的静态网站\n\n**第一步：**创建一个 [GitHub](www.github.com) 账号\n\n**第二步：**创建一个仓库\n\n使用 `username.github.io` 作为仓库名，其中 username 是你 github 的用户名。最后点击 `create repository`\n\n![image.png](http://upload-images.jianshu.io/upload_images/3126293-ed3b61db112bd3c9.png?imageMogr2/auto-orient/strip%7CimageView2/2/w/1240)\n\n\n**第三步：**在创建好的仓库中添加一个 index.html 文件\n![create-index1.png](http://upload-images.jianshu.io/upload_images/3126293-a05aa4c77d6293fe.png?imageMogr2/auto-orient/strip%7CimageView2/2/w/1240)\n\n![![create-finish.png](http://upload-images.jianshu.io/upload_images/3126293-a3dd7a995491f818.png?imageMogr2/auto-orient/strip%7CimageView2/2/w/1240)\n](http://upload-images.jianshu.io/upload_images/3126293-3ee239b4c860494e.png?imageMogr2/auto-orient/strip%7CimageView2/2/w/1240)\n\n简单来说，**变量就是存储信息的容器。**\n\n如下图所示，变量就相当与一个”盒子“，用来存储信息，比如：“Bob”，“true”，35等。同时，为了能够区分不同的盒子里存储的是什么信息，需要为每一个”盒子“起一个名字，称为“**变量名**”。当然，在”盒子“中存储的信息都有不同的**数据类型**，比如，若是存储了姓名`“Bob”`，那它就是**字符串**类型，若是存储了年龄`35`，那它就是**数字**类型，不同的语言会有不同的数据类型，JavaScript也有自己的数据类型，我们将会在下一节中讲述。\n\n变量在使用前通常有两个步骤：**声明**和**初始化**。声明就相当于拿了一个\"盒子\"说这个\"盒子\"就用来存储姓名了，即指定变量名；初始化相当于将信息放在这个\"盒子\"中存储，比如将”Bob“放在\"盒子\"中存储。\n\n\n![变量.png](http://upload-images.jianshu.io/upload_images/3126293-d05963f186064c03.png?imageMogr2/auto-orient/strip%7CimageView2/2/w/1240)\n\n在JavaScript中，变量是松散类型的，所谓松散类型就是可以用变量来保存任何类型的数据。换句哈说，每个变量仅仅是一个用户保存值的占位符而已。在JavaScript中定义变量使用`var`来声明一个变量，后面跟一个变量名，变量名必须是合法的标识符，包含：大小写字母，数组，下划线‘`_`’，美元符号‘`$`’，但不能以数字开头。如下所示：\n\n```JavaScript\nvar message = \'Hello World\';  // Right!\nvar 2age = 30; // Wrong! 变量名不能以数字开头\n```\n\n在上一面提到，JavaScript中的变量是松散类型的，但是松散类型不是说JavaScript中没有数据类型，而意思是：我们在用\"盒子\"来存储信息时，不必规定这个”盒子“这能存储数字类型的信息，而是数字，字符串，日期等什么类型的信息都可以存储，但是数据本身是由数据类型的。\n\n我们也可以像下面这样来声明一个变量：\n\n```JavaScript\nvar information;\n```\n\n这行代码定义了一个名为`information`的变量，该变量可以用来存储任何值（像这样未经过初始化的变量，会被保存一个特殊的值——`undefined`）。\n\n在JavaScript中当一个变量已经被声明和初始化之后，还可以对该变量的值进行修改，如下：\n\n```JavaScript\nvar name = \'Bob\';\nname = \'Mike\';\n```\n\n可以看到在上述代码中的第二行将姓名改为`’Mike‘`。之前我们提到JavaScript是松散类型的，我们是否可以向下面这样修改变量呢？\n\n```JavaScript\nvar name = \'Bob\';\nname = 10; // 有效！但不推荐\n```\n\n在这个例子中，变量`name`一开始保存了一个字符串的值`’Bob‘`，然后该值又被一个数字值`10`取代。虽然这种方式在JavaScript中完全有效，但是我们不建议修改变量时修改所保存值的类型。\n\n有时我们可能需要同时定义多个变量，比如要一起定义姓名，年龄，学号，我们可以用下面的方法来定义变量：\n\n```JavaScript\nvar name = \'Bob\';\nvar age = 16;\nvar stuNo = 0012323;\n\n// 也可以这样定义\nvar name = \'Bob\',\n    age = 16,\n    stuNo = 0012323;\n```\n\n第一种方法我们分别定义了三个变量，通过对比上面两种方法可以发现第二种方法将分号改为逗号，只有一个`var`同时定义了三个变量。同样，由于JavaScript是松散类型的，因而使用不同类型初始化变量的操作可以放在一条语句中来完成。虽然代码里的换行和变量缩进不是必须的，但这样做可以提高代码的可读性。\n\n#### 其他资料推荐\n\n* [JS 变量 - MDN](https://developer.mozilla.org/en-US/docs/Web/JavaScript/Reference/Statements/var)\n\n* [在JS中如何声明变量？](https://www.sitepoint.com/how-to-declare-variables-javascript/)',1,31,0,'2018-05-17 10:09:22','2018-05-17 10:09:22',NULL),
	(45,'爱仕达所',1,31,0,'2018-05-17 10:09:22','2018-05-17 10:09:22',NULL),
	(46,'爱仕达所多',1,31,0,'2018-05-17 10:09:22','2018-05-17 10:09:22',NULL),
	(47,'撒旦',1,31,0,'2018-05-17 10:09:22','2018-05-17 10:09:22',NULL),
	(48,'I love to go to school hahhaha',1,5,0,'2018-05-17 10:09:22','2018-05-17 10:09:22',NULL),
	(49,'范德萨的ASS',1,5,0,'2018-05-17 10:09:22','2018-05-17 10:09:22',NULL),
	(50,'FDSA FWESDAZS',1,5,0,'2018-05-17 10:09:22','2018-05-17 10:09:22',NULL),
	(51,'FDSAAAFD啊，我细化你啊',1,5,0,'2018-05-17 10:09:22','2018-05-17 10:09:22',NULL),
	(52,'发是的撒，房东交撒奥奥奥奥奥奥奥奥奥奥奥奥奥奥奥奥奥奥奥奥',1,5,0,'2018-05-17 10:09:22','2018-05-17 10:09:22',NULL),
	(53,'啊啊啊啊啊啊啊啊',1,5,0,'2018-05-17 10:09:22','2018-05-17 10:09:22',NULL),
	(54,'test-staging',1,5,0,'2018-05-17 10:09:22','2018-05-17 10:09:22',NULL),
	(55,'dsafas',1,NULL,0,'2018-05-17 10:09:22','2018-05-17 10:09:22',NULL),
	(56,'q',1,NULL,0,'2018-05-17 10:09:22','2018-05-17 10:09:22',NULL),
	(57,'w',1,NULL,0,'2018-05-17 10:09:22','2018-05-17 10:09:22',NULL),
	(58,'adf',1,NULL,0,'2018-05-17 10:09:22','2018-05-17 10:09:22',NULL),
	(59,'sadfasdf',1,NULL,0,'2018-05-17 10:09:22','2018-05-17 10:09:22',NULL),
	(60,'ssssss',1,1,0,'2018-05-17 10:09:22','2018-05-17 10:09:22',NULL),
	(61,'啊啊啊啊啊啊啊啊啊啊啊啊啊啊啊啊啊啊啊啊啊啊啊啊啊',1,1,0,'2018-05-17 10:09:22','2018-05-17 10:09:22',NULL),
	(62,'test',1,1,0,'2018-05-17 10:09:22','2018-05-17 10:09:22',NULL),
	(63,'1',1,1,0,'2018-05-17 10:09:22','2018-05-17 10:09:22',NULL),
	(64,'123123',1,1,0,'2018-05-17 10:09:22','2018-05-17 10:09:22',NULL),
	(65,'afafafafa',1,NULL,0,'2018-05-17 10:09:22','2018-05-17 10:09:22',NULL),
	(66,'wreqrqr',1,1,0,'2018-05-17 10:09:22','2018-05-17 10:09:22',NULL),
	(67,'去',1,NULL,0,'2018-05-17 10:09:22','2018-05-17 10:09:22',NULL),
	(68,'aaaaa',1,1,0,'2018-05-17 10:09:22','2018-05-17 10:09:22',NULL),
	(69,'主观题测试',1,1,0,'2018-05-17 10:09:22','2018-05-17 10:09:22',NULL),
	(70,'哈哈哈哈',1,1,0,'2018-05-17 10:09:22','2018-05-17 10:09:22',NULL),
	(71,'测测测测侧我儿热尔',1,5,0,'2018-05-17 10:09:22','2018-05-17 10:09:22',NULL),
	(72,'测测测测',1,5,0,'2018-05-17 10:09:22','2018-05-17 10:09:22',NULL),
	(73,'测试谁是谁',1,5,0,'2018-05-17 10:09:22','2018-05-17 10:09:22',NULL),
	(74,'1233asdasdasd',1,5,0,'2018-05-17 10:09:22','2018-05-17 10:09:22',NULL),
	(75,'主观题阿斯顿',1,5,0,'2018-05-17 10:09:22','2018-05-17 10:09:22',NULL),
	(76,'1',1,31,0,'2018-05-17 10:09:22','2018-05-17 10:09:22',NULL),
	(77,'2',1,31,0,'2018-05-17 10:09:22','2018-05-17 10:09:22',NULL),
	(78,'1',1,31,0,'2018-05-17 10:09:22','2018-05-17 10:09:22',NULL),
	(79,'2',1,31,0,'2018-05-17 10:09:22','2018-05-17 10:09:22',NULL),
	(80,'具有很特别割发代首',1,5,0,'2018-05-17 10:09:22','2018-05-17 10:09:22',NULL),
	(81,'oikgtrfvdsaz yhtgrfdsz',1,5,0,'2018-05-17 10:09:22','2018-05-17 10:09:22',NULL),
	(82,'主观题',1,NULL,0,'2018-05-17 10:09:22','2018-05-17 10:09:22',NULL),
	(83,'cccccccccccccccccju hhhhhhhhhhhhhhhhhhh',1,NULL,0,'2018-05-17 10:09:22','2018-05-17 10:09:22',NULL);

/*!40000 ALTER TABLE `subjectiveQuiz` ENABLE KEYS */;
UNLOCK TABLES;


# Dump of table subjectiveQuiz_tags
# ------------------------------------------------------------

DROP TABLE IF EXISTS `subjectiveQuiz_tags`;

CREATE TABLE `subjectiveQuiz_tags` (
  `subjectiveQuizId` int(11) DEFAULT NULL,
  `tagId` int(11) DEFAULT NULL
) ENGINE=InnoDB DEFAULT CHARSET=utf8;



# Dump of table subjectiveQuizItemPost
# ------------------------------------------------------------

DROP TABLE IF EXISTS `subjectiveQuizItemPost`;

CREATE TABLE `subjectiveQuizItemPost` (
  `id` int(11) NOT NULL AUTO_INCREMENT,
  `subjectiveQuizSubmitId` int(11) NOT NULL,
  `subjectiveQuizId` int(11) DEFAULT NULL,
  `userAnswer` varchar(10000) DEFAULT NULL,
  PRIMARY KEY (`id`),
  KEY `sqip_ss_1` (`subjectiveQuizSubmitId`),
  CONSTRAINT `sqip_ss_1` FOREIGN KEY (`subjectiveQuizSubmitId`) REFERENCES `subjectiveQuizSubmit` (`id`)
) ENGINE=InnoDB DEFAULT CHARSET=utf8;

LOCK TABLES `subjectiveQuizItemPost` WRITE;
/*!40000 ALTER TABLE `subjectiveQuizItemPost` DISABLE KEYS */;

INSERT INTO `subjectiveQuizItemPost` (`id`, `subjectiveQuizSubmitId`, `subjectiveQuizId`, `userAnswer`)
VALUES
	(1,1,2,'mmmmmmmmmmm！！！！'),
	(2,2,4,'mmmmmmmmmmm！！！！'),
	(3,3,4,'mmmmmmmmmmm！！！！'),
	(4,4,4,'adasda阿萨德'),
	(5,5,4,'爱仕达所多'),
	(6,6,4,'是不'),
	(7,7,4,'额鹅鹅鹅'),
	(8,8,4,'是'),
	(9,9,4,'是阿萨德'),
	(10,10,4,''),
	(11,11,184,'我是一个个主观题'),
	(12,12,4,'mmmmmmmmmmm！！！！'),
	(13,13,4,'mmmmmmmmmmm！！！！'),
	(14,14,5,'mmmmmmmmmmm！！！！'),
	(15,15,5,'哈哈哈'),
	(16,16,7,'阿萨德阿萨德'),
	(17,17,8,'出的水 房东交阿斯达 啊啊说佛诶见'),
	(18,18,5,'fasdq3eeeeeeeeeeecd fr33333333333cxz'),
	(19,18,6,'2qeffffffffc  ddhdfhdffffffgh'),
	(20,19,190,'我是填空题'),
	(21,20,10,'我从发啊'),
	(22,21,11,'我是一个简单的 爱仕达'),
	(23,22,221,'#### 不知道答案'),
	(24,23,221,'不知道'),
	(25,24,13,'我不会做哇'),
	(26,25,184,'我是一个填空题'),
	(27,26,10,'117117'),
	(28,27,4,''),
	(29,28,4,'阿萨德'),
	(30,29,15,'爱仕达所'),
	(31,30,10,'我是答案'),
	(32,31,230,'主观题'),
	(33,32,32,'我不知道答案哇\n```\n爱仕达所多\n```'),
	(34,33,32,'我也不知道答案'),
	(35,34,34,'[![12](data:image/jpeg;base64,/9j/4AAQSkZJRgABAQAAAQABAAD/2wCEAAkGBwgHBgkIBwgKCgkLDRYPDQwMDRsUFRAWIB0iIiAdHx8kKDQsJCYxJx8fLT0tMTU3Ojo6Iys/RD84QzQ5OjcBCgoKDQwNGg8PGjclHyU3Nzc3Nzc3Nzc3Nzc3Nzc3Nzc3Nzc3Nzc3Nzc3Nzc3Nzc3Nzc3Nzc3Nzc3Nzc3Nzc3N//AABEIAFoAhwMBIgACEQEDEQH/xAAbAAABBQEBAAAAAAAAAAAAAAAEAQIDBQYAB//EADwQAAIBAwEFBgQDBgUFAAAAAAECAwAEESEFEhMxQQYiUWFxkTKBobEUwfAzQlKCktEHIyRDYmNyouHx/8QAGgEAAwEBAQEAAAAAAAAAAAAAAgMEBQEABv/EACkRAAICAQMDAgYDAAAAAAAAAAABAgMRBBIhEzFBUZFxscHR4fEjMkL/2gAMAwEAAhEDEQA/AKZFohEqGOioq3N6Pnum0yRFqdI80iCiY0rm46oEaw1IsFEKmlSJGc8qXKSKa4sE4OKaYqsDF5UxosdKXuQ9QZX8Ku4eKN4R8K7g+VC5BxgBcLypeDRyw56UpiwOVIlYVQqKa6CKyRsQGYgDJxzz196ANqLmZFXe4ZyHffzkAjT78vSrW9tXnlKjcPSMMugOM6/+qfLayFBCuNwjDachjlSJTHxgVG0nFvCpjWMJyCHQAeOg/X3zSfiLnbfBhQhgh6cs8yemutaLbr2yQOzt8IO8WGradKo9mrOPxFzblDKmE1wuV1P5jSlth4wVwtgSRxMbpGSBvdMcuR19vrXUTxY4VXeInkPfZdcAkdMY6Z9/bqHJ7Bo06UTGcUPBAd7fZt4nUY5CjI0Nae5mTsQRE2nKjINaHhToOdGRoPCub2F0ohcSii44xiobePIHOjY423dBQSuSDjp2M4XlUbw+VFcOXFOA7o3xrSutF+RypkvABwKcsPTFFnGdBShM8qVO5D4VAywgUjQ5HKrCO0djoKNTZ5xqtRWalLyVwq9TOLYgOXVAM6k1DeiO1t3luHEaAfEfHpjzrVyWqxoS2AANTXmPbbbU7zPZWxHDGuEB165yRr6DlSFq98sIojSscFB2q21m2a3ht4xxT3mddT6DP9+dZtNpXMs0ytJ3JO84HiABn2Artq3DymJZW3dwEDAPKqxl3QdQdedVxy1yTWcMPkv5liRIpNxVUDMYwTjTn+uddVax11OfOlo0hTbN5x54Qp4rOVXJ3FyMcuXt19MURs+8uriVpOHIoHLfBC9AT5nXlWUjvEZN2buJ0UDOM+elOj2pHAzLGGCnUBdPUenOqN0hOKvR+6PQrS5cS4O840LOYyPQfWr+0dHwCEOmRg153s7bcttaM6NIhK5JD6evOrTZna+dwZROzLovecbq6a58+ftQylI6oV+D0GIR6aUWhUdR71g7XtrIhHF4bhupxmrG37b7PkkCTTQp4sxUAfSkTlIdGMfU2G8ANCD86jkkBHIVmU7ebCUt+0mA6ou7+VDXPbeznP8Ao7ZyvmjOfXIIA+9Jc2u6GRry8JmkkYZp8Uij4nUeprF3O3b93/yNlySaAj4xz+dF2EW0bmATTbJnilZt0ozsNPHJ0xSbbo4/KK6tO/LN/aX1omA0i58jVpJPbLEjcWMB/hJYDNecx7E2uSeHs9UjI+N7zA+xqS67M/i0ha/u0AQaIl20gB8u7WXZJp8vhlEtJW8Pf9TW9odq7OsLORpr6FZApzGGBb5CvDe0G1Bd3EnDyBnQsMsfMn59AK9EvuzkdrAJ7QtHLw90SCDfyufA4ydOdZeXs9YqnG2m968jkgviJSxGNMFidAR713TypUnPPI2qhKGIyPN7gMxJLls+NDuep+LzrQ9obC0tbnh2BnZMZPFAyD8qonibPKtuualHKM3U0uEsA7cq6pCoHMa11OTI3EOj2XtC4PctLhs/9M/2o6HsvtdiC1oyecrqv51ol2HtiXAvdsXJzzjTun6Zo6w7GRTyBTa7Rv3z/uyMPtUEta/D9l+jaeg00O695L6ZMwezdxuFb3aGzLdeu/cjP0qe37P7MTunb0Dt4W1u8p+lbCXYNvsx/wDOtNiWbrqBcHiyD+X4vpQd1t+G2yibYdgP3baEQj00Af3FB1tRPtn5fcXt0kOyQsvYSK1t4J+Jf3hkUMBbrGu5n+LeOldHsLZdu2JoIFYc/wATtBC39Mamqa97R8VdwCaYMcHjSFvmCc/agXvx1RB5tlj886fSvKjUS/vI4tVXBYijYLLsO0dVjaFiRnct7eSU8vFnA+lTNti1XH4axkkxoTK0UQB9Apb61hoL66AYJkAsSN490fKprR5FZ2eQne6dK6tEv9Ns89a2jWzdsZ423YIbVWHdIy833P5Ui9o9rzsf9Y0KHpEqpp/KBWYRlV8xrqc5NG20oDAsd4+FDLT1VrhFGnm7JpYNbZNLcEPcyyS+cjE5rS224sKjAAGtZbZ0vdDN7VZ/jGfcii1dzuqPE1gamHUmad9LfBY7V2l+F2Vc3Y0WBN2P/k55e3P2ry24u0nC/i5PgXLEYzrzxg56CtN/iZffg9lW2zYGyT3mIOCT4+5rzS4neKYFVdQRg93qfAelaug0v8eTLssjUviWDnfuDBKxlOMqwU5Pkc86BuxGj7m9ls43eopZr17mEcVgwUg5CnkBjX6a5qGDhhTxJ3PVVxnX151pRht5JOq5cMFlj3cMTnxHOuqWQPKcoVcD+I6+1dTk/UQ+/CPQtof4qIpK7I2RbRD+KUGVv/LA+hrMbV7cdotpoUn2jMIz+4j7q/0rhfpWbGAKfk9BiijTCPZErm33CeLJIgEsjMv8OcL7cqVXUchn0qFR404OBoNT5UzAO4IBZuZwB71KhUHQZbxOpodVLYBz6VLkKoGBnwrjwgllhKSHOBzqVD40IrgDnrS8UnlS2Pgg4S64WiIH3SCTrVaj1LxdAKnsjng29BtrluZoodqEYB+9ajsoTMJNoyg8NMpFnqep/L3rzu3WS6njt4QTJK4RRjqa9IuJIdmbIW0hYbkabmfHqT96zraEuF3NTVaqM4bV5+Rgu3V8bzbDAHOGCAdOWTy9ay0zQghWRkIOmMg/rpRO0JfxVyWkzvFi3qTVcZH1D97u475zjXpWrTXtgkfNa2xSm8E5iSWMtGx3V17/AMXTPL51IlnIqh03XiYhVZcd40A/+XgqGQeR0pYppYVZY2YA+Bpri/BH1I55RYXMceFEcLjKZDBid/UV1QtepKpRzmNfhHXGc/nXUKUkMc4PkgFODAcsHyqNuVOiqghQ8ZJ1OPKpkXdVTyzUP7metFcomxp3TyoGxkUKWCEKBk88Aa0hcHvHnjTyoaPmPWlU90HrmhDyEB95sA4p6HTpUK/Av/d/anMMYxpk1xjoPBNxOlLxD86gHwv8qToPWgwVQsaNl2Ftd64m2jIO5DlIs/xEan5D70f2nuzHZTZbHcPu2g/Ol7LADs1b4GMs2f66qe15Jspdf9yP7GpcbrHkfKx9zHTlmYgYH/Ic/Sh5Z+MMOAWIxnPnz/XjT5v2pHnQ0n7X+UVfFGVZN8sLAtpbdSoYOnx8iCM//Ki4cTEpHvK+dAR9M02y72/va4jOM9KRCRMpGhGDkV7sAnkY8LBisgKN4H9eYrqurkA8MkamM6/zY/Ie1dQqxtHnCKeD/9k= \"12\")](data:image/jpeg;base64,/9j/4AAQSkZJRgABAQAAAQABAAD/2wCEAAkGBwgHBgkIBwgKCgkLDRYPDQwMDRsUFRAWIB0iIiAdHx8kKDQsJCYxJx8fLT0tMTU3Ojo6Iys/RD84QzQ5OjcBCgoKDQwNGg8PGjclHyU3Nzc3Nzc3Nzc3Nzc3Nzc3Nzc3Nzc3Nzc3Nzc3Nzc3Nzc3Nzc3Nzc3Nzc3Nzc3Nzc3N//AABEIAFoAhwMBIgACEQEDEQH/xAAbAAABBQEBAAAAAAAAAAAAAAAEAQIDBQYAB//EADwQAAIBAwEFBgQDBgUFAAAAAAECAwAEESEFEhMxQQYiUWFxkTKBobEUwfAzQlKCktEHIyRDYmNyouHx/8QAGgEAAwEBAQEAAAAAAAAAAAAAAgMEBQEABv/EACkRAAICAQMDAgYDAAAAAAAAAAABAgMRBBIhEzFBUZFxscHR4fEjMkL/2gAMAwEAAhEDEQA/AKZFohEqGOioq3N6Pnum0yRFqdI80iCiY0rm46oEaw1IsFEKmlSJGc8qXKSKa4sE4OKaYqsDF5UxosdKXuQ9QZX8Ku4eKN4R8K7g+VC5BxgBcLypeDRyw56UpiwOVIlYVQqKa6CKyRsQGYgDJxzz196ANqLmZFXe4ZyHffzkAjT78vSrW9tXnlKjcPSMMugOM6/+qfLayFBCuNwjDachjlSJTHxgVG0nFvCpjWMJyCHQAeOg/X3zSfiLnbfBhQhgh6cs8yemutaLbr2yQOzt8IO8WGradKo9mrOPxFzblDKmE1wuV1P5jSlth4wVwtgSRxMbpGSBvdMcuR19vrXUTxY4VXeInkPfZdcAkdMY6Z9/bqHJ7Bo06UTGcUPBAd7fZt4nUY5CjI0Nae5mTsQRE2nKjINaHhToOdGRoPCub2F0ohcSii44xiobePIHOjY423dBQSuSDjp2M4XlUbw+VFcOXFOA7o3xrSutF+RypkvABwKcsPTFFnGdBShM8qVO5D4VAywgUjQ5HKrCO0djoKNTZ5xqtRWalLyVwq9TOLYgOXVAM6k1DeiO1t3luHEaAfEfHpjzrVyWqxoS2AANTXmPbbbU7zPZWxHDGuEB165yRr6DlSFq98sIojSscFB2q21m2a3ht4xxT3mddT6DP9+dZtNpXMs0ytJ3JO84HiABn2Artq3DymJZW3dwEDAPKqxl3QdQdedVxy1yTWcMPkv5liRIpNxVUDMYwTjTn+uddVax11OfOlo0hTbN5x54Qp4rOVXJ3FyMcuXt19MURs+8uriVpOHIoHLfBC9AT5nXlWUjvEZN2buJ0UDOM+elOj2pHAzLGGCnUBdPUenOqN0hOKvR+6PQrS5cS4O840LOYyPQfWr+0dHwCEOmRg153s7bcttaM6NIhK5JD6evOrTZna+dwZROzLovecbq6a58+ftQylI6oV+D0GIR6aUWhUdR71g7XtrIhHF4bhupxmrG37b7PkkCTTQp4sxUAfSkTlIdGMfU2G8ANCD86jkkBHIVmU7ebCUt+0mA6ou7+VDXPbeznP8Ao7ZyvmjOfXIIA+9Jc2u6GRry8JmkkYZp8Uij4nUeprF3O3b93/yNlySaAj4xz+dF2EW0bmATTbJnilZt0ozsNPHJ0xSbbo4/KK6tO/LN/aX1omA0i58jVpJPbLEjcWMB/hJYDNecx7E2uSeHs9UjI+N7zA+xqS67M/i0ha/u0AQaIl20gB8u7WXZJp8vhlEtJW8Pf9TW9odq7OsLORpr6FZApzGGBb5CvDe0G1Bd3EnDyBnQsMsfMn59AK9EvuzkdrAJ7QtHLw90SCDfyufA4ydOdZeXs9YqnG2m968jkgviJSxGNMFidAR713TypUnPPI2qhKGIyPN7gMxJLls+NDuep+LzrQ9obC0tbnh2BnZMZPFAyD8qonibPKtuualHKM3U0uEsA7cq6pCoHMa11OTI3EOj2XtC4PctLhs/9M/2o6HsvtdiC1oyecrqv51ol2HtiXAvdsXJzzjTun6Zo6w7GRTyBTa7Rv3z/uyMPtUEta/D9l+jaeg00O695L6ZMwezdxuFb3aGzLdeu/cjP0qe37P7MTunb0Dt4W1u8p+lbCXYNvsx/wDOtNiWbrqBcHiyD+X4vpQd1t+G2yibYdgP3baEQj00Af3FB1tRPtn5fcXt0kOyQsvYSK1t4J+Jf3hkUMBbrGu5n+LeOldHsLZdu2JoIFYc/wATtBC39Mamqa97R8VdwCaYMcHjSFvmCc/agXvx1RB5tlj886fSvKjUS/vI4tVXBYijYLLsO0dVjaFiRnct7eSU8vFnA+lTNti1XH4axkkxoTK0UQB9Apb61hoL66AYJkAsSN490fKprR5FZ2eQne6dK6tEv9Ns89a2jWzdsZ423YIbVWHdIy833P5Ui9o9rzsf9Y0KHpEqpp/KBWYRlV8xrqc5NG20oDAsd4+FDLT1VrhFGnm7JpYNbZNLcEPcyyS+cjE5rS224sKjAAGtZbZ0vdDN7VZ/jGfcii1dzuqPE1gamHUmad9LfBY7V2l+F2Vc3Y0WBN2P/k55e3P2ry24u0nC/i5PgXLEYzrzxg56CtN/iZffg9lW2zYGyT3mIOCT4+5rzS4neKYFVdQRg93qfAelaug0v8eTLssjUviWDnfuDBKxlOMqwU5Pkc86BuxGj7m9ls43eopZr17mEcVgwUg5CnkBjX6a5qGDhhTxJ3PVVxnX151pRht5JOq5cMFlj3cMTnxHOuqWQPKcoVcD+I6+1dTk/UQ+/CPQtof4qIpK7I2RbRD+KUGVv/LA+hrMbV7cdotpoUn2jMIz+4j7q/0rhfpWbGAKfk9BiijTCPZErm33CeLJIgEsjMv8OcL7cqVXUchn0qFR404OBoNT5UzAO4IBZuZwB71KhUHQZbxOpodVLYBz6VLkKoGBnwrjwgllhKSHOBzqVD40IrgDnrS8UnlS2Pgg4S64WiIH3SCTrVaj1LxdAKnsjng29BtrluZoodqEYB+9ajsoTMJNoyg8NMpFnqep/L3rzu3WS6njt4QTJK4RRjqa9IuJIdmbIW0hYbkabmfHqT96zraEuF3NTVaqM4bV5+Rgu3V8bzbDAHOGCAdOWTy9ay0zQghWRkIOmMg/rpRO0JfxVyWkzvFi3qTVcZH1D97u475zjXpWrTXtgkfNa2xSm8E5iSWMtGx3V17/AMXTPL51IlnIqh03XiYhVZcd40A/+XgqGQeR0pYppYVZY2YA+Bpri/BH1I55RYXMceFEcLjKZDBid/UV1QtepKpRzmNfhHXGc/nXUKUkMc4PkgFODAcsHyqNuVOiqghQ8ZJ1OPKpkXdVTyzUP7metFcomxp3TyoGxkUKWCEKBk88Aa0hcHvHnjTyoaPmPWlU90HrmhDyEB95sA4p6HTpUK/Av/d/anMMYxpk1xjoPBNxOlLxD86gHwv8qToPWgwVQsaNl2Ftd64m2jIO5DlIs/xEan5D70f2nuzHZTZbHcPu2g/Ol7LADs1b4GMs2f66qe15Jspdf9yP7GpcbrHkfKx9zHTlmYgYH/Ic/Sh5Z+MMOAWIxnPnz/XjT5v2pHnQ0n7X+UVfFGVZN8sLAtpbdSoYOnx8iCM//Ki4cTEpHvK+dAR9M02y72/va4jOM9KRCRMpGhGDkV7sAnkY8LBisgKN4H9eYrqurkA8MkamM6/zY/Ie1dQqxtHnCKeD/9k= \"12\")'),
	(36,35,36,'<video width=\"100%\" id=\"video\" controls=\"\" preload=\"auto\" poster=\"/assets/Markdown-mark.png\">\n\n      <source id=\"mp4\" src=\"https://tws-challenge.github.io/video/Learn%20The%20Basics%20Of%20Markdown%20in%2010%20Minutes%20With%20This%20Video%20Tutorial.mp4\">\n      <p>抱歉，你的浏览器不支持在线视频播放。</p>\n\n</video>\n[23饿3の2饿3额](https://tws-challenge.github.io/video/Learn%20The%20Basics%20Of%20Markdown%20in%2010%20Minutes%20With%20This%20Video%20Tutorial.mp4 \"23饿3の2饿3额\")'),
	(37,36,41,'猪啊'),
	(38,37,38,'123123'),
	(39,38,44,'就是'),
	(40,39,42,'# hfusaidff'),
	(41,40,39,'qqww'),
	(42,41,40,'## ss'),
	(43,42,41,'#### woshi daan'),
	(44,43,41,'### woshi daan '),
	(45,44,40,'## 很简单'),
	(46,45,42,'sdd'),
	(47,46,39,'答案是什么'),
	(48,47,41,'我不知道答案哇'),
	(49,48,53,'### daanananannana'),
	(50,49,39,'我完成作业了'),
	(51,50,53,'爱仕达所大'),
	(52,51,51,'烦人去问问无无无无无哇付'),
	(53,51,52,'3让我问无无无无无错寻做'),
	(54,52,66,'111'),
	(55,53,69,'阿斯顿'),
	(56,54,69,'asdasd '),
	(57,57,53,'%E6%88%91%E5%A4%A9%E5%A6%88%E5%91%80+%F0%9F%98%84++%F0%9F%98%82');

/*!40000 ALTER TABLE `subjectiveQuizItemPost` ENABLE KEYS */;
UNLOCK TABLES;


# Dump of table subjectiveQuizSubmit
# ------------------------------------------------------------

DROP TABLE IF EXISTS `subjectiveQuizSubmit`;

CREATE TABLE `subjectiveQuizSubmit` (
  `id` int(11) NOT NULL AUTO_INCREMENT,
  `scoreSheetId` int(11) NOT NULL,
  `startTime` int(11) NOT NULL,
  `endTime` int(11) NOT NULL,
  `sectionId` int(11) DEFAULT NULL,
  PRIMARY KEY (`id`),
  KEY `bqs_ss_1` (`scoreSheetId`)
) ENGINE=InnoDB DEFAULT CHARSET=utf8;

LOCK TABLES `subjectiveQuizSubmit` WRITE;
/*!40000 ALTER TABLE `subjectiveQuizSubmit` DISABLE KEYS */;

INSERT INTO `subjectiveQuizSubmit` (`id`, `scoreSheetId`, `startTime`, `endTime`, `sectionId`)
VALUES
	(1,107,1111,4444,19),
	(2,106,1111,4444,147),
	(3,106,1111,4444,147),
	(4,106,111111,553543,147),
	(5,106,111111,553543,147),
	(6,106,111111,553543,147),
	(7,106,111111,553543,147),
	(8,106,111111,553543,147),
	(9,106,111111,553543,147),
	(10,106,111111,553543,147),
	(11,108,111111,553543,148),
	(12,108,1111,4444,149),
	(13,108,1111,4444,149),
	(14,108,1111,4444,149),
	(15,108,1111,4444,149),
	(16,109,111111,553543,151),
	(17,110,1511924416,1511924436,152),
	(18,111,1511924574,1511924601,149),
	(19,112,111111,553543,154),
	(20,113,111111,553543,157),
	(21,114,111111,553543,158),
	(22,127,111111,553543,172),
	(23,128,111111,553543,172),
	(24,129,111111,553543,173),
	(25,132,111111,553543,149),
	(26,134,111111,553543,180),
	(27,135,111111,553543,147),
	(28,135,111111,553543,147),
	(29,136,111111,553543,183),
	(30,137,111111,553543,185),
	(31,138,111111,553543,190),
	(32,281,111111,553543,209),
	(33,281,111111,553543,209),
	(34,284,111111,553543,211),
	(35,297,111111,553543,225),
	(36,298,111111,553543,232),
	(37,304,111111,553543,227),
	(38,313,111111,553543,265),
	(39,316,111111,553543,239),
	(40,318,111111,553543,229),
	(41,319,111111,553543,230),
	(42,298,111111,553543,232),
	(43,298,111111,553543,232),
	(44,324,111111,553543,230),
	(45,316,111111,553543,239),
	(46,343,111111,553543,229),
	(47,344,111111,553543,232),
	(48,321,111111,553543,278),
	(49,346,111111,553543,229),
	(50,348,111111,553543,278),
	(51,349,1517971857,1517971895,272),
	(52,350,111111,553543,297),
	(53,354,111111,553543,307),
	(54,355,111111,553543,307),
	(55,357,111111,553543,278),
	(56,357,111111,553543,278),
	(57,359,111111,553543,278);

/*!40000 ALTER TABLE `subjectiveQuizSubmit` ENABLE KEYS */;
UNLOCK TABLES;


# Dump of table subjectiveSubmission
# ------------------------------------------------------------

DROP TABLE IF EXISTS `subjectiveSubmission`;

CREATE TABLE `subjectiveSubmission` (
  `id` int(11) NOT NULL AUTO_INCREMENT,
  `assignmentId` int(10) DEFAULT NULL,
  `quizId` int(11) DEFAULT NULL,
  `userId` int(11) DEFAULT NULL,
  `userAnswer` varchar(255) DEFAULT NULL,
  `submitTime` timestamp NULL DEFAULT CURRENT_TIMESTAMP,
  PRIMARY KEY (`id`)
) ENGINE=InnoDB DEFAULT CHARSET=utf8;

LOCK TABLES `subjectiveSubmission` WRITE;
/*!40000 ALTER TABLE `subjectiveSubmission` DISABLE KEYS */;

INSERT INTO `subjectiveSubmission` (`id`, `assignmentId`, `quizId`, `userId`, `userAnswer`, `submitTime`)
VALUES
	(1,229,39,5,'qqww','2018-05-17 10:09:29'),
	(2,230,40,32,'## ss','2018-05-17 10:09:29'),
	(3,230,40,31,'## 很简单','2018-05-17 10:09:29'),
	(4,229,39,31,'答案是什么','2018-05-17 10:09:29'),
	(5,278,53,26,'### daanananannana','2018-05-17 10:09:29'),
	(6,229,39,32,'我完成作业了','2018-05-17 10:09:29'),
	(7,278,53,21,'爱仕达所大','2018-05-17 10:09:29'),
	(8,NULL,69,5,'阿斯顿','2018-05-17 10:09:29'),
	(9,307,69,5,'阿斯顿','2018-05-17 10:09:29'),
	(10,NULL,69,32,'asdasd ','2018-05-17 10:09:29'),
	(11,307,69,32,'asdasd ','2018-05-17 10:09:29'),
	(12,278,53,22,'%E6%88%91%E5%A4%A9%E5%A6%88%E5%91%80+%F0%9F%98%84++%F0%9F%98%82','2018-05-17 10:09:29'),
	(13,329,75,35,'测试主观题目','2018-05-18 07:22:42'),
	(14,329,76,35,'```\nSystem.out.println(\"hello World\")\n```','2018-05-18 07:23:43'),
	(15,331,6,35,'这是我的答案','2018-05-18 07:33:26');

/*!40000 ALTER TABLE `subjectiveSubmission` ENABLE KEYS */;
UNLOCK TABLES;


# Dump of table systemConfig
# ------------------------------------------------------------

DROP TABLE IF EXISTS `systemConfig`;

CREATE TABLE `systemConfig` (
  `id` int(11) NOT NULL AUTO_INCREMENT,
  `createTime` timestamp NOT NULL DEFAULT CURRENT_TIMESTAMP,
  `githubToken` varchar(64) DEFAULT NULL,
  PRIMARY KEY (`id`)
) ENGINE=InnoDB DEFAULT CHARSET=utf8;

LOCK TABLES `systemConfig` WRITE;
/*!40000 ALTER TABLE `systemConfig` DISABLE KEYS */;

INSERT INTO `systemConfig` (`id`, `createTime`, `githubToken`)
VALUES
	(1,'2017-11-30 06:01:01','4ac5cd27127163c205fdbbde0931c2c570d38794'),
	(2,'2017-11-30 06:01:29','4ac5cd27127163c205fdbbde0931c2c570d38794'),
	(3,'2017-11-30 06:01:30','4ac5cd27127163c205fdbbde0931c2c570d38794'),
	(4,'2017-11-30 06:01:37','4ac5cd27127163c205fdbbde0931c2c570d38794'),
	(5,'2017-11-30 06:01:37','4ac5cd27127163c205fdbbde0931c2c570d38794'),
	(6,'2017-11-30 06:01:38','4ac5cd27127163c205fdbbde0931c2c570d38794'),
	(7,'2017-11-30 06:01:38','4ac5cd27127163c205fdbbde0931c2c570d38794'),
	(8,'2017-11-30 06:02:47','4ac5cd27127163c205fdbbde0931c2c570d38794'),
	(9,'2017-11-30 06:03:52','4ac5cd27127163c205fdbbde0931c2c570d38794'),
	(10,'2017-11-30 06:04:03','4ac5cd27127163c205fdbbde0931c2c570d38794'),
	(11,'2017-11-30 06:04:03','4ac5cd27127163c205fdbbde0931c2c570d38794'),
	(12,'2017-11-30 06:04:03','4ac5cd27127163c205fdbbde0931c2c570d38794'),
	(13,'2017-11-30 06:04:04','4ac5cd27127163c205fdbbde0931c2c570d38794'),
	(14,'2017-11-30 06:04:12','4ac5cd27127163c205fdbbde0931c2c570d38794'),
	(15,'2017-11-30 06:04:31','4ac5cd27127163c205fdbbde0931c2c570d38794'),
	(16,'2017-11-30 06:04:32','4ac5cd27127163c205fdbbde0931c2c570d38794'),
	(17,'2017-11-30 06:04:32','4ac5cd27127163c205fdbbde0931c2c570d38794'),
	(18,'2017-11-30 06:04:37','4ac5cd27127163c205fdbbde0931c2c570d38794'),
	(19,'2017-11-30 06:04:43','4ac5cd27127163c205fdbbde0931c2c570d38794'),
	(20,'2017-12-01 01:21:11','48308613b0c459ee5637d0ecc7869f1c37a8e306'),
	(21,'2017-12-05 03:18:07','ca56d5b5467bc58ed784d14483bc233e87291fd0'),
	(22,'2017-12-05 03:18:14','ca56d5b5467bc58ed784d14483bc233e87291fd0'),
	(23,'2017-12-19 03:56:46','ca56d5b5467bc58ed784d14483bc233e87291fd0'),
	(24,'2017-12-19 03:56:51','ca56d5b5467bc58ed784d14483bc233e87291fd0'),
	(25,'2017-12-25 09:06:32','ca56d5b5467bc58ed784d14483bc233e87291fd0');

/*!40000 ALTER TABLE `systemConfig` ENABLE KEYS */;
UNLOCK TABLES;


# Dump of table tag
# ------------------------------------------------------------

DROP TABLE IF EXISTS `tag`;

CREATE TABLE `tag` (
  `id` int(11) NOT NULL AUTO_INCREMENT,
  `name` varchar(128) DEFAULT NULL,
  `makerId` int(11) DEFAULT NULL,
  `referenceNumber` int(11) DEFAULT '0',
  `createTime` timestamp NULL DEFAULT CURRENT_TIMESTAMP,
  `updateTime` timestamp NULL DEFAULT CURRENT_TIMESTAMP,
  PRIMARY KEY (`id`)
) ENGINE=InnoDB DEFAULT CHARSET=utf8;

LOCK TABLES `tag` WRITE;
/*!40000 ALTER TABLE `tag` DISABLE KEYS */;

INSERT INTO `tag` (`id`, `name`, `makerId`, `referenceNumber`, `createTime`, `updateTime`)
VALUES
	(1,'训练营-test',5,0,NULL,NULL);

/*!40000 ALTER TABLE `tag` ENABLE KEYS */;
UNLOCK TABLES;


# Dump of table thirdParty
# ------------------------------------------------------------

DROP TABLE IF EXISTS `thirdParty`;

CREATE TABLE `thirdParty` (
  `thirdPartyUserId` varchar(128) COLLATE utf8_bin DEFAULT NULL,
  `userId` int(11) DEFAULT NULL,
  `type` varchar(128) COLLATE utf8_bin DEFAULT NULL
) ENGINE=InnoDB DEFAULT CHARSET=utf8 COLLATE=utf8_bin;

LOCK TABLES `thirdParty` WRITE;
/*!40000 ALTER TABLE `thirdParty` DISABLE KEYS */;

INSERT INTO `thirdParty` (`thirdPartyUserId`, `userId`, `type`)
VALUES
	(X'756E646566696E6564',2,X'776543686174'),
	(X'756E646566696E6564',3,X'776543686174'),
	(X'756E646566696E6564',4,X'776543686174'),
	(X'756E646566696E6564',8,X'776543686174'),
	(X'756E646566696E6564',9,X'776543686174'),
	(X'756E646566696E6564',10,X'776543686174');

/*!40000 ALTER TABLE `thirdParty` ENABLE KEYS */;
UNLOCK TABLES;


# Dump of table userDetail
# ------------------------------------------------------------

DROP TABLE IF EXISTS `userDetail`;

CREATE TABLE `userDetail` (
  `userId` int(11) NOT NULL,
  `school` varchar(128) COLLATE utf8_bin NOT NULL,
  `name` varchar(128) COLLATE utf8_bin NOT NULL,
  `major` varchar(128) COLLATE utf8_bin NOT NULL,
  `degree` varchar(128) COLLATE utf8_bin NOT NULL,
  `gender` enum('F','M') COLLATE utf8_bin DEFAULT NULL,
  `schoolProvince` varchar(128) COLLATE utf8_bin DEFAULT NULL,
  `schoolCity` varchar(128) COLLATE utf8_bin DEFAULT NULL,
  `entranceYear` varchar(128) COLLATE utf8_bin DEFAULT NULL,
  `channel` text COLLATE utf8_bin,
  UNIQUE KEY `userId` (`userId`),
  CONSTRAINT `fk_user_id` FOREIGN KEY (`userId`) REFERENCES `users` (`id`) ON DELETE CASCADE ON UPDATE CASCADE
) ENGINE=InnoDB DEFAULT CHARSET=utf8 COLLATE=utf8_bin;

LOCK TABLES `userDetail` WRITE;
/*!40000 ALTER TABLE `userDetail` DISABLE KEYS */;

INSERT INTO `userDetail` (`userId`, `school`, `name`, `major`, `degree`, `gender`, `schoolProvince`, `schoolCity`, `entranceYear`, `channel`)
VALUES
	(2,X'E8A5BFE5AE89E7A791E68A80E5A4A7E5ADA6',X'61646D696E',X'E78EAFE5A283E5B7A5E7A88B',X'E69CACE7A791',X'4D',X'E58C97E4BAACE5B882',X'E4B89CE59F8EE58CBA',X'32303136',NULL),
	(3,X'E8A5BFE5AE89E7A791E68A80E5A4A7E5ADA6',X'61646D696E',X'E5958A',X'E4B893E7A791',X'4D',X'E99995E8A5BFE79C81',X'E8A5BFE5AE89E5B882',X'32303137',NULL),
	(4,X'E9AB98E69588',X'484F4D45574F524B2D53434F52494E47',X'414141',X'E4B893E7A791',X'4D',X'E58C97E4BAACE5B882',X'E8A5BFE59F8EE58CBA',X'32303136',NULL),
	(8,X'E694BEE5A5BDE4B985',X'E5B08F',X'E5928CE8A685555341E783A6E5BE97E5BE88',X'E58D9AE5A3AB',X'4D',X'E58C97E4BAACE5B882',X'E69C9DE998B3E58CBA',X'32303137',NULL),
	(9,X'686766616B736C6664626B63',X'6D61',X'666461736A6A666E',X'E58D9AE5A3AB',X'4D',X'E6B2B3E58C97E79C81',X'E982AFE983B8E5B882',X'32303137',NULL),
	(10,X'73646667686A6B',X'617364666768',X'617364666768',X'E69CACE7A791',X'4D',X'E5A4A9E6B4A5E5B882',X'E6B2B3E8A5BFE58CBA',X'32303137',NULL),
	(11,X'6864666A616B',X'6D61686F6E67',X'6661736E6A6B64',X'E58D9AE5A3AB',X'4D',X'E6B2B3E58C97E79C81',X'E59490E5B1B1E5B882',X'32303137',NULL),
	(13,X'6473676877',X'73686E6D',X'736467666E6D72',X'E7A195E5A3AB',X'46',X'E5A4A9E6B4A5E5B882',X'E6B2B3E8A5BFE58CBA',X'32303134',NULL),
	(14,X'666E61736A6B666E63',X'66686A776473',X'6673646A6B7743',X'E58D9AE5A3AB',X'4D',X'E59089E69E97E79C81',X'E9809AE58C96E5B882',X'32303136',NULL),
	(15,X'E6B58BE8AF95E5A4A7E5ADA6',X'61616473617364666173646661',X'6173646661',X'E69CACE7A791',X'4D',X'E5A4A9E6B4A5E5B882',X'E6B2B3E4B89CE58CBA',X'32303137',NULL),
	(16,X'64687472',X'64736768',X'7362666E6A',X'E69CACE7A791',X'4D',X'E5B1B1E8A5BFE79C81',X'E5A4A7E5908CE5B882',X'32303135',NULL),
	(17,X'666E6164736A6B66',X'666473617A',X'6461667373',X'E69CACE7A791',X'4D',X'E5B1B1E8A5BFE79C81',X'E998B3E6B389E5B882',X'32303135',NULL),
	(18,X'6173646667686A',X'66475472',X'5A597472666473',X'E69CACE7A791',X'4D',X'E8BEBDE5AE81E79C81',X'E99E8DE5B1B1E5B882',X'32303135',NULL),
	(19,X'616667736468757A6A6B',X'666561626864736A414B4D6C',X'6466676A6B6C',X'E58D9AE5A3AB',X'4D',X'E8BEBDE5AE81E79C81',X'E68A9AE9A1BAE5B882',X'32303135',NULL),
	(20,X'656875646A73616B6C5A',X'736466676B6C',X'736564726674677968756A696B6C',X'E4B893E7A791',X'4D',X'E8BEBDE5AE81E79C81',X'E68A9AE9A1BAE5B882',X'32303135',NULL),
	(23,X'E8A5BFE5AE89',X'414141',X'414141',X'E4B893E7A791',X'4D',X'E58C97E4BAACE5B882',X'E4B89CE59F8EE58CBA',X'32303137',NULL),
	(24,X'6875',X'79756166',X'61736466',X'E69CACE7A791',X'4D',X'E9BB91E9BE99E6B19FE79C81',X'E9B8A1E8A5BFE5B882',X'32303135',NULL),
	(25,X'68697565616872616F',X'6363',X'68657472',X'E69CACE7A791',X'4D',X'E8BEBDE5AE81E79C81',X'E99E8DE5B1B1E5B882',X'32303137',NULL),
	(26,X'66717762656A6B',X'444647484A',X'444647484A4B',X'E69CACE7A791',X'4D',X'E6B2B3E58C97E79C81',X'E59490E5B1B1E5B882',X'32303135',NULL),
	(27,X'E8A5BFE5AE89',X'61646D696E',X'E78EAFE5A283',X'E4B893E7A791',X'4D',X'E58C97E4BAACE5B882',X'E4B89CE59F8EE58CBA',X'32303137',X'E5ADA6E6A0A1E5AE98E696B9E5BEAEE4BFA1'),
	(28,X'66686473756F',X'6875',X'66777569656A736B6C',X'E69CACE7A791',X'4D',X'E5B1B1E8A5BFE79C81',X'E998B3E6B389E5B882',X'32303136',NULL);

/*!40000 ALTER TABLE `userDetail` ENABLE KEYS */;
UNLOCK TABLES;


# Dump of table userProgram
# ------------------------------------------------------------

DROP TABLE IF EXISTS `userProgram`;

CREATE TABLE `userProgram` (
  `userId` int(11) NOT NULL,
  `programId` int(11) NOT NULL,
  PRIMARY KEY (`userId`,`programId`),
  KEY `programId` (`programId`),
  CONSTRAINT `userProgram_ibfk_2` FOREIGN KEY (`programId`) REFERENCES `programs` (`id`) ON DELETE CASCADE ON UPDATE CASCADE
) ENGINE=InnoDB DEFAULT CHARSET=utf8 COLLATE=utf8_bin;

LOCK TABLES `userProgram` WRITE;
/*!40000 ALTER TABLE `userProgram` DISABLE KEYS */;

INSERT INTO `userProgram` (`userId`, `programId`)
VALUES
	(1,1),
	(2,1),
	(4,1),
	(16,1),
	(17,1),
	(18,1),
	(19,1),
	(20,1),
	(23,1),
	(24,1),
	(25,1),
	(26,1),
	(27,1),
	(28,1),
	(5,2),
	(16,3),
	(5,4),
	(26,4);

/*!40000 ALTER TABLE `userProgram` ENABLE KEYS */;
UNLOCK TABLES;


# Dump of table userRole
# ------------------------------------------------------------

DROP TABLE IF EXISTS `userRole`;

CREATE TABLE `userRole` (
  `userId` int(11) NOT NULL,
  `role` int(11) DEFAULT NULL,
  KEY `userId_id_1` (`userId`),
  CONSTRAINT `userId_id_1` FOREIGN KEY (`userId`) REFERENCES `users` (`id`)
) ENGINE=InnoDB DEFAULT CHARSET=utf8 COLLATE=utf8_bin;

LOCK TABLES `userRole` WRITE;
/*!40000 ALTER TABLE `userRole` DISABLE KEYS */;

INSERT INTO `userRole` (`userId`, `role`)
VALUES
	(1,9),
	(2,0),
	(3,0),
	(4,0),
	(5,1),
	(5,2),
	(5,3),
	(5,4),
	(6,4),
	(6,0),
	(7,4),
	(8,0),
	(9,0),
	(10,0),
	(11,0),
	(12,0),
	(13,0),
	(14,0),
	(15,0),
	(16,0),
	(17,0),
	(18,0),
	(19,0),
	(20,0),
	(21,0),
	(22,9),
	(23,0),
	(25,0),
	(26,1),
	(26,2),
	(26,3),
	(26,4),
	(26,0),
	(27,0),
	(28,0),
	(5,9),
	(30,1),
	(30,2),
	(30,3),
	(30,4),
	(30,0),
	(26,9),
	(24,1),
	(24,2),
	(24,3),
	(24,4),
	(24,0);

/*!40000 ALTER TABLE `userRole` ENABLE KEYS */;
UNLOCK TABLES;


# Dump of table users
# ------------------------------------------------------------

DROP TABLE IF EXISTS `users`;

CREATE TABLE `users` (
  `id` int(11) NOT NULL AUTO_INCREMENT,
  `email` varchar(128) COLLATE utf8_bin NOT NULL,
  `mobilePhone` varchar(64) COLLATE utf8_bin NOT NULL,
  `password` varchar(128) COLLATE utf8_bin NOT NULL,
  `createDate` int(11) NOT NULL,
  `userName` varchar(64) COLLATE utf8_bin DEFAULT NULL,
  PRIMARY KEY (`id`)
) ENGINE=InnoDB DEFAULT CHARSET=utf8 COLLATE=utf8_bin;

LOCK TABLES `users` WRITE;
/*!40000 ALTER TABLE `users` DISABLE KEYS */;

INSERT INTO `users` (`id`, `email`, `mobilePhone`, `password`, `createDate`, `userName`)
VALUES
	(1,X'616161614071712E20636F6D',X'3133383838383838383838',X'3565663532663865373235393362393533666537663933336332393038346339',1500880923,X'41646D696E'),
	(2,X'31323334313234403136332E636F6D',X'3133383838383838383838',X'3235643535616432383361613430306166343634633736643731336330376164',1500905278,X'E585ADE69C88'),
	(3,X'31323334313234403136332E636F6D34',X'3133383838383838383838',X'3235643535616432383361613430306166343634633736643731336330376164',1500910487,X'E585ADE69C88'),
	(4,X'6161614071712E636F6D',X'3139383838383838383838',X'3235643535616432383361613430306166343634633736643731336330376164',1500910852,X'E585ADE69C88E4B880'),
	(5,X'31323334313233343132403136332E636F6D',X'3133383838383838383838',X'3535306531626166653037376666306230623637663465333266323964373531',1500951386,X'4875'),
	(6,X'313233343132334071712E636F6D',X'3133383838383838383838',X'6539393431356339336136376431636636396631333733663831343833303865',1500955037,X'7869616F'),
	(7,X'61736466617364403136332E636F6D',X'3133383838383838383838',X'6539393431356339336136376431636636396631333733663831343833303865',1500957079,X'7474'),
	(8,X'62407171E38082636F6D',X'3133383838383838383838',X'3235643535616432383361613430306166343634633736643731336330376164',1500961641,X'5151'),
	(9,X'644071712E636F6D',X'3133383838383838383838',X'3235643535616432383361613430306166343634633736643731336330376164',1500962840,X'7975'),
	(10,X'323533343532333435403136332E636F6D',X'3133383838383838383838',X'3235643535616432383361613430306166343634633736643731336330376164',1500962985,X'617364646464646466'),
	(11,X'64644077772E636F6D',X'3133383838383838383838',X'3664353535346131366262323164313838366265326132376132333664303133',1500964879,X'6767'),
	(12,X'343536343536333534403136332E636F6D',X'3133383838383838383838',X'3862366534383933346331373239363231626564613061326364376130376466',1500965364,X'7A68616E6B6A7366'),
	(13,X'37353637343536373435403136332E636F6D',X'3133383838383838383838',X'3862366534383933346331373239363231626564613061326364376130376466',1500965477,X'7361646B6A67'),
	(14,X'77657274776572746577724071712E636F6D',X'3133383838383838383838',X'3035376661356337386432626230313339613335613635303131656463366464',1500965810,X'7070'),
	(15,X'61614063632E636F6D',X'3133383838383838383838',X'3233643338613539653531633363343837383364396431626265306339303830',1500966085,X'E585ADE69C88'),
	(16,X'776572747765727477403136332E636F6D',X'3133383838383838383838',X'3862366534383933346331373239363231626564613061326364376130376466',1500966135,X'6473686A616766616473'),
	(17,X'664071712E636F6D',X'3133383838383838383838',X'3439363732633433636333316433313032623465663232663466636662393734',1500968991,X'6C6975'),
	(18,X'6240662E63706D',X'3133383838383838383838',X'3035376661356337386432626230313339613335613635303131656463366464',1500973166,X'7474'),
	(19,X'7540772E636F6D',X'3133383838383838383838',X'3134623836383830303237663138663664356136623735373132666130343032',1500975708,X'657777'),
	(20,X'74744071712E636F6D',X'3133383838383838383838',X'3439363732633433636333316433313032623465663232663466636662393734',1500977020,X'7272'),
	(21,X'74657374403136332E636F6D',X'3133383838383838383838',X'3033363964393861303062613163613133663531323339323738643763326365',1501034672,X'6C696E77656E6A756E'),
	(22,X'61646D696E4061646D696E2E636F6D74',X'3133383838383838383838',X'6236373065616237363263373031333738326432343065613536323330356538',1501034747,X'6C696E77656E6A756E'),
	(23,X'74657374303140746573742E636F6D',X'3133383838383838383838',X'6236373065616237363263373031333738326432343065613536323330356538',1501035110,X'746573743031'),
	(24,X'6262403136332E636F6D',X'3133383838383838383838',X'3139633434663139376235613332393633613830373935643663396563373739',1501121334,X'6D61'),
	(25,X'6363403136332E63706D',X'3133383838383838383838',X'3439363732633433636333316433313032623465663232663466636662393734',1501121700,X'6363'),
	(26,X'68684071712E636F6D',X'3133383838383838383838',X'3439363732633433636333316433313032623465663232663466636662393734',1501122151,X'6868'),
	(27,X'61736466617364664071712E636F6D',X'3133383838383838383838',X'3864343361653030386130323863363763313330316466333831303837626332',1501555025,X'6C696E77656E6A756E'),
	(28,X'614071712E636F6D',X'3133383838383838383838',X'6435343061303265373333636661373531643330663733636132363664373734',1501555430,X'6875'),
	(30,X'77657274776572744071712E636F6D',X'3133383838383838383838',X'3535306531626166653037376666306230623637663465333266323964373531',1513066594,X'6875616E67');

/*!40000 ALTER TABLE `users` ENABLE KEYS */;
UNLOCK TABLES;



/*!40111 SET SQL_NOTES=@OLD_SQL_NOTES */;
/*!40101 SET SQL_MODE=@OLD_SQL_MODE */;
/*!40014 SET FOREIGN_KEY_CHECKS=@OLD_FOREIGN_KEY_CHECKS */;
/*!40101 SET CHARACTER_SET_CLIENT=@OLD_CHARACTER_SET_CLIENT */;
/*!40101 SET CHARACTER_SET_RESULTS=@OLD_CHARACTER_SET_RESULTS */;
/*!40101 SET COLLATION_CONNECTION=@OLD_COLLATION_CONNECTION */;
