# ************************************************************
# Sequel Pro SQL dump
# Version 4541
#
# http://www.sequelpro.com/
# https://github.com/sequelpro/sequelpro
#
# Host: 127.0.0.1 (MySQL 5.7.28)
# Database: PractiseDiary
# Generation Time: 2019-12-15 07:01:35 +0000
# ************************************************************


/*!40101 SET @OLD_CHARACTER_SET_CLIENT=@@CHARACTER_SET_CLIENT */;
/*!40101 SET @OLD_CHARACTER_SET_RESULTS=@@CHARACTER_SET_RESULTS */;
/*!40101 SET @OLD_COLLATION_CONNECTION=@@COLLATION_CONNECTION */;
/*!40101 SET NAMES utf8 */;
/*!40014 SET @OLD_FOREIGN_KEY_CHECKS=@@FOREIGN_KEY_CHECKS, FOREIGN_KEY_CHECKS=0 */;
/*!40101 SET @OLD_SQL_MODE=@@SQL_MODE, SQL_MODE='NO_AUTO_VALUE_ON_ZERO' */;
/*!40111 SET @OLD_SQL_NOTES=@@SQL_NOTES, SQL_NOTES=0 */;


# Dump of table comment
# ------------------------------------------------------------

DROP TABLE IF EXISTS `comment`;

CREATE TABLE `comment` (
  `id` int(11) NOT NULL AUTO_INCREMENT,
  `practiseDiaryId` int(11) DEFAULT NULL,
  `commentTime` timestamp NULL DEFAULT CURRENT_TIMESTAMP,
  `commentAuthorId` int(11) DEFAULT NULL,
  `commentContent` varchar(20000) DEFAULT NULL,
  PRIMARY KEY (`id`)
) ENGINE=InnoDB DEFAULT CHARSET=utf8;

LOCK TABLES `comment` WRITE;
/*!40000 ALTER TABLE `comment` DISABLE KEYS */;

INSERT INTO `comment` (`id`, `practiseDiaryId`, `commentTime`, `commentAuthorId`, `commentContent`)
VALUES
	(1,1,'2018-01-20 00:00:00',1,'commentContent'),
	(2,4,NULL,31,'askfa'),
	(3,4,NULL,31,'lksl'),
	(4,7,'2018-07-30 10:21:16',1,'11'),
	(5,26,'2018-08-17 06:14:29',5,'优秀体制\n\n'),
	(6,26,'2018-08-17 06:14:33',5,'哈哈哈'),
	(7,26,'2018-08-17 06:14:39',5,'没有交互'),
	(8,30,'2018-08-20 04:06:24',38,'safasdf'),
	(9,30,'2018-08-20 04:06:28',38,'fasdfasdf'),
	(10,30,'2018-08-20 04:06:33',38,'asdfasdfas'),
	(11,53,'2018-08-20 04:06:57',38,'fasdfasdf'),
	(12,53,'2018-08-20 04:07:06',38,'asdfasdfasf'),
	(13,28,'2018-08-20 05:16:47',38,'撒大声地'),
	(14,26,'2018-08-20 05:20:41',38,'sfasdf\nfasdfas\n\n\nfasdfasdf\n\nasdfasd'),
	(15,7,'2018-08-20 15:13:38',1,'fasfs'),
	(16,7,'2018-08-20 15:42:06',1,'@admin 你好'),
	(17,7,'2018-08-20 15:54:38',1,'@admin  你好我现在有一个问题想咨询一下'),
	(18,7,'2018-08-20 15:55:08',1,'@李四  李四助教你好，我也有个问题想咨询一下'),
	(19,7,'2018-08-20 16:11:56',1,'@李四 助教你好，我想咨询一个问题'),
	(20,28,'2018-08-20 16:13:11',1,'发送到发斯蒂芬'),
	(21,7,'2018-08-20 16:21:12',1,'@李四 助教你好'),
	(22,28,'2018-08-20 16:21:57',1,'发送到发斯蒂芬'),
	(23,28,'2018-08-20 16:22:49',1,'大是大非'),
	(24,7,'2018-08-20 17:44:35',1,'@admin @李四 sdfasfas'),
	(25,7,'2018-08-20 17:45:29',1,'@admin @李四 安抚'),
	(26,7,'2018-08-20 17:46:33',1,'@admin @李四 asdf'),
	(27,30,'2018-08-20 17:47:50',1,'asdfasdf'),
	(28,7,'2018-08-20 17:49:34',1,'@admin @李四 fasdfa'),
	(29,7,'2018-08-20 17:52:32',1,'@admin  @李四 asdfasd'),
	(30,7,'2018-08-20 17:54:14',1,'@admin @李四 aaaaa'),
	(31,7,'2018-08-20 18:07:47',1,'@admin @李四  asdfs'),
	(32,7,'2018-08-20 18:12:18',1,'@admin @李四 a'),
	(33,7,'2018-08-20 18:12:47',1,'@admin @李四 adsfasdf'),
	(34,7,'2018-08-20 18:16:01',1,'@admin @李四 assdf'),
	(35,7,'2018-08-20 18:17:26',1,'@admin @李四 '),
	(36,7,'2018-08-20 18:28:02',1,'@admin @李四 '),
	(37,7,'2018-08-20 18:28:40',1,'@admin @李四 '),
	(38,7,'2018-08-20 18:30:13',1,'@admin @李四 '),
	(39,7,'2018-08-20 18:32:26',1,'@admin @李四 '),
	(40,7,'2018-08-20 18:33:35',1,'@admin @李四 '),
	(41,7,'2018-08-20 18:36:00',1,'@admin @李四 eee'),
	(42,7,'2018-08-20 18:36:18',1,'@admin @李四 '),
	(43,8,'2018-08-20 18:36:56',1,'@admin @李四 '),
	(44,7,'2018-08-20 18:43:21',1,'@admin @李四 '),
	(45,7,'2018-08-20 18:45:32',1,'@admin @李四 fasdfasdfas'),
	(46,7,'2018-08-20 19:00:08',1,'@admin @李四 '),
	(47,7,'2018-08-20 19:01:06',1,'@admin @李四 '),
	(48,7,'2018-08-20 19:01:55',1,'@admin @李四 '),
	(49,7,'2018-08-20 19:02:42',1,'@admin  @李四 '),
	(50,8,'2018-08-21 09:40:29',1,'@admin @李四 '),
	(51,30,'2018-08-21 09:41:37',1,'@admin asdfasdf'),
	(52,7,'2018-08-21 09:46:01',1,'@李四 @admin '),
	(53,7,'2018-08-21 09:55:33',1,'@李四 你好'),
	(54,7,'2018-08-21 09:56:28',1,'@李四 是打发斯蒂芬'),
	(55,7,'2018-08-21 09:59:56',1,'fasdfas'),
	(56,28,'2018-08-21 10:03:33',1,'asdfasd'),
	(57,7,'2018-08-21 10:03:51',1,'asdfasdf'),
	(58,7,'2018-08-21 10:38:07',1,'@李四 fasdfasdf'),
	(59,7,'2018-08-21 10:43:07',1,'daSFASDF'),
	(60,7,'2018-08-21 10:43:22',1,'fasdfasdf'),
	(61,7,'2018-08-21 10:46:10',1,'asfasdfasdfasf'),
	(62,30,'2018-08-21 03:04:37',5,'@admin  你的日志完成的非常棒，继续加油！'),
	(63,28,'2018-08-21 03:05:37',5,'@admin @李四 @测试 各位助教你们好，我写完了成长日志'),
	(64,28,'2018-08-21 03:06:10',5,'@李四 @admin @测试 完成成长日志'),
	(65,28,'2018-08-21 03:20:35',5,'@李四 @admin @测试 '),
	(66,28,'2018-08-21 04:03:31',5,'@李四 @admin @测试 \n\n助教，我已经完成了成长日志'),
	(67,28,'2018-08-21 04:04:16',5,'日志写的不错，继续加油'),
	(68,7,'2018-08-21 04:11:57',5,'很棒的李四'),
	(69,8,'2018-08-21 04:13:12',5,'李四，很棒写的日志。'),
	(70,8,'2018-08-21 04:14:08',5,'李四 111'),
	(71,7,'2018-08-21 04:15:08',5,'是打发斯蒂芬'),
	(72,7,'2018-08-21 04:17:11',1,'@admin @李四 助教我的日志已经完成了'),
	(73,28,'2018-08-21 04:34:41',5,'@a'),
	(74,28,'2018-08-21 17:07:28',1,'asfdsafasdf'),
	(75,28,'2018-08-21 17:08:57',1,'@asdfas'),
	(76,28,'2018-08-21 17:33:12',1,'asdfasdfasdf'),
	(77,26,'2018-08-21 17:33:33',1,'fasdfasdfasdf'),
	(78,26,'2018-08-21 18:13:58',1,'@sdfasdfas'),
	(79,7,'2018-08-22 12:09:09',1,'@11 afsda'),
	(80,28,'2018-08-22 12:22:27',1,'@11 发送到发斯蒂芬'),
	(81,28,'2018-08-22 12:26:24',1,'@hh @11 '),
	(82,26,'2018-08-22 12:27:22',1,'@11 '),
	(83,28,'2018-08-22 12:33:54',1,'@11 @hh @22 '),
	(84,28,'2018-08-22 12:35:23',1,'@hh @11 @vv '),
	(85,25,'2018-08-22 12:37:28',1,'@11 dfasdfasdf'),
	(86,7,'2018-08-22 12:38:53',1,'@11 asdfasdfa'),
	(87,8,'2018-08-22 12:41:55',1,'@11 adfasd'),
	(88,10,'2018-08-22 12:42:29',1,'@11 asdfasd'),
	(89,26,'2018-08-22 13:50:38',1,'@11 '),
	(90,28,'2018-08-22 13:52:01',1,'@11 @hh @vv '),
	(91,28,'2018-08-22 06:11:05',5,'@李四 @admin @测试 '),
	(92,28,'2018-08-22 06:11:41',5,'fasdfasdfas'),
	(93,7,'2018-08-22 06:12:25',5,'@李四 fasdfasdfasd'),
	(94,20,'2018-08-22 06:19:04',5,'@胤禛 发送到发送到'),
	(95,7,'2018-08-22 18:13:35',1,'@admin @11 '),
	(96,7,'2018-08-22 18:13:51',1,'@11 @admin '),
	(97,7,'2018-08-22 18:22:10',1,'@11 fasdfas'),
	(98,7,'2018-08-22 18:22:27',1,'@11 @admin '),
	(99,7,'2018-08-22 18:23:58',1,'@11 @admin fasdfasf'),
	(100,7,'2018-08-22 18:24:24',1,'@11 @admin 助教你好，我完成了日志\n'),
	(101,28,'2018-08-22 18:29:50',1,'@胤禛 @hh dasfsd @11 '),
	(102,7,'2018-08-22 18:33:10',1,'@11 @admin dasfasd'),
	(103,28,'2018-08-27 10:59:03',5,'@tester 的发送到发'),
	(104,28,'2018-08-27 10:59:21',5,'@admin 的发生的发生'),
	(105,28,'2018-08-28 10:06:53',1,'@11 '),
	(106,55,'2018-08-28 07:46:33',5,'@11 @admin @tester 关注你的人'),
	(107,55,'2018-08-28 07:47:00',5,'@admin 发送到发'),
	(108,55,'2018-08-28 07:47:22',5,'@admin 发送到发送到'),
	(109,26,'2018-08-28 07:47:48',5,'@hh @admin '),
	(110,7,'2018-08-28 15:57:12',1,'@admin @11 DasdaSD'),
	(111,55,'2018-08-28 08:00:01',5,'@admin @11 @tester 助教我的成长日志已经完成了'),
	(112,55,'2018-08-28 08:14:29',5,'@admin @11 fasdfasd'),
	(113,55,'2018-08-28 08:14:53',5,'@admin fasdfasdfas'),
	(114,55,'2018-08-28 08:14:59',5,'dfasdfasd'),
	(115,28,'2018-08-28 08:15:38',5,'@admin asdfasdf'),
	(116,2,'2018-08-30 09:06:20',1,'@11 @hh '),
	(117,14,'2018-08-30 09:06:31',1,'@11 @hh '),
	(118,7,'2018-08-30 09:07:03',1,'@11 @admin '),
	(119,55,'2018-08-30 02:51:06',5,'@admin aaa'),
	(120,56,'2018-08-30 02:55:45',5,'@admin asfdas'),
	(121,55,'2018-08-30 03:04:54',5,'@11 ! @admin '),
	(122,55,'2018-08-30 03:05:21',5,'@admin fasdfsaf'),
	(123,2,'2018-09-04 06:25:02',5,'asd'),
	(124,2,'2018-09-05 01:21:59',5,'删除评论'),
	(125,69,'2018-09-06 06:04:41',5,'fasdfas'),
	(126,25,'2018-09-06 06:04:47',5,'fasdfas'),
	(127,69,'2018-09-06 07:01:53',5,'阿斯顿'),
	(128,69,'2018-09-06 07:02:11',5,'@admin 撒'),
	(129,2,'2018-09-06 07:29:08',5,'@admin '),
	(130,90,'2018-09-07 05:55:12',5,'@admin  ad'),
	(131,1,'2018-09-10 13:48:48',1,'test comment'),
	(132,1,'2018-09-10 13:54:20',1,'test comment'),
	(133,1,'2018-09-10 14:10:34',1,'test comment'),
	(134,1,'2018-09-10 14:15:34',1,'test comment'),
	(135,7,'2018-09-13 04:16:04',5,'@admin 算是'),
	(136,1,'2018-10-15 07:15:37',1,'test comment'),
	(137,1,'2018-10-15 07:24:36',1,'test comment'),
	(138,1,'2018-10-15 07:28:09',1,'test comment'),
	(139,1,'2018-10-16 11:13:04',1,'test comment'),
	(140,1,'2018-10-16 11:15:04',1,'test comment'),
	(141,1,'2018-10-16 13:38:24',1,'test comment'),
	(142,1,'2018-10-16 13:41:11',1,'test comment'),
	(143,1,'2018-10-16 13:44:47',1,'test comment'),
	(144,20,'2018-10-19 07:47:52',5,'@胤禛 '),
	(145,169,'2018-10-19 16:57:53',1,'@11 '),
	(146,23,'2019-02-12 16:26:26',1,'@禛 我的天'),
	(147,183,'2019-03-15 05:54:55',5,'ces'),
	(148,172,'2019-11-29 13:52:18',1,'asdfa');

/*!40000 ALTER TABLE `comment` ENABLE KEYS */;
UNLOCK TABLES;


# Dump of table excellentDiary
# ------------------------------------------------------------

DROP TABLE IF EXISTS `excellentDiary`;

CREATE TABLE `excellentDiary` (
  `id` int(11) NOT NULL AUTO_INCREMENT,
  `createTime` timestamp NULL DEFAULT CURRENT_TIMESTAMP,
  `diaryId` int(11) DEFAULT NULL,
  `operatorId` int(11) DEFAULT NULL,
  PRIMARY KEY (`id`)
) ENGINE=InnoDB DEFAULT CHARSET=utf8;

LOCK TABLES `excellentDiary` WRITE;
/*!40000 ALTER TABLE `excellentDiary` DISABLE KEYS */;

INSERT INTO `excellentDiary` (`id`, `createTime`, `diaryId`, `operatorId`)
VALUES
	(1,'2018-07-26 17:15:39',11,1),
	(2,'2018-09-10 13:51:48',2,1),
	(5,'2018-07-26 17:15:46',13,1),
	(6,'2018-07-26 17:15:48',15,1),
	(7,'2018-07-26 17:15:51',16,1),
	(11,'2018-07-26 17:16:50',14,1),
	(12,'2018-07-26 17:47:16',19,1),
	(13,'2018-07-26 17:47:18',24,1),
	(14,'2018-07-26 17:47:20',25,1),
	(15,'2018-07-26 17:47:24',26,1),
	(16,'2018-08-20 14:16:42',28,1),
	(17,'2018-09-06 10:57:57',58,1),
	(18,'2018-09-06 10:57:59',55,1),
	(19,'2018-09-06 10:58:03',31,1),
	(20,'2018-09-06 10:58:54',70,1),
	(21,'2018-09-06 10:58:55',71,1),
	(22,'2018-09-06 10:58:56',72,1),
	(23,'2018-09-06 10:58:58',73,1),
	(24,'2018-09-06 06:05:04',18,5),
	(39,'2018-11-08 02:21:05',168,5),
	(40,'2018-11-08 02:22:21',27,5),
	(41,'2018-11-08 02:22:56',67,5),
	(42,'2018-11-08 02:25:27',169,5),
	(43,'2018-11-08 02:26:22',8,5),
	(44,'2018-11-08 02:26:48',7,5),
	(45,'2018-11-08 02:27:09',74,5),
	(46,'2018-12-12 07:06:57',170,5),
	(47,'2018-12-12 07:06:59',170,5),
	(48,'2018-12-12 07:07:54',172,5);

/*!40000 ALTER TABLE `excellentDiary` ENABLE KEYS */;
UNLOCK TABLES;


# Dump of table follow
# ------------------------------------------------------------

DROP TABLE IF EXISTS `follow`;

CREATE TABLE `follow` (
  `id` int(11) NOT NULL AUTO_INCREMENT,
  `createTime` timestamp NULL DEFAULT CURRENT_TIMESTAMP,
  `followerId` int(11) DEFAULT NULL,
  `followeeId` int(11) DEFAULT NULL,
  PRIMARY KEY (`id`)
) ENGINE=InnoDB DEFAULT CHARSET=utf8;

LOCK TABLES `follow` WRITE;
/*!40000 ALTER TABLE `follow` DISABLE KEYS */;

INSERT INTO `follow` (`id`, `createTime`, `followerId`, `followeeId`)
VALUES
	(68,'2018-07-26 11:13:53',1,1),
	(69,'2018-07-26 11:14:00',1,26),
	(70,'2018-07-26 11:16:02',1,5),
	(88,'2018-08-20 04:06:14',38,5),
	(90,'2018-08-21 10:22:40',1,35),
	(94,'2018-08-21 10:23:28',1,11),
	(100,'2018-08-22 06:18:55',5,11),
	(101,'2018-09-06 06:04:34',5,2443),
	(106,'2018-09-07 05:53:07',5,5),
	(107,'2018-09-07 05:53:16',5,1),
	(175,'2018-10-19 17:01:18',1,30),
	(176,'2018-10-19 17:01:36',1,34),
	(177,'2018-10-19 09:27:18',5,30),
	(178,'2018-10-19 09:27:25',5,2),
	(179,'2018-12-07 01:33:21',5,29),
	(182,'2019-03-13 02:12:03',2690,5),
	(183,'2019-03-13 02:12:07',2690,21),
	(184,'2019-03-13 02:12:13',2690,2690),
	(185,'2019-11-29 13:52:25',1,2660);

/*!40000 ALTER TABLE `follow` ENABLE KEYS */;
UNLOCK TABLES;


# Dump of table practiseDiary
# ------------------------------------------------------------

DROP TABLE IF EXISTS `practiseDiary`;

CREATE TABLE `practiseDiary` (
  `id` int(11) NOT NULL AUTO_INCREMENT,
  `createTime` timestamp NULL DEFAULT CURRENT_TIMESTAMP,
  `date` timestamp NULL DEFAULT CURRENT_TIMESTAMP,
  `content` varchar(10000) DEFAULT NULL,
  `authorId` int(11) DEFAULT NULL,
  `diaryType` varchar(20) DEFAULT NULL,
  PRIMARY KEY (`id`)
) ENGINE=InnoDB DEFAULT CHARSET=utf8;

LOCK TABLES `practiseDiary` WRITE;
/*!40000 ALTER TABLE `practiseDiary` DISABLE KEYS */;

INSERT INTO `practiseDiary` (`id`, `createTime`, `date`, `content`, `authorId`, `diaryType`)
VALUES
	(4,NULL,'2018-02-07 00:00:00','## 我做了什么\n## 学了什么\n## 有什么印象深刻的收获',31,'diary'),
	(5,'2018-02-28 05:59:50','2018-02-28 00:00:00','## 我做了什么\n## 学了什么\n## 有什么印象深刻的收获',31,'diary'),
	(6,'2018-07-24 15:20:21','2018-07-31 00:00:00','## 我做了什么\n## 学了什么\n## 有什么印象深刻的收获',1,'diary'),
	(7,'2018-07-26 16:57:02','2018-07-29 00:00:00','逐渐流行起来的知识付费，似乎每一个人都在发朋友圈“分销知识”，原价多少现价多少，老师有多牛叉，过了今天明天就涨价了！搞得朋友圈的价值观，都以赚多少钱来评判一个人成功的标准。\n\n事后想想，促进人们对自己精神上贫乏的现状的审视和思考，还是大有裨益的。\n\n在这些知识付费的课程当中，写作无疑成了头号热门课程，因为人人都可上手，起点低，升值空间大，做为一个业余写手，靠它一月能赚5万+的不在少数。这不一定要求你有鲁迅的文采，大作家的阅历，只要把自己的思路表达清楚，让读者跟着你的即走，无疑也是一篇耐看的文章。\n\n于是人们扎堆的买学写作课程。\n\n但是，你又知道，他们能够出来卖干货，肯定是自己有两把刷子的，练就的过程不会像他们总结的精华那么简单，也不会犹如你看到的结果那样骨感。过程是一直在幕后努力，具有隐蔽性，让人心醉的，漫长的，得具备良好的耐心。\n\n也许得提前个1-2年开始专门准备，一年读100+本书、写复盘日记......可能也像我们现在一样努力......因为优秀，也是一种习惯。\n\n如果他们在过程中就想到日后如何赚钱，有如此的成就，或者是能被很多人关注，还能做好事情，写好文章吗？\n\n写文章，请别具有功利心！\n\n就像我，前面几篇文章追了一些当时的热点，也获得了不少人的称赞，现在提笔，看到题目，貌似很难有灵感出现，我知道是功利心在作怪了，为了别人的称赞，为了阅读量。\n',1,'diary'),
	(8,'2018-07-26 16:57:25','2018-07-28 00:00:00','### 2\n逐渐流行起来的知识付费，似乎每一个人都在发朋友圈“分销知识”，原价多少现价多少，老师有多牛叉，过了今天明天就涨价了！搞得朋友圈的价值观，都以赚多少钱来评判一个人成功的标准。\n\n事后想想，促进人们对自己精神上贫乏的现状的审视和思考，还是大有裨益的。\n\n在这些知识付费的课程当中，写作无疑成了头号热门课程，因为人人都可上手，起点低，升值空间大，做为一个业余写手，靠它一月能赚5万+的不在少数。这不一定要求你有鲁迅的文采，大作家的阅历，只要把自己的思路表达清楚，让读者跟着你的即走，无疑也是一篇耐看的文章。\n\n于是人们扎堆的买学写作课程。\n\n但是，你又知道，他们能够出来卖干货，肯定是自己有两把刷子的，练就的过程不会像他们总结的精华那么简单，也不会犹如你看到的结果那样骨感。过程是一直在幕后努力，具有隐蔽性，让人心醉的，漫长的，得具备良好的耐心。\n\n也许得提前个1-2年开始专门准备，一年读100+本书、写复盘日记......可能也像我们现在一样努力......因为优秀，也是一种习惯。\n\n如果他们在过程中就想到日后如何赚钱，有如此的成就，或者是能被很多人关注，还能做好事情，写好文章吗？\n\n写文章，请别具有功利心！\n\n就像我，前面几篇文章追了一些当时的热点，也获得了不少人的称赞，现在提笔，看到题目，貌似很难有灵感出现，我知道是功利心在作怪了，为了别人的称赞，为了阅读量。\n\n作者：有猫有道\n链接：https://www.jianshu.com/p/57448ff6da28\n來源：简书\n简书著作权归作者所有，任何形式的转载都请联系作者获得授权并注明出处。',1,'diary'),
	(9,'2018-07-26 16:57:34','2018-07-28 00:00:00','### 3\n逐渐流行起来的知识付费，似乎每一个人都在发朋友圈“分销知识”，原价多少现价多少，老师有多牛叉，过了今天明天就涨价了！搞得朋友圈的价值观，都以赚多少钱来评判一个人成功的标准。\n\n事后想想，促进人们对自己精神上贫乏的现状的审视和思考，还是大有裨益的。\n\n在这些知识付费的课程当中，写作无疑成了头号热门课程，因为人人都可上手，起点低，升值空间大，做为一个业余写手，靠它一月能赚5万+的不在少数。这不一定要求你有鲁迅的文采，大作家的阅历，只要把自己的思路表达清楚，让读者跟着你的即走，无疑也是一篇耐看的文章。\n\n于是人们扎堆的买学写作课程。\n\n但是，你又知道，他们能够出来卖干货，肯定是自己有两把刷子的，练就的过程不会像他们总结的精华那么简单，也不会犹如你看到的结果那样骨感。过程是一直在幕后努力，具有隐蔽性，让人心醉的，漫长的，得具备良好的耐心。\n\n也许得提前个1-2年开始专门准备，一年读100+本书、写复盘日记......可能也像我们现在一样努力......因为优秀，也是一种习惯。\n\n如果他们在过程中就想到日后如何赚钱，有如此的成就，或者是能被很多人关注，还能做好事情，写好文章吗？\n\n写文章，请别具有功利心！\n\n就像我，前面几篇文章追了一些当时的热点，也获得了不少人的称赞，现在提笔，看到题目，貌似很难有灵感出现，我知道是功利心在作怪了，为了别人的称赞，为了阅读量。\n\n作者：有猫有道\n链接：https://www.jianshu.com/p/57448ff6da28\n來源：简书\n简书著作权归作者所有，任何形式的转载都请联系作者获得授权并注明出处。',1,'diary'),
	(10,'2018-07-26 16:57:43','2018-07-27 00:00:00','### 4\n逐渐流行起来的知识付费，似乎每一个人都在发朋友圈“分销知识”，原价多少现价多少，老师有多牛叉，过了今天明天就涨价了！搞得朋友圈的价值观，都以赚多少钱来评判一个人成功的标准。\n\n事后想想，促进人们对自己精神上贫乏的现状的审视和思考，还是大有裨益的。\n\n在这些知识付费的课程当中，写作无疑成了头号热门课程，因为人人都可上手，起点低，升值空间大，做为一个业余写手，靠它一月能赚5万+的不在少数。这不一定要求你有鲁迅的文采，大作家的阅历，只要把自己的思路表达清楚，让读者跟着你的即走，无疑也是一篇耐看的文章。\n\n于是人们扎堆的买学写作课程。\n\n但是，你又知道，他们能够出来卖干货，肯定是自己有两把刷子的，练就的过程不会像他们总结的精华那么简单，也不会犹如你看到的结果那样骨感。过程是一直在幕后努力，具有隐蔽性，让人心醉的，漫长的，得具备良好的耐心。\n\n也许得提前个1-2年开始专门准备，一年读100+本书、写复盘日记......可能也像我们现在一样努力......因为优秀，也是一种习惯。\n\n如果他们在过程中就想到日后如何赚钱，有如此的成就，或者是能被很多人关注，还能做好事情，写好文章吗？\n\n写文章，请别具有功利心！\n\n就像我，前面几篇文章追了一些当时的热点，也获得了不少人的称赞，现在提笔，看到题目，貌似很难有灵感出现，我知道是功利心在作怪了，为了别人的称赞，为了阅读量。\n\n作者：有猫有道\n链接：https://www.jianshu.com/p/57448ff6da28\n來源：简书\n简书著作权归作者所有，任何形式的转载都请联系作者获得授权并注明出处。\n',1,'diary'),
	(11,'2018-07-26 16:57:50','2018-07-31 00:00:00','### 5\n逐渐流行起来的知识付费，似乎每一个人都在发朋友圈“分销知识”，原价多少现价多少，老师有多牛叉，过了今天明天就涨价了！搞得朋友圈的价值观，都以赚多少钱来评判一个人成功的标准。\n\n事后想想，促进人们对自己精神上贫乏的现状的审视和思考，还是大有裨益的。\n\n在这些知识付费的课程当中，写作无疑成了头号热门课程，因为人人都可上手，起点低，升值空间大，做为一个业余写手，靠它一月能赚5万+的不在少数。这不一定要求你有鲁迅的文采，大作家的阅历，只要把自己的思路表达清楚，让读者跟着你的即走，无疑也是一篇耐看的文章。\n\n于是人们扎堆的买学写作课程。\n\n但是，你又知道，他们能够出来卖干货，肯定是自己有两把刷子的，练就的过程不会像他们总结的精华那么简单，也不会犹如你看到的结果那样骨感。过程是一直在幕后努力，具有隐蔽性，让人心醉的，漫长的，得具备良好的耐心。\n\n也许得提前个1-2年开始专门准备，一年读100+本书、写复盘日记......可能也像我们现在一样努力......因为优秀，也是一种习惯。\n\n如果他们在过程中就想到日后如何赚钱，有如此的成就，或者是能被很多人关注，还能做好事情，写好文章吗？\n\n写文章，请别具有功利心！\n\n就像我，前面几篇文章追了一些当时的热点，也获得了不少人的称赞，现在提笔，看到题目，貌似很难有灵感出现，我知道是功利心在作怪了，为了别人的称赞，为了阅读量。\n\n作者：有猫有道\n链接：https://www.jianshu.com/p/57448ff6da28\n來源：简书\n简书著作权归作者所有，任何形式的转载都请联系作者获得授权并注明出处。',1,'diary'),
	(12,'2018-07-26 16:58:00','2018-07-31 00:00:00','### 6\n逐渐流行起来的知识付费，似乎每一个人都在发朋友圈“分销知识”，原价多少现价多少，老师有多牛叉，过了今天明天就涨价了！搞得朋友圈的价值观，都以赚多少钱来评判一个人成功的标准。\n\n事后想想，促进人们对自己精神上贫乏的现状的审视和思考，还是大有裨益的。\n\n在这些知识付费的课程当中，写作无疑成了头号热门课程，因为人人都可上手，起点低，升值空间大，做为一个业余写手，靠它一月能赚5万+的不在少数。这不一定要求你有鲁迅的文采，大作家的阅历，只要把自己的思路表达清楚，让读者跟着你的即走，无疑也是一篇耐看的文章。\n\n于是人们扎堆的买学写作课程。\n\n但是，你又知道，他们能够出来卖干货，肯定是自己有两把刷子的，练就的过程不会像他们总结的精华那么简单，也不会犹如你看到的结果那样骨感。过程是一直在幕后努力，具有隐蔽性，让人心醉的，漫长的，得具备良好的耐心。\n\n也许得提前个1-2年开始专门准备，一年读100+本书、写复盘日记......可能也像我们现在一样努力......因为优秀，也是一种习惯。\n\n如果他们在过程中就想到日后如何赚钱，有如此的成就，或者是能被很多人关注，还能做好事情，写好文章吗？\n\n写文章，请别具有功利心！\n\n就像我，前面几篇文章追了一些当时的热点，也获得了不少人的称赞，现在提笔，看到题目，貌似很难有灵感出现，我知道是功利心在作怪了，为了别人的称赞，为了阅读量。\n\n作者：有猫有道\n链接：https://www.jianshu.com/p/57448ff6da28\n來源：简书\n简书著作权归作者所有，任何形式的转载都请联系作者获得授权并注明出处。',1,'diary'),
	(13,'2018-07-26 16:58:07','2018-07-22 00:00:00','### 7\n逐渐流行起来的知识付费，似乎每一个人都在发朋友圈“分销知识”，原价多少现价多少，老师有多牛叉，过了今天明天就涨价了！搞得朋友圈的价值观，都以赚多少钱来评判一个人成功的标准。\n\n事后想想，促进人们对自己精神上贫乏的现状的审视和思考，还是大有裨益的。\n\n在这些知识付费的课程当中，写作无疑成了头号热门课程，因为人人都可上手，起点低，升值空间大，做为一个业余写手，靠它一月能赚5万+的不在少数。这不一定要求你有鲁迅的文采，大作家的阅历，只要把自己的思路表达清楚，让读者跟着你的即走，无疑也是一篇耐看的文章。\n\n于是人们扎堆的买学写作课程。\n\n但是，你又知道，他们能够出来卖干货，肯定是自己有两把刷子的，练就的过程不会像他们总结的精华那么简单，也不会犹如你看到的结果那样骨感。过程是一直在幕后努力，具有隐蔽性，让人心醉的，漫长的，得具备良好的耐心。\n\n也许得提前个1-2年开始专门准备，一年读100+本书、写复盘日记......可能也像我们现在一样努力......因为优秀，也是一种习惯。\n\n如果他们在过程中就想到日后如何赚钱，有如此的成就，或者是能被很多人关注，还能做好事情，写好文章吗？\n\n写文章，请别具有功利心！\n\n就像我，前面几篇文章追了一些当时的热点，也获得了不少人的称赞，现在提笔，看到题目，貌似很难有灵感出现，我知道是功利心在作怪了，为了别人的称赞，为了阅读量。\n\n作者：有猫有道\n链接：https://www.jianshu.com/p/57448ff6da28\n來源：简书\n简书著作权归作者所有，任何形式的转载都请联系作者获得授权并注明出处。',1,'diary'),
	(14,'2018-07-26 16:58:13','2018-07-27 00:00:00','### 9\n逐渐流行起来的知识付费，似乎每一个人都在发朋友圈“分销知识”，原价多少现价多少，老师有多牛叉，过了今天明天就涨价了！搞得朋友圈的价值观，都以赚多少钱来评判一个人成功的标准。\n\n事后想想，促进人们对自己精神上贫乏的现状的审视和思考，还是大有裨益的。\n\n在这些知识付费的课程当中，写作无疑成了头号热门课程，因为人人都可上手，起点低，升值空间大，做为一个业余写手，靠它一月能赚5万+的不在少数。这不一定要求你有鲁迅的文采，大作家的阅历，只要把自己的思路表达清楚，让读者跟着你的即走，无疑也是一篇耐看的文章。\n\n于是人们扎堆的买学写作课程。\n\n但是，你又知道，他们能够出来卖干货，肯定是自己有两把刷子的，练就的过程不会像他们总结的精华那么简单，也不会犹如你看到的结果那样骨感。过程是一直在幕后努力，具有隐蔽性，让人心醉的，漫长的，得具备良好的耐心。\n\n也许得提前个1-2年开始专门准备，一年读100+本书、写复盘日记......可能也像我们现在一样努力......因为优秀，也是一种习惯。\n\n如果他们在过程中就想到日后如何赚钱，有如此的成就，或者是能被很多人关注，还能做好事情，写好文章吗？\n\n写文章，请别具有功利心！\n\n就像我，前面几篇文章追了一些当时的热点，也获得了不少人的称赞，现在提笔，看到题目，貌似很难有灵感出现，我知道是功利心在作怪了，为了别人的称赞，为了阅读量。\n\n作者：有猫有道\n链接：https://www.jianshu.com/p/57448ff6da28\n來源：简书\n简书著作权归作者所有，任何形式的转载都请联系作者获得授权并注明出处。',1,'diary'),
	(15,'2018-07-26 16:58:22','2018-07-27 00:00:00','### 10 1\n逐渐流行起来的知识付费，似乎每一个人都在发朋友圈“分销知识”，原价多少现价多少，老师有多牛叉，过了今天明天就涨价了！搞得朋友圈的价值观，都以赚多少钱来评判一个人成功的标准。\n\n事后想想，促进人们对自己精神上贫乏的现状的审视和思考，还是大有裨益的。\n\n在这些知识付费的课程当中，写作无疑成了头号热门课程，因为人人都可上手，起点低，升值空间大，做为一个业余写手，靠它一月能赚5万+的不在少数。这不一定要求你有鲁迅的文采，大作家的阅历，只要把自己的思路表达清楚，让读者跟着你的即走，无疑也是一篇耐看的文章。\n\n于是人们扎堆的买学写作课程。\n\n但是，你又知道，他们能够出来卖干货，肯定是自己有两把刷子的，练就的过程不会像他们总结的精华那么简单，也不会犹如你看到的结果那样骨感。过程是一直在幕后努力，具有隐蔽性，让人心醉的，漫长的，得具备良好的耐心。\n\n也许得提前个1-2年开始专门准备，一年读100+本书、写复盘日记......可能也像我们现在一样努力......因为优秀，也是一种习惯。\n\n如果他们在过程中就想到日后如何赚钱，有如此的成就，或者是能被很多人关注，还能做好事情，写好文章吗？\n\n写文章，请别具有功利心！\n\n就像我，前面几篇文章追了一些当时的热点，也获得了不少人的称赞，现在提笔，看到题目，貌似很难有灵感出现，我知道是功利心在作怪了，为了别人的称赞，为了阅读量。\n\n作者：有猫有道\n链接：https://www.jianshu.com/p/57448ff6da28\n來源：简书\n简书著作权归作者所有，任何形式的转载都请联系作者获得授权并注明出处。',1,'diary'),
	(16,'2018-07-26 16:58:31','2018-08-15 00:00:00','### 11\n逐渐流行起来的知识付费，似乎每一个人都在发朋友圈“分销知识”，原价多少现价多少，老师有多牛叉，过了今天明天就涨价了！搞得朋友圈的价值观，都以赚多少钱来评判一个人成功的标准。\n\n事后想想，促进人们对自己精神上贫乏的现状的审视和思考，还是大有裨益的。\n\n在这些知识付费的课程当中，写作无疑成了头号热门课程，因为人人都可上手，起点低，升值空间大，做为一个业余写手，靠它一月能赚5万+的不在少数。这不一定要求你有鲁迅的文采，大作家的阅历，只要把自己的思路表达清楚，让读者跟着你的即走，无疑也是一篇耐看的文章。\n\n于是人们扎堆的买学写作课程。\n\n但是，你又知道，他们能够出来卖干货，肯定是自己有两把刷子的，练就的过程不会像他们总结的精华那么简单，也不会犹如你看到的结果那样骨感。过程是一直在幕后努力，具有隐蔽性，让人心醉的，漫长的，得具备良好的耐心。\n\n也许得提前个1-2年开始专门准备，一年读100+本书、写复盘日记......可能也像我们现在一样努力......因为优秀，也是一种习惯。\n\n如果他们在过程中就想到日后如何赚钱，有如此的成就，或者是能被很多人关注，还能做好事情，写好文章吗？\n\n写文章，请别具有功利心！\n\n就像我，前面几篇文章追了一些当时的热点，也获得了不少人的称赞，现在提笔，看到题目，貌似很难有灵感出现，我知道是功利心在作怪了，为了别人的称赞，为了阅读量。\n\n作者：有猫有道\n链接：https://www.jianshu.com/p/57448ff6da28\n來源：简书\n简书著作权归作者所有，任何形式的转载都请联系作者获得授权并注明出处。',1,'diary'),
	(17,'2018-07-26 16:58:40','2018-07-27 00:00:00','### 12\n逐渐流行起来的知识付费，似乎每一个人都在发朋友圈“分销知识”，原价多少现价多少，老师有多牛叉，过了今天明天就涨价了！搞得朋友圈的价值观，都以赚多少钱来评判一个人成功的标准。\n\n事后想想，促进人们对自己精神上贫乏的现状的审视和思考，还是大有裨益的。\n\n在这些知识付费的课程当中，写作无疑成了头号热门课程，因为人人都可上手，起点低，升值空间大，做为一个业余写手，靠它一月能赚5万+的不在少数。这不一定要求你有鲁迅的文采，大作家的阅历，只要把自己的思路表达清楚，让读者跟着你的即走，无疑也是一篇耐看的文章。\n\n于是人们扎堆的买学写作课程。\n\n但是，你又知道，他们能够出来卖干货，肯定是自己有两把刷子的，练就的过程不会像他们总结的精华那么简单，也不会犹如你看到的结果那样骨感。过程是一直在幕后努力，具有隐蔽性，让人心醉的，漫长的，得具备良好的耐心。\n\n也许得提前个1-2年开始专门准备，一年读100+本书、写复盘日记......可能也像我们现在一样努力......因为优秀，也是一种习惯。\n\n如果他们在过程中就想到日后如何赚钱，有如此的成就，或者是能被很多人关注，还能做好事情，写好文章吗？\n\n写文章，请别具有功利心！\n\n就像我，前面几篇文章追了一些当时的热点，也获得了不少人的称赞，现在提笔，看到题目，貌似很难有灵感出现，我知道是功利心在作怪了，为了别人的称赞，为了阅读量。\n\n作者：有猫有道\n链接：https://www.jianshu.com/p/57448ff6da28\n來源：简书\n简书著作权归作者所有，任何形式的转载都请联系作者获得授权并注明出处。',1,'diary'),
	(18,'2018-07-26 16:58:46','2018-07-29 00:00:00','### 13\n逐渐流行起来的知识付费，似乎每一个人都在发朋友圈“分销知识”，原价多少现价多少，老师有多牛叉，过了今天明天就涨价了！搞得朋友圈的价值观，都以赚多少钱来评判一个人成功的标准。\n\n事后想想，促进人们对自己精神上贫乏的现状的审视和思考，还是大有裨益的。\n\n在这些知识付费的课程当中，写作无疑成了头号热门课程，因为人人都可上手，起点低，升值空间大，做为一个业余写手，靠它一月能赚5万+的不在少数。这不一定要求你有鲁迅的文采，大作家的阅历，只要把自己的思路表达清楚，让读者跟着你的即走，无疑也是一篇耐看的文章。\n\n于是人们扎堆的买学写作课程。\n\n但是，你又知道，他们能够出来卖干货，肯定是自己有两把刷子的，练就的过程不会像他们总结的精华那么简单，也不会犹如你看到的结果那样骨感。过程是一直在幕后努力，具有隐蔽性，让人心醉的，漫长的，得具备良好的耐心。\n\n也许得提前个1-2年开始专门准备，一年读100+本书、写复盘日记......可能也像我们现在一样努力......因为优秀，也是一种习惯。\n\n如果他们在过程中就想到日后如何赚钱，有如此的成就，或者是能被很多人关注，还能做好事情，写好文章吗？\n\n写文章，请别具有功利心！\n\n就像我，前面几篇文章追了一些当时的热点，也获得了不少人的称赞，现在提笔，看到题目，貌似很难有灵感出现，我知道是功利心在作怪了，为了别人的称赞，为了阅读量。\n\n作者：有猫有道\n链接：https://www.jianshu.com/p/57448ff6da28\n來源：简书\n简书著作权归作者所有，任何形式的转载都请联系作者获得授权并注明出处。',1,'diary'),
	(19,'2018-07-26 16:59:12','2018-07-22 00:00:00','### 14\n逐渐流行起来的知识付费，似乎每一个人都在发朋友圈“分销知识”，原价多少现价多少，老师有多牛叉，过了今天明天就涨价了！搞得朋友圈的价值观，都以赚多少钱来评判一个人成功的标准。\n\n事后想想，促进人们对自己精神上贫乏的现状的审视和思考，还是大有裨益的。\n\n在这些知识付费的课程当中，写作无疑成了头号热门课程，因为人人都可上手，起点低，升值空间大，做为一个业余写手，靠它一月能赚5万+的不在少数。这不一定要求你有鲁迅的文采，大作家的阅历，只要把自己的思路表达清楚，让读者跟着你的即走，无疑也是一篇耐看的文章。\n\n于是人们扎堆的买学写作课程。\n\n但是，你又知道，他们能够出来卖干货，肯定是自己有两把刷子的，练就的过程不会像他们总结的精华那么简单，也不会犹如你看到的结果那样骨感。过程是一直在幕后努力，具有隐蔽性，让人心醉的，漫长的，得具备良好的耐心。\n\n也许得提前个1-2年开始专门准备，一年读100+本书、写复盘日记......可能也像我们现在一样努力......因为优秀，也是一种习惯。\n\n如果他们在过程中就想到日后如何赚钱，有如此的成就，或者是能被很多人关注，还能做好事情，写好文章吗？\n\n写文章，请别具有功利心！\n\n就像我，前面几篇文章追了一些当时的热点，也获得了不少人的称赞，现在提笔，看到题目，貌似很难有灵感出现，我知道是功利心在作怪了，为了别人的称赞，为了阅读量。\n\n作者：有猫有道\n链接：https://www.jianshu.com/p/57448ff6da28\n來源：简书\n简书著作权归作者所有，任何形式的转载都请联系作者获得授权并注明出处。',1,'diary'),
	(20,'2018-07-26 16:59:20','2018-07-20 00:00:00','### 15\n逐渐流行起来的知识付费，似乎每一个人都在发朋友圈“分销知识”，原价多少现价多少，老师有多牛叉，过了今天明天就涨价了！搞得朋友圈的价值观，都以赚多少钱来评判一个人成功的标准。\n\n事后想想，促进人们对自己精神上贫乏的现状的审视和思考，还是大有裨益的。\n\n在这些知识付费的课程当中，写作无疑成了头号热门课程，因为人人都可上手，起点低，升值空间大，做为一个业余写手，靠它一月能赚5万+的不在少数。这不一定要求你有鲁迅的文采，大作家的阅历，只要把自己的思路表达清楚，让读者跟着你的即走，无疑也是一篇耐看的文章。\n\n于是人们扎堆的买学写作课程。\n\n但是，你又知道，他们能够出来卖干货，肯定是自己有两把刷子的，练就的过程不会像他们总结的精华那么简单，也不会犹如你看到的结果那样骨感。过程是一直在幕后努力，具有隐蔽性，让人心醉的，漫长的，得具备良好的耐心。\n\n也许得提前个1-2年开始专门准备，一年读100+本书、写复盘日记......可能也像我们现在一样努力......因为优秀，也是一种习惯。\n\n如果他们在过程中就想到日后如何赚钱，有如此的成就，或者是能被很多人关注，还能做好事情，写好文章吗？\n\n写文章，请别具有功利心！\n\n就像我，前面几篇文章追了一些当时的热点，也获得了不少人的称赞，现在提笔，看到题目，貌似很难有灵感出现，我知道是功利心在作怪了，为了别人的称赞，为了阅读量。\n\n作者：有猫有道\n链接：https://www.jianshu.com/p/57448ff6da28\n來源：简书\n简书著作权归作者所有，任何形式的转载都请联系作者获得授权并注明出处。',11,'diary'),
	(21,'2018-07-26 16:59:32','2018-07-21 00:00:00','### 16\n逐渐流行起来的知识付费，似乎每一个人都在发朋友圈“分销知识”，原价多少现价多少，老师有多牛叉，过了今天明天就涨价了！搞得朋友圈的价值观，都以赚多少钱来评判一个人成功的标准。\n\n事后想想，促进人们对自己精神上贫乏的现状的审视和思考，还是大有裨益的。\n\n在这些知识付费的课程当中，写作无疑成了头号热门课程，因为人人都可上手，起点低，升值空间大，做为一个业余写手，靠它一月能赚5万+的不在少数。这不一定要求你有鲁迅的文采，大作家的阅历，只要把自己的思路表达清楚，让读者跟着你的即走，无疑也是一篇耐看的文章。\n\n于是人们扎堆的买学写作课程。\n\n但是，你又知道，他们能够出来卖干货，肯定是自己有两把刷子的，练就的过程不会像他们总结的精华那么简单，也不会犹如你看到的结果那样骨感。过程是一直在幕后努力，具有隐蔽性，让人心醉的，漫长的，得具备良好的耐心。\n\n也许得提前个1-2年开始专门准备，一年读100+本书、写复盘日记......可能也像我们现在一样努力......因为优秀，也是一种习惯。\n\n如果他们在过程中就想到日后如何赚钱，有如此的成就，或者是能被很多人关注，还能做好事情，写好文章吗？\n\n写文章，请别具有功利心！\n\n就像我，前面几篇文章追了一些当时的热点，也获得了不少人的称赞，现在提笔，看到题目，貌似很难有灵感出现，我知道是功利心在作怪了，为了别人的称赞，为了阅读量。\n\n作者：有猫有道\n链接：https://www.jianshu.com/p/57448ff6da28\n來源：简书\n简书著作权归作者所有，任何形式的转载都请联系作者获得授权并注明出处。',1,'diary'),
	(22,'2018-07-26 16:59:47','2018-07-20 00:00:00','### 17\n逐渐流行起来的知识付费，似乎每一个人都在发朋友圈“分销知识”，原价多少现价多少，老师有多牛叉，过了今天明天就涨价了！搞得朋友圈的价值观，都以赚多少钱来评判一个人成功的标准。\n\n事后想想，促进人们对自己精神上贫乏的现状的审视和思考，还是大有裨益的。\n\n在这些知识付费的课程当中，写作无疑成了头号热门课程，因为人人都可上手，起点低，升值空间大，做为一个业余写手，靠它一月能赚5万+的不在少数。这不一定要求你有鲁迅的文采，大作家的阅历，只要把自己的思路表达清楚，让读者跟着你的即走，无疑也是一篇耐看的文章。\n\n于是人们扎堆的买学写作课程。\n\n但是，你又知道，他们能够出来卖干货，肯定是自己有两把刷子的，练就的过程不会像他们总结的精华那么简单，也不会犹如你看到的结果那样骨感。过程是一直在幕后努力，具有隐蔽性，让人心醉的，漫长的，得具备良好的耐心。\n\n也许得提前个1-2年开始专门准备，一年读100+本书、写复盘日记......可能也像我们现在一样努力......因为优秀，也是一种习惯。\n\n如果他们在过程中就想到日后如何赚钱，有如此的成就，或者是能被很多人关注，还能做好事情，写好文章吗？\n\n写文章，请别具有功利心！\n\n就像我，前面几篇文章追了一些当时的热点，也获得了不少人的称赞，现在提笔，看到题目，貌似很难有灵感出现，我知道是功利心在作怪了，为了别人的称赞，为了阅读量。\n\n作者：有猫有道\n链接：https://www.jianshu.com/p/57448ff6da28\n來源：简书\n简书著作权归作者所有，任何形式的转载都请联系作者获得授权并注明出处。',35,'diary'),
	(23,'2018-07-26 16:59:53','2018-07-20 00:00:00','### 18\n逐渐流行起来的知识付费，似乎每一个人都在发朋友圈“分销知识”，原价多少现价多少，老师有多牛叉，过了今天明天就涨价了！搞得朋友圈的价值观，都以赚多少钱来评判一个人成功的标准。\n\n事后想想，促进人们对自己精神上贫乏的现状的审视和思考，还是大有裨益的。\n\n在这些知识付费的课程当中，写作无疑成了头号热门课程，因为人人都可上手，起点低，升值空间大，做为一个业余写手，靠它一月能赚5万+的不在少数。这不一定要求你有鲁迅的文采，大作家的阅历，只要把自己的思路表达清楚，让读者跟着你的即走，无疑也是一篇耐看的文章。\n\n于是人们扎堆的买学写作课程。\n\n但是，你又知道，他们能够出来卖干货，肯定是自己有两把刷子的，练就的过程不会像他们总结的精华那么简单，也不会犹如你看到的结果那样骨感。过程是一直在幕后努力，具有隐蔽性，让人心醉的，漫长的，得具备良好的耐心。\n\n也许得提前个1-2年开始专门准备，一年读100+本书、写复盘日记......可能也像我们现在一样努力......因为优秀，也是一种习惯。\n\n如果他们在过程中就想到日后如何赚钱，有如此的成就，或者是能被很多人关注，还能做好事情，写好文章吗？\n\n写文章，请别具有功利心！\n\n就像我，前面几篇文章追了一些当时的热点，也获得了不少人的称赞，现在提笔，看到题目，貌似很难有灵感出现，我知道是功利心在作怪了，为了别人的称赞，为了阅读量。\n\n作者：有猫有道\n链接：https://www.jianshu.com/p/57448ff6da28\n來源：简书\n简书著作权归作者所有，任何形式的转载都请联系作者获得授权并注明出处。',26,'diary'),
	(24,'2018-07-26 16:59:59','2018-07-31 00:00:00','### 19\n逐渐流行起来的知识付费，似乎每一个人都在发朋友圈“分销知识”，原价多少现价多少，老师有多牛叉，过了今天明天就涨价了！搞得朋友圈的价值观，都以赚多少钱来评判一个人成功的标准。\n\n事后想想，促进人们对自己精神上贫乏的现状的审视和思考，还是大有裨益的。\n\n在这些知识付费的课程当中，写作无疑成了头号热门课程，因为人人都可上手，起点低，升值空间大，做为一个业余写手，靠它一月能赚5万+的不在少数。这不一定要求你有鲁迅的文采，大作家的阅历，只要把自己的思路表达清楚，让读者跟着你的即走，无疑也是一篇耐看的文章。\n\n于是人们扎堆的买学写作课程。\n\n但是，你又知道，他们能够出来卖干货，肯定是自己有两把刷子的，练就的过程不会像他们总结的精华那么简单，也不会犹如你看到的结果那样骨感。过程是一直在幕后努力，具有隐蔽性，让人心醉的，漫长的，得具备良好的耐心。\n\n也许得提前个1-2年开始专门准备，一年读100+本书、写复盘日记......可能也像我们现在一样努力......因为优秀，也是一种习惯。\n\n如果他们在过程中就想到日后如何赚钱，有如此的成就，或者是能被很多人关注，还能做好事情，写好文章吗？\n\n写文章，请别具有功利心！\n\n就像我，前面几篇文章追了一些当时的热点，也获得了不少人的称赞，现在提笔，看到题目，貌似很难有灵感出现，我知道是功利心在作怪了，为了别人的称赞，为了阅读量。\n\n作者：有猫有道\n链接：https://www.jianshu.com/p/57448ff6da28\n來源：简书\n简书著作权归作者所有，任何形式的转载都请联系作者获得授权并注明出处。',1,'diary'),
	(25,'2018-07-26 17:00:05','2018-07-20 00:00:00','### 20\n逐渐流行起来的知识付费，似乎每一个人都在发朋友圈“分销知识”，原价多少现价多少，老师有多牛叉，过了今天明天就涨价了！搞得朋友圈的价值观，都以赚多少钱来评判一个人成功的标准。\n\n事后想想，促进人们对自己精神上贫乏的现状的审视和思考，还是大有裨益的。\n\n在这些知识付费的课程当中，写作无疑成了头号热门课程，因为人人都可上手，起点低，升值空间大，做为一个业余写手，靠它一月能赚5万+的不在少数。这不一定要求你有鲁迅的文采，大作家的阅历，只要把自己的思路表达清楚，让读者跟着你的即走，无疑也是一篇耐看的文章。\n\n于是人们扎堆的买学写作课程。\n\n但是，你又知道，他们能够出来卖干货，肯定是自己有两把刷子的，练就的过程不会像他们总结的精华那么简单，也不会犹如你看到的结果那样骨感。过程是一直在幕后努力，具有隐蔽性，让人心醉的，漫长的，得具备良好的耐心。\n\n也许得提前个1-2年开始专门准备，一年读100+本书、写复盘日记......可能也像我们现在一样努力......因为优秀，也是一种习惯。\n\n如果他们在过程中就想到日后如何赚钱，有如此的成就，或者是能被很多人关注，还能做好事情，写好文章吗？\n\n写文章，请别具有功利心！\n\n就像我，前面几篇文章追了一些当时的热点，也获得了不少人的称赞，现在提笔，看到题目，貌似很难有灵感出现，我知道是功利心在作怪了，为了别人的称赞，为了阅读量。\n\n作者：有猫有道\n链接：https://www.jianshu.com/p/57448ff6da28\n來源：简书\n简书著作权归作者所有，任何形式的转载都请联系作者获得授权并注明出处。',4,'diary'),
	(26,'2018-07-26 17:00:11','2018-07-06 00:00:00','### 21\n逐渐流行起来的知识付费，似乎每一个人都在发朋友圈“分销知识”，原价多少现价多少，老师有多牛叉，过了今天明天就涨价了！搞得朋友圈的价值观，都以赚多少钱来评判一个人成功的标准。\n\n事后想想，促进人们对自己精神上贫乏的现状的审视和思考，还是大有裨益的。\n\n在这些知识付费的课程当中，写作无疑成了头号热门课程，因为人人都可上手，起点低，升值空间大，做为一个业余写手，靠它一月能赚5万+的不在少数。这不一定要求你有鲁迅的文采，大作家的阅历，只要把自己的思路表达清楚，让读者跟着你的即走，无疑也是一篇耐看的文章。\n\n于是人们扎堆的买学写作课程。\n\n但是，你又知道，他们能够出来卖干货，肯定是自己有两把刷子的，练就的过程不会像他们总结的精华那么简单，也不会犹如你看到的结果那样骨感。过程是一直在幕后努力，具有隐蔽性，让人心醉的，漫长的，得具备良好的耐心。\n\n也许得提前个1-2年开始专门准备，一年读100+本书、写复盘日记......可能也像我们现在一样努力......因为优秀，也是一种习惯。\n\n如果他们在过程中就想到日后如何赚钱，有如此的成就，或者是能被很多人关注，还能做好事情，写好文章吗？\n\n写文章，请别具有功利心！\n\n就像我，前面几篇文章追了一些当时的热点，也获得了不少人的称赞，现在提笔，看到题目，貌似很难有灵感出现，我知道是功利心在作怪了，为了别人的称赞，为了阅读量。\n\n作者：有猫有道\n链接：https://www.jianshu.com/p/57448ff6da28\n來源：简书\n简书著作权归作者所有，任何形式的转载都请联系作者获得授权并注明出处。',1,'diary'),
	(27,'2018-07-29 03:02:10','2018-07-29 00:00:00','## 我做了什么\n## 学了什么\n## 有什么印象深刻的收获',5,'diary'),
	(28,'2018-08-02 09:32:02','2018-08-02 00:00:00','## 我做了什么\n## 学了什么\n## 有什么印象深刻的收获',5,'diary'),
	(30,'2018-08-02 09:32:02','2018-08-02 00:00:00','## test modify',5,'diary'),
	(31,'2018-08-02 09:32:02','2018-08-02 00:00:00','',5,'diary'),
	(32,'2018-08-02 09:32:02','2018-08-02 00:00:00','',5,'diary'),
	(33,'2018-08-02 09:32:03','2018-08-02 00:00:00','',5,'diary'),
	(34,'2018-08-02 09:32:03','2018-08-02 00:00:00','',5,'diary'),
	(48,'2018-08-02 09:32:08','2018-08-02 00:00:00','',5,'diary'),
	(51,'2018-08-02 09:32:09','2018-09-15 00:00:00','sdf',5,'diary'),
	(52,'2018-08-02 09:32:09','2018-08-02 00:00:00','',5,'diary'),
	(53,'2018-08-20 04:06:50','2018-08-20 00:00:00','## 我做了什么\n## 学了什么\n## 有什么印象深刻的收获',38,'diary'),
	(54,'2018-08-20 04:07:17','2018-08-20 00:00:00','## 我做了什么\n## 学了什么\n## 有什么印象深刻的收获',38,'diary'),
	(55,'2018-08-28 02:13:33','2018-08-28 00:00:00','## 我做了什么\n## 学了什么',5,'diary'),
	(58,'2018-09-01 14:20:52','2018-09-01 00:00:00','## 我做了什么\n## 学了什么\n## 有什么印象深刻的收获',5,'diary'),
	(60,'2018-09-03 06:36:05','2018-09-03 00:00:00','## 我',5,'diary'),
	(61,'2018-09-03 07:58:07','2018-09-03 00:00:00','## 我做了什么\n## 学了什么\n## 有什么印象深刻的收获',5,'diary'),
	(62,'2018-09-03 07:58:11','2018-09-03 00:00:00','ds',5,'diary'),
	(63,'2018-09-03 07:58:12','2018-09-03 00:00:00','sdfs',5,'diary'),
	(64,'2018-09-03 07:58:14','2018-09-03 00:00:00','sd',5,'diary'),
	(65,'2018-09-03 07:58:17','2018-09-03 00:00:00','df',5,'diary'),
	(66,'2018-09-03 07:58:18','2018-09-03 00:00:00','sdf',5,'diary'),
	(67,'2018-09-03 07:58:20','2018-09-03 00:00:00','sdf',5,'diary'),
	(68,'2018-09-04 06:17:44','2018-09-04 00:00:00','## 我做了什么\n## 学了什么\n## 有什么印象深刻的收获',5,'diary'),
	(70,'2018-09-06 10:56:18','2018-09-09 00:00:00','## 我做了什么\n## 学了什么\n## 有什么印象深刻的收获',1,'diary'),
	(71,'2018-09-06 10:56:26','2018-09-07 00:00:00','测试111',1,'diary'),
	(72,'2018-09-06 10:56:29','2018-09-06 00:00:00','测试222',1,'diary'),
	(73,'2018-09-06 10:56:32','2018-09-06 00:00:00','测试333',1,'diary'),
	(74,'2018-09-06 06:03:32','2018-09-06 00:00:00','## 09-06 我做了什么\n## 学了什么\n## 有什么印象深刻的收获',5,'diary'),
	(75,'2018-09-06 06:03:45','2018-09-06 00:00:00','afsdfa sf',5,'diary'),
	(76,'2018-09-06 06:03:53','2018-09-07 00:00:00','fasdfasdfasd',5,'diary'),
	(77,'2018-09-06 06:04:20','2018-09-07 00:00:00','fasdfasdfasdfasdfas',5,'diary'),
	(78,'2018-09-06 06:05:16','2018-09-06 00:00:00','## 我做了什么\n## 学了什么fasdfasdfasfd\n## 有什么印象深刻的收获',5,'diary'),
	(79,'2018-09-06 06:13:01','2018-09-06 00:00:00','fasdfasdf',5,'diary'),
	(80,'2018-09-06 06:13:09','2018-09-06 00:00:00','## 我做了什么\n## 学了什么\n## 有什么印象深刻的收获fasdfasdf',5,'diary'),
	(81,'2018-09-06 06:13:14','2018-09-06 00:00:00','fasdfasdfasdf',5,'diary'),
	(82,'2018-09-06 06:13:33','2018-09-06 00:00:00','fasdfasdfsdffasdfas',5,'diary'),
	(83,'2018-09-06 06:13:56','2018-09-07 00:00:00','## 我做了什么\n## 学了什么\n## 有什么印象深刻的收获fasdfasdf',5,'diary'),
	(84,'2018-09-06 06:47:26','2018-09-06 00:00:00','## 我做了什么\n## 学了什么\n## 有什么印象深刻的收获',5,'diary'),
	(85,'2018-09-06 06:48:13','2018-09-06 00:00:00','## 我做了什么\n## 学了什么\n## 有什么印象深刻的收获',5,'diary'),
	(86,'2018-09-06 06:48:27','2018-09-06 00:00:00','asd',5,'diary'),
	(87,'2018-09-06 06:49:00','2018-09-06 00:00:00','kashdahsdkasdhkasd哈哈哈哈哈哈哈哈',5,'diary'),
	(88,'2018-09-06 07:19:48','2018-09-07 16:00:00','# 我做了什么\n## 学了什么\n### 有什么印象深刻的收获\n#### 有什么印象深刻的收获',5,'diary'),
	(89,'2018-09-06 07:27:37','2018-09-06 00:00:00','## 我做了什么\n## 学了什么\n## 有什么印象深刻的收获',5,'diary'),
	(91,'2018-09-06 07:40:00','2018-09-06 00:00:00','## 我做了什么\n## 学了什么\n## 有什么印象深刻的收获',5,'diary'),
	(92,'2018-09-07 10:58:38','2018-09-07 00:00:00','## 我做了什么\n## 学了什么\n## 有什么印象深刻的收获fasdfsa',1,'diary'),
	(93,'2018-09-07 10:58:52','2018-09-07 00:00:00','## 我做了什么\n## 学了什么\n## 有什么印象深刻的收获\ndfasdfasdf',1,'diary'),
	(94,'2018-09-07 10:59:32','2018-09-13 00:00:00','## 111111\n## 学了什么\n## 有什么印象深刻的收获',1,'diary'),
	(95,'2018-09-07 05:54:58','2018-09-07 00:00:00','## 我做了什么\n## 学了什么\n## 有什么印象深刻的收获',5,'diary'),
	(168,'2018-10-19 07:48:08','2018-10-18 16:00:00','asdfasdfasdf',5,'diary'),
	(169,'2018-10-19 16:12:40','2018-10-19 00:00:00','asdasdasdasd\n哈哈哈哈哈',1,'diary'),
	(170,'2018-10-19 09:28:25','2018-10-18 16:00:00','efasdfasdfs',5,'diary'),
	(171,'2018-11-06 08:41:26','2018-11-05 16:00:00','11111',2658,'diary'),
	(172,'2018-12-06 18:22:56','2018-12-07 00:00:00','hhh',1,'goal'),
	(173,'2018-12-06 18:23:04','2018-12-08 00:00:00','daijingwa',1,'diary'),
	(174,'2018-12-06 18:23:20','2018-11-16 00:00:00','nihailo',1,'diary'),
	(175,'2019-01-29 17:32:34','2019-01-29 00:00:00','# 训练营使用流程-学员端\n\n1.  在 **APP中心** 点击 训练营\n\n![image](http://upload-images.jianshu.io/upload_images/1616232-a100fd091f8544b2.png!thumbnail?imageMogr2/auto-orient/strip%7CimageView2/2/w/1240)\n\n2.  在 我的训练营 中查看自己参与的训练营\n\n![image](http://upload-images.jianshu.io/upload_images/1616232-ba7de62b11ffacc7.png!thumbnail?imageMogr2/auto-orient/strip%7CimageView2/2/w/1240)\n\n3.  点击某一期训练营可以看到：\n\n*   训练营介绍\n\n![image](http://upload-images.jianshu.io/upload_images/1616232-3877f677cd04872b.png!thumbnail?imageMogr2/auto-orient/strip%7CimageView2/2/w/1240)\n\n*   任务卡积分榜\n\n![image](http://upload-images.jianshu.io/upload_images/1616232-d60477630dbce7ca.png!thumbnail?imageMogr2/auto-orient/strip%7CimageView2/2/w/1240)\n\n4. 任务卡\n\n*   任务卡视图\n\n![image](http://upload-images.jianshu.io/upload_images/1616232-7175d449a46e7e45.png!thumbnail?imageMogr2/auto-orient/strip%7CimageView2/2/w/1240)\n\n*   作业视图\n\n![image](http://upload-images.jianshu.io/upload_images/1616232-38b68ec36d806ee0.png!thumbnail?imageMogr2/auto-orient/strip%7CimageView2/2/w/1240)\n\n5.  在任务卡视图中点击某个任务卡名查看任务卡详情\n\n![image](http://upload-images.jianshu.io/upload_images/1616232-f7bc3f895baa290e.png!thumbnail?imageMogr2/auto-orient/strip%7CimageView2/2/w/1240)\n\n6.  在作业视图或在任务卡详情点击 作业名查看该作业的详情\n\n![image](http://upload-images.jianshu.io/upload_images/1616232-1839c5a7fb9baef1.png!thumbnail?imageMogr2/auto-orient/strip%7CimageView2/2/w/1240)\n7. 学员在提交作业后，且助教对作业进行打分评价后\n![image](http://upload-images.jianshu.io/upload_images/1616232-d5ac0bfe33c98e87.png!thumbnail?imageMogr2/auto-orient/strip%7CimageView2/2/w/1240)\n\n<video width=\"100%\" id=\"video\" controls=\"controls\" preload=\"auto\" src=\"https://s3.cn-north-1.amazonaws.com.cn/tws-courses-resource/system-introduction/%E5%AE%8C%E6%88%90%E4%B8%80%E5%BC%A0%E4%BB%BB%E5%8A%A1%E5%8D%A1.mp4\" type=\"video/mp4\">\n      <p>抱歉，你的浏览器不支持在线视频播放。</p>\n</video>\n\n8.  查看优秀作业\n![image](http://upload-images.jianshu.io/upload_images/1616232-accd9c8011fb5f67.png!thumbnail?imageMogr2/auto-orient/strip%7CimageView2/2/w/1240)\n\n> 注意：\n*   如果做的是选择题，那么在提交作业后，系统会立即打分，不需要助教评分\n*   只有编程题可以重复提交答案\n*   选择题、填空题和编程题 有正确答案，部分编程题还会有高手视频\n\n---\n# 训练营使用流程-助教端\n### 训练营使用\n1.  在 **APP中心** 点击 训练营\n\n![image](http://upload-images.jianshu.io/upload_images/1616232-4283251186179d12.png!thumbnail?imageMogr2/auto-orient/strip%7CimageView2/2/w/1240)\n\n2.  在 辅导的训练营 中查看自己辅导的训练营\n\n![image](http://upload-images.jianshu.io/upload_images/1616232-132caca98a7b406e.png!thumbnail?imageMogr2/auto-orient/strip%7CimageView2/2/w/1240)\n\n3.  点击进入我辅导的训练营\n\n![image.png](https://upload-images.jianshu.io/upload_images/1616232-158fc39fde37e428.png?imageMogr2/auto-orient/strip%7CimageView2/2/w/1240)\n\n> 关注学员视频教程\n\n<video width=\"100%\" id=\"video\" controls=\"controls\" preload=\"auto\" src=\"https://s3.cn-north-1.amazonaws.com.cn/tws-courses-resource/%E5%85%B3%E6%B3%A8%E5%AD%A6%E5%91%98.mp4\" type=\"video/mp4\">\n      <p>抱歉，你的浏览器不支持在线视频播放。</p>\n</video>\n\n\n4. 查看某学员的作业的详情，\n\n- 可以直接在 我辅导的训练营下方的作业列表中，点击具体的作业下的学员查看\n\n- 点击我关注的学员的名字，进入该学员的作业完成情况列表\n\n![image](http://upload-images.jianshu.io/upload_images/1616232-a8233babfa69de38.png!thumbnail?imageMogr2/auto-orient/strip%7CimageView2/2/w/1240)\n\n5.  查看学员的作业完成情况，并评价打分\n\n![image.png](https://upload-images.jianshu.io/upload_images/1616232-60f95889713712fc.png?imageMogr2/auto-orient/strip%7CimageView2/2/w/1240)\n> 查看学员任务卡进度视频教程\n\n<video width=\"100%\" id=\"video\" controls=\"controls\" preload=\"auto\" src=\"https://s3.cn-north-1.amazonaws.com.cn/tws-courses-resource/%E6%9F%A5%E7%9C%8B%E5%AD%A6%E5%91%98%E4%BB%BB%E5%8A%A1%E5%8D%A1%E8%BF%9B%E5%BA%A6.mp4\" type=\"video/mp4\">\n      <p>抱歉，你的浏览器不支持在线视频播放。</p>\n</video>\n\n> 检查作业并评分视频教程\n\n<video width=\"100%\" id=\"video\" controls=\"controls\" preload=\"auto\" src=\"https://s3.cn-north-1.amazonaws.com.cn/tws-courses-resource/%E6%A3%80%E6%9F%A5%E4%BD%9C%E4%B8%9A%E5%B9%B6%E8%AF%84%E5%88%86.mp4\" type=\"video/mp4\">\n      <p>抱歉，你的浏览器不支持在线视频播放。</p>\n</video>\n\n6.  查看任务卡的作业列表\n\n![image](http://upload-images.jianshu.io/upload_images/1616232-a852ad138fdf1513.png!thumbnail?imageMogr2/auto-orient/strip%7CimageView2/2/w/1240)\n\n\n\n> 注意：\n*  作业状态有四种（优秀、已完成、已提交(评阅中)、未完成）\n*   在学员未提交作业前，助教无法对作业进行评分\n*   如果学员做的是选择题，那么系统会自动打分和状态，助教无法对系统的判定做修改',1,'diary'),
	(176,'2019-01-29 17:37:51','2019-01-29 00:00:00','- 111\n- 123123\n- 12312',1,'diary'),
	(177,'2019-01-29 17:47:09','2019-01-29 00:00:00','1. 123\n2. 231',1,'diary'),
	(178,'2019-02-01 09:53:11','2019-01-29 00:00:00','1. 222\n2. 3333asd\n2. 4444',1,'diary'),
	(179,'2019-02-01 10:22:08','2019-02-01 00:00:00','### fasdfasdasdffasdfasdffasdfasdffasdfasdfasdfasdf',1,'diary'),
	(180,'2019-02-01 10:22:27','2019-02-01 00:00:00','## asdfas\n- fasdfa\n- asdfasdf\n- asdfasd\n- asdfasd\n',1,'diary'),
	(181,'2019-02-12 07:59:28','2019-02-04 16:00:00','## hhh',5,'diary'),
	(182,'2019-02-12 16:21:15','2019-02-12 00:00:00','##  test\n---\n哈哈哈',1,'diary'),
	(183,'2019-02-21 01:11:11','2019-02-10 16:00:00','ceasdsadasd',5,'diary'),
	(184,'2019-03-13 02:11:55','2019-03-12 16:00:00','## 成长日志\n- 我的优秀日志',2690,'diary'),
	(185,'2019-03-15 13:45:19','2019-03-06 00:00:00','ecesasd',1,'diary'),
	(186,'2019-03-15 13:46:00','2019-03-06 00:00:00','asd',1,'diary'),
	(187,'2019-03-15 06:01:26','2019-03-15 16:00:00','测试',5,'diary'),
	(188,'2019-03-15 14:01:41','2019-03-15 00:00:00','测试',1,'diary'),
	(189,'2019-03-15 14:08:26','2019-03-15 00:00:00','wodetian',1,'diary'),
	(190,'2019-03-15 14:08:28','2019-03-15 00:00:00','',1,'diary'),
	(191,'2019-07-09 13:55:53','2019-07-09 00:00:00','123',1,'diary'),
	(192,'2019-11-29 13:52:08','2019-11-29 00:00:00','阿斯顿发送到',1,'diary');

/*!40000 ALTER TABLE `practiseDiary` ENABLE KEYS */;
UNLOCK TABLES;


# Dump of table schema_version
# ------------------------------------------------------------

DROP TABLE IF EXISTS `schema_version`;

CREATE TABLE `schema_version` (
  `installed_rank` int(11) NOT NULL,
  `version` varchar(50) DEFAULT NULL,
  `description` varchar(200) NOT NULL,
  `type` varchar(20) NOT NULL,
  `script` varchar(1000) NOT NULL,
  `checksum` int(11) DEFAULT NULL,
  `installed_by` varchar(100) NOT NULL,
  `installed_on` timestamp NOT NULL DEFAULT CURRENT_TIMESTAMP,
  `execution_time` int(11) NOT NULL,
  `success` tinyint(1) NOT NULL,
  PRIMARY KEY (`installed_rank`),
  KEY `schema_version_s_idx` (`success`)
) ENGINE=InnoDB DEFAULT CHARSET=utf8;

LOCK TABLES `schema_version` WRITE;
/*!40000 ALTER TABLE `schema_version` DISABLE KEYS */;

INSERT INTO `schema_version` (`installed_rank`, `version`, `description`, `type`, `script`, `checksum`, `installed_by`, `installed_on`, `execution_time`, `success`)
VALUES
	(1,'1','create growthNote table','SQL','V1__create_growthNote_table.sql',44396967,'PractiseDiary','2018-02-05 11:17:40',98,1),
	(2,'2','create comment table','SQL','V2__create_comment_table.sql',1207362464,'PractiseDiary','2018-02-05 11:17:40',99,1),
	(3,'3','modify columns practise diary table','SQL','V3__modify_columns_practise_diary_table.sql',973102691,'PractiseDiary','2018-02-05 11:17:41',313,1),
	(4,'4','create excellentDiary table','SQL','V4__create_excellentDiary_table.sql',1483448146,'PractiseDiary','2018-02-05 11:17:41',96,1),
	(5,'5','create follow table','SQL','V5__create_follow_table.sql',-192520492,'PractiseDiary','2018-02-05 11:17:41',95,1),
	(6,'6','modify comment column comment table','SQL','V6__modify_comment_column_comment_table.sql',1964594633,'PractiseDiary','2018-02-05 11:17:42',90,1),
	(7,'7','add column practise diary table','SQL','V7__add_column_practise_diary_table.sql',111101484,'PractiseDiary','2018-09-10 05:45:33',574,1),
	(8,'8','update practise diary type value','SQL','V8__update_practise_diary_type_value.sql',159829050,'PractiseDiary','2018-09-10 05:45:33',128,1);

/*!40000 ALTER TABLE `schema_version` ENABLE KEYS */;
UNLOCK TABLES;



/*!40111 SET SQL_NOTES=@OLD_SQL_NOTES */;
/*!40101 SET SQL_MODE=@OLD_SQL_MODE */;
/*!40014 SET FOREIGN_KEY_CHECKS=@OLD_FOREIGN_KEY_CHECKS */;
/*!40101 SET CHARACTER_SET_CLIENT=@OLD_CHARACTER_SET_CLIENT */;
/*!40101 SET CHARACTER_SET_RESULTS=@OLD_CHARACTER_SET_RESULTS */;
/*!40101 SET COLLATION_CONNECTION=@OLD_COLLATION_CONNECTION */;
