# ************************************************************
# Sequel Pro SQL dump
# Version 4541
#
# http://www.sequelpro.com/
# https://github.com/sequelpro/sequelpro
#
# Host: 127.0.0.1 (MySQL 5.7.28)
# Database: ProgramCenter
# Generation Time: 2019-12-15 07:09:01 +0000
# ************************************************************


/*!40101 SET @OLD_CHARACTER_SET_CLIENT=@@CHARACTER_SET_CLIENT */;
/*!40101 SET @OLD_CHARACTER_SET_RESULTS=@@CHARACTER_SET_RESULTS */;
/*!40101 SET @OLD_COLLATION_CONNECTION=@@COLLATION_CONNECTION */;
/*!40101 SET NAMES utf8 */;
/*!40014 SET @OLD_FOREIGN_KEY_CHECKS=@@FOREIGN_KEY_CHECKS, FOREIGN_KEY_CHECKS=0 */;
/*!40101 SET @OLD_SQL_MODE=@@SQL_MODE, SQL_MODE='NO_AUTO_VALUE_ON_ZERO' */;
/*!40111 SET @OLD_SQL_NOTES=@@SQL_NOTES, SQL_NOTES=0 */;


# Dump of table assignment
# ------------------------------------------------------------

DROP TABLE IF EXISTS `assignment`;

CREATE TABLE `assignment` (
  `id` int(11) NOT NULL AUTO_INCREMENT,
  `taskId` int(11) DEFAULT NULL,
  `type` varchar(225) DEFAULT NULL,
  `createTime` timestamp NULL DEFAULT CURRENT_TIMESTAMP,
  `creatorId` int(11) DEFAULT NULL,
  `title` varchar(100) DEFAULT NULL,
  `orderNumber` int(11) NOT NULL,
  `visible` int(11) DEFAULT '1',
  PRIMARY KEY (`id`)
) ENGINE=InnoDB DEFAULT CHARSET=utf8;

LOCK TABLES `assignment` WRITE;
/*!40000 ALTER TABLE `assignment` DISABLE KEYS */;

INSERT INTO `assignment` (`id`, `taskId`, `type`, `createTime`, `creatorId`, `title`, `orderNumber`, `visible`)
VALUES
	(229,4,'SUBJECTIVE_QUIZ','2018-05-17 10:07:12',5,'如何提问',229,1),
	(230,5,'SUBJECTIVE_QUIZ','2018-05-17 10:07:12',5,'Markdown 的使用',230,1),
	(240,8,'HOMEWORK_QUIZ','2018-05-17 10:07:12',5,'编程题',240,1),
	(248,10,'BASIC_QUIZ','2018-05-17 10:07:12',5,'简单客观题',248,1),
	(276,2,'BASIC_QUIZ','2018-05-17 10:07:12',31,'简单客观题',276,1),
	(277,1,'HOMEWORK_QUIZ','2018-05-17 10:07:12',5,'编程题',277,1),
	(278,1,'SUBJECTIVE_QUIZ','2018-05-17 10:07:12',5,'主观题',278,1),
	(279,1,'BASIC_QUIZ','2018-05-17 10:07:12',5,'简单客观题',279,1),
	(280,16,'BASIC_QUIZ','2018-05-17 10:07:12',31,'简单客观题',280,1),
	(281,18,'HOMEWORK_QUIZ','2018-05-17 10:07:12',5,'编程题',281,1),
	(282,18,'SUBJECTIVE_QUIZ','2018-05-17 10:07:12',5,'主观题',282,1),
	(283,18,'BASIC_QUIZ','2018-05-17 10:07:12',5,'填空题',283,1),
	(284,18,'BASIC_QUIZ','2018-05-17 10:07:12',5,'选择题',284,1),
	(307,21,'SUBJECTIVE_QUIZ','2018-05-17 10:07:12',5,'主观题',307,1),
	(314,19,'SUBJECTIVE_QUIZ','2018-05-17 10:07:12',5,'主观题',314,1),
	(315,19,'BASIC_QUIZ','2018-05-17 10:07:12',5,'简单客观题',315,1),
	(319,24,'SUBJECTIVE_QUIZ','2018-05-17 10:07:12',5,'主观题',319,1),
	(320,25,'SUBJECTIVE_QUIZ','2018-05-17 10:07:12',5,'主观题',320,1),
	(321,27,'SUBJECTIVE_QUIZ','2018-05-17 10:07:12',31,'主观题',321,1),
	(322,27,'SUBJECTIVE_QUIZ','2018-05-17 10:07:12',31,'主观题',322,1),
	(325,4,'BASIC_QUIZ',NULL,5,'简单客观题',325,1),
	(326,29,'BASIC_QUIZ',NULL,34,'基础知识选择题',326,1),
	(329,31,'SUBJECTIVE_QUIZ',NULL,34,'主观题目',329,1),
	(331,32,'SUBJECTIVE_QUIZ',NULL,34,NULL,331,1),
	(332,33,'HOMEWORK_QUIZ',NULL,5,'pre',332,1),
	(333,34,'ONLINE_LANGUAGE_QUIZ',NULL,38,NULL,333,1),
	(334,35,'BASIC_QUIZ',NULL,34,'基础知识选择题',334,1),
	(335,36,'BASIC_QUIZ',NULL,34,'进阶测试',335,1),
	(336,37,'SUBJECTIVE_QUIZ',NULL,34,'主观题目',336,1),
	(337,38,'SUBJECTIVE_QUIZ',NULL,34,NULL,337,1),
	(338,39,'BASIC_QUIZ',NULL,34,'基础知识选择题',338,1),
	(339,40,'BASIC_QUIZ',NULL,34,'进阶测试',339,1),
	(340,41,'SUBJECTIVE_QUIZ',NULL,34,'主观题目',340,1),
	(341,42,'SUBJECTIVE_QUIZ',NULL,34,NULL,341,1),
	(342,43,'BASIC_QUIZ',NULL,5,NULL,342,1),
	(343,44,'ONLINE_LANGUAGE_QUIZ',NULL,38,NULL,343,1),
	(346,46,'SUBJECTIVE_QUIZ',NULL,5,'主观题1',346,1),
	(348,48,'BASIC_QUIZ',NULL,31,'简单客观题',348,1),
	(349,49,'SUBJECTIVE_QUIZ',NULL,5,'主观题',349,1),
	(350,50,'HOMEWORK_QUIZ',NULL,5,'pre',350,1),
	(357,28,'LOGIC_QUIZ',NULL,5,'逻辑题',357,1),
	(364,28,'LOGIC_QUIZ',NULL,5,'哈哈',364,1),
	(365,56,'LOGIC_QUIZ',NULL,5,'logic assignment',365,1),
	(366,56,'LOGIC_QUIZ',NULL,5,'logic assignment 2',366,1),
	(367,56,'LOGIC_QUIZ',NULL,5,'logic 3',367,1),
	(368,56,'LOGIC_QUIZ',NULL,5,'logic-4',368,1),
	(369,56,'LOGIC_QUIZ',NULL,5,'logic quiz',369,1),
	(370,57,'LOGIC_QUIZ',NULL,5,'在线测试',370,1),
	(371,58,'LOGIC_QUIZ',NULL,5,'logic --- ',371,1),
	(372,58,'LOGIC_QUIZ',NULL,5,'------',372,1),
	(373,59,'ONLINE_LANGUAGE_QUIZ',NULL,5,'单栈1',373,1),
	(376,61,'LOGIC_QUIZ',NULL,5,'1231',376,1),
	(381,70,'LOGIC_QUIZ',NULL,5,'逻辑题目2',381,1),
	(382,70,'LOGIC_QUIZ',NULL,5,'逻辑题目1',382,1),
	(394,43,'HOMEWORK_QUIZ',NULL,5,NULL,394,1),
	(409,73,'',NULL,5,NULL,409,1),
	(412,72,'BASIC_QUIZ',NULL,5,'111',412,1),
	(422,46,'SUBJECTIVE_QUIZ',NULL,5,'主观题2',422,1),
	(424,1,'HOMEWORK_QUIZ','2018-05-17 10:07:12',5,'编程题',424,1),
	(425,31,'SUBJECTIVE_QUIZ',NULL,34,'主观题目',425,1),
	(426,31,'SUBJECTIVE_QUIZ',NULL,34,'主观题目',426,1),
	(427,31,'SUBJECTIVE_QUIZ',NULL,34,'主观题目',427,1),
	(428,37,'SUBJECTIVE_QUIZ',NULL,34,'主观题目',428,1),
	(429,37,'SUBJECTIVE_QUIZ',NULL,34,'主观题目',429,1),
	(430,37,'SUBJECTIVE_QUIZ',NULL,34,'主观题目',430,1),
	(431,41,'SUBJECTIVE_QUIZ',NULL,34,'主观题目',431,1),
	(432,41,'SUBJECTIVE_QUIZ',NULL,34,'主观题目',432,1),
	(433,41,'SUBJECTIVE_QUIZ',NULL,34,'主观题目',433,1),
	(442,70,'LOGIC_QUIZ',NULL,5,'逻辑题目2',442,1),
	(443,70,'LOGIC_QUIZ',NULL,5,'逻辑题目1',443,1),
	(447,47,'HOMEWORK_QUIZ',NULL,5,'编程题',447,1),
	(449,14,'HOMEWORK_QUIZ',NULL,5,'测试1',0,1),
	(451,75,'BASIC_QUIZ',NULL,5,'简单客观题',0,1),
	(452,75,'BASIC_QUIZ',NULL,5,'ces',1,1),
	(454,14,'ONLINE_LANGUAGE_QUIZ',NULL,5,'JavaScript',1,1),
	(457,14,'ONLINE_LANGUAGE_QUIZ',NULL,5,'求和',2,1),
	(458,14,'ONLINE_LANGUAGE_QUIZ',NULL,5,'取余数',3,1),
	(459,14,'ONLINE_LANGUAGE_QUIZ',NULL,5,'求和 js',4,1),
	(460,14,'ONLINE_LANGUAGE_QUIZ',NULL,5,'Number of 1 Bits',5,1),
	(475,75,'BASIC_QUIZ',NULL,5,'123',2,1),
	(478,76,'BASIC_QUIZ',NULL,5,'s',478,1),
	(479,76,'SUBJECTIVE_QUIZ',NULL,5,'s',479,1),
	(482,76,'HOMEWORK_QUIZ',NULL,5,'a',482,1),
	(485,77,'BASIC_QUIZ',NULL,5,'a',485,1),
	(486,77,'HOMEWORK_QUIZ',NULL,5,'主观题',486,1),
	(487,76,'BASIC_QUIZ',NULL,5,'b',487,1),
	(488,58,'ONLINE_LANGUAGE_QUIZ',NULL,5,'werwe',488,1),
	(489,58,'ONLINE_LANGUAGE_QUIZ',NULL,5,'发生的发生',489,1),
	(490,77,'SUBJECTIVE_QUIZ',NULL,5,'搜索测试',490,1),
	(494,77,'BASIC_QUIZ',NULL,5,'搜索测试',494,1),
	(495,77,'ONLINE_LANGUAGE_QUIZ',NULL,5,NULL,495,1),
	(496,77,'ONLINE_CODING_QUIZ',NULL,5,NULL,496,1),
	(499,59,'ONLINE_LANGUAGE_QUIZ',NULL,5,'单栈2',499,1),
	(500,78,'HOMEWORK_QUIZ',NULL,5,'没有试卷咋办',500,1),
	(501,79,'HOMEWORK_QUIZ',NULL,5,'你就会',501,1),
	(502,80,'HOMEWORK_QUIZ',NULL,5,'njkh ',502,1),
	(504,81,'BASIC_QUIZ',NULL,5,'健康',504,1),
	(506,59,'ONLINE_LANGUAGE_QUIZ',NULL,5,'单栈3',506,1),
	(507,59,'ONLINE_LANGUAGE_QUIZ',NULL,5,'单栈4',507,1),
	(508,59,'ONLINE_LANGUAGE_QUIZ',NULL,5,'单栈5',508,1),
	(519,46,'SUBJECTIVE_QUIZ',NULL,5,'主观题3',519,1),
	(520,46,'SUBJECTIVE_QUIZ',NULL,5,'主观题4',520,1),
	(521,46,'SUBJECTIVE_QUIZ',NULL,5,'主观题5',521,1),
	(526,75,'SUBJECTIVE_QUIZ',NULL,5,'111',3,1),
	(527,85,'SUBJECTIVE_QUIZ',NULL,5,'测试1',527,1),
	(528,85,'SUBJECTIVE_QUIZ',NULL,5,'测试2',528,1),
	(529,14,'HOMEWORK_QUIZ',NULL,5,'java测试',7,1),
	(530,34,'ONLINE_LANGUAGE_QUIZ',NULL,5,'数组求和',530,1),
	(531,86,'ONLINE_LANGUAGE_QUIZ',NULL,5,'求和',531,1),
	(532,87,'ONLINE_LANGUAGE_QUIZ',NULL,5,'求和',532,1),
	(533,86,'ONLINE_LANGUAGE_QUIZ',NULL,5,'HelloWorld',533,1),
	(534,86,'ONLINE_LANGUAGE_QUIZ',NULL,5,'补充一维数组',534,1),
	(535,86,'ONLINE_LANGUAGE_QUIZ',NULL,5,'创建一维数组',535,1),
	(536,86,'ONLINE_LANGUAGE_QUIZ',NULL,5,'访问一维数组',536,1),
	(537,86,'ONLINE_LANGUAGE_QUIZ',NULL,5,'补充二维数组',537,1),
	(538,86,'ONLINE_LANGUAGE_QUIZ',NULL,5,'创建二维数组',538,1),
	(539,86,'ONLINE_LANGUAGE_QUIZ',NULL,5,'访问二维数组',539,1),
	(541,86,'ONLINE_LANGUAGE_QUIZ',NULL,5,'哈希数组赋值',541,1),
	(542,86,'ONLINE_LANGUAGE_QUIZ',NULL,5,'查找哈希表',542,1),
	(543,86,'ONLINE_LANGUAGE_QUIZ',NULL,5,'简单的if-else',543,1),
	(545,89,'ONLINE_LANGUAGE_QUIZ',NULL,5,'多种条件语句',545,1),
	(546,89,'ONLINE_LANGUAGE_QUIZ',NULL,5,'for简单循环',546,1),
	(547,89,'ONLINE_LANGUAGE_QUIZ',NULL,5,'for嵌套循环',547,1),
	(548,89,'ONLINE_LANGUAGE_QUIZ',NULL,5,'哈希表(一)',548,1),
	(549,90,'SUBJECTIVE_QUIZ',NULL,5,'测试主观题',549,1),
	(557,4,'SUBJECTIVE_QUIZ',NULL,5,'111',557,1),
	(558,4,'SUBJECTIVE_QUIZ',NULL,5,'222',558,1),
	(559,4,'SUBJECTIVE_QUIZ',NULL,5,'333',559,1),
	(560,4,'ONLINE_LANGUAGE_QUIZ',NULL,5,'在线11111',560,1),
	(561,4,'ONLINE_LANGUAGE_QUIZ',NULL,5,'在线2',561,1),
	(562,4,'HOMEWORK_QUIZ',NULL,5,'匹配',562,1),
	(563,4,'HOMEWORK_QUIZ',NULL,5,'123123',563,1),
	(564,58,'SUBJECTIVE_QUIZ',NULL,5,'主观题111',564,1),
	(566,4,'LOGIC_QUIZ',NULL,5,'逻辑题2',566,1),
	(569,84,'BASIC_QUIZ',NULL,5,'123',569,1),
	(570,84,'BASIC_QUIZ',NULL,5,'6.客观题',570,1),
	(571,46,'SUBJECTIVE_QUIZ',NULL,5,'主观题6',571,1),
	(572,46,'SUBJECTIVE_QUIZ',NULL,5,'主观题7',572,1),
	(574,84,'BASIC_QUIZ',NULL,5,'111',574,1),
	(575,96,'BASIC_QUIZ',NULL,5,'aa',0,1),
	(578,100,'BASIC_QUIZ',NULL,5,'健康',504,1),
	(579,101,'BASIC_QUIZ',NULL,5,'健康',504,1),
	(580,102,'BASIC_QUIZ',NULL,5,'健康',504,1),
	(581,71,'HOMEWORK_QUIZ',NULL,5,'编程题目1',0,1),
	(582,71,'HOMEWORK_QUIZ',NULL,5,'编程题目2',1,1),
	(583,103,'SUBJECTIVE_QUIZ',NULL,5,'主观题1',346,1),
	(584,103,'SUBJECTIVE_QUIZ',NULL,5,'主观题2',422,1),
	(585,103,'SUBJECTIVE_QUIZ',NULL,5,'主观题3',519,1),
	(586,103,'SUBJECTIVE_QUIZ',NULL,5,'主观题4',520,1),
	(587,103,'SUBJECTIVE_QUIZ',NULL,5,'主观题5',521,1),
	(588,103,'SUBJECTIVE_QUIZ',NULL,5,'主观题6',571,1),
	(589,103,'SUBJECTIVE_QUIZ',NULL,5,'主观题7',572,1),
	(590,104,'ONLINE_LANGUAGE_QUIZ',NULL,5,'单栈1',373,1),
	(591,104,'ONLINE_LANGUAGE_QUIZ',NULL,5,'单栈2',499,1),
	(592,104,'ONLINE_LANGUAGE_QUIZ',NULL,5,'单栈3',506,1),
	(593,104,'ONLINE_LANGUAGE_QUIZ',NULL,5,'单栈4',507,1),
	(594,104,'ONLINE_LANGUAGE_QUIZ',NULL,5,'单栈5',508,1),
	(595,105,'LOGIC_QUIZ',NULL,5,'1231',376,1),
	(596,106,'LOGIC_QUIZ',NULL,5,'逻辑题目2',381,1),
	(597,106,'LOGIC_QUIZ',NULL,5,'逻辑题目1',382,1),
	(598,106,'LOGIC_QUIZ',NULL,5,'逻辑题目2',442,1),
	(599,106,'LOGIC_QUIZ',NULL,5,'逻辑题目1',443,1),
	(600,107,'HOMEWORK_QUIZ',NULL,5,'编程题目1',0,1),
	(601,107,'HOMEWORK_QUIZ',NULL,5,'编程题目2',1,1),
	(602,108,'BASIC_QUIZ',NULL,5,'123',569,1),
	(603,108,'BASIC_QUIZ',NULL,5,'6.客观题',570,1),
	(604,108,'BASIC_QUIZ',NULL,5,'111',574,1),
	(605,109,'SUBJECTIVE_QUIZ',NULL,5,'111',551,1),
	(606,109,'SUBJECTIVE_QUIZ',NULL,5,'222',554,1),
	(607,110,'BASIC_QUIZ',NULL,5,'111',573,1),
	(608,111,'ONLINE_LANGUAGE_QUIZ',NULL,5,'求和',531,1),
	(609,111,'ONLINE_LANGUAGE_QUIZ',NULL,5,'HelloWorld',533,1),
	(610,111,'ONLINE_LANGUAGE_QUIZ',NULL,5,'补充一维数组',534,1),
	(611,111,'ONLINE_LANGUAGE_QUIZ',NULL,5,'创建一维数组',535,1),
	(612,111,'ONLINE_LANGUAGE_QUIZ',NULL,5,'访问一维数组',536,1),
	(613,111,'ONLINE_LANGUAGE_QUIZ',NULL,5,'补充二维数组',537,1),
	(614,111,'ONLINE_LANGUAGE_QUIZ',NULL,5,'创建二维数组',538,1),
	(615,111,'ONLINE_LANGUAGE_QUIZ',NULL,5,'访问二维数组',539,1),
	(616,111,'ONLINE_LANGUAGE_QUIZ',NULL,5,'哈希数组赋值',541,1),
	(617,111,'ONLINE_LANGUAGE_QUIZ',NULL,5,'查找哈希表',542,1),
	(618,111,'ONLINE_LANGUAGE_QUIZ',NULL,5,'简单的if-else',543,1),
	(619,112,'ONLINE_LANGUAGE_QUIZ',NULL,5,'多种条件语句',545,1),
	(620,112,'ONLINE_LANGUAGE_QUIZ',NULL,5,'for简单循环',546,1),
	(621,112,'ONLINE_LANGUAGE_QUIZ',NULL,5,'for嵌套循环',547,1),
	(622,112,'ONLINE_LANGUAGE_QUIZ',NULL,5,'哈希表(一)',548,1),
	(623,113,'ONLINE_LANGUAGE_QUIZ',NULL,5,'求和',531,1),
	(624,113,'ONLINE_LANGUAGE_QUIZ',NULL,5,'HelloWorld',533,1),
	(625,113,'ONLINE_LANGUAGE_QUIZ',NULL,5,'补充一维数组',534,1),
	(626,113,'ONLINE_LANGUAGE_QUIZ',NULL,5,'创建一维数组',535,1),
	(627,113,'ONLINE_LANGUAGE_QUIZ',NULL,5,'访问一维数组',536,1),
	(628,113,'ONLINE_LANGUAGE_QUIZ',NULL,5,'补充二维数组',537,1),
	(629,113,'ONLINE_LANGUAGE_QUIZ',NULL,5,'创建二维数组',538,1),
	(630,113,'ONLINE_LANGUAGE_QUIZ',NULL,5,'访问二维数组',539,1),
	(631,113,'ONLINE_LANGUAGE_QUIZ',NULL,5,'哈希数组赋值',541,1),
	(632,113,'ONLINE_LANGUAGE_QUIZ',NULL,5,'查找哈希表',542,1),
	(633,113,'ONLINE_LANGUAGE_QUIZ',NULL,5,'简单的if-else',543,1),
	(634,114,'ONLINE_LANGUAGE_QUIZ',NULL,5,'多种条件语句',545,1),
	(635,114,'ONLINE_LANGUAGE_QUIZ',NULL,5,'for简单循环',546,1),
	(636,114,'ONLINE_LANGUAGE_QUIZ',NULL,5,'for嵌套循环',547,1),
	(637,114,'ONLINE_LANGUAGE_QUIZ',NULL,5,'哈希表(一)',548,1),
	(638,115,'ONLINE_LANGUAGE_QUIZ',NULL,5,'求和',531,1),
	(639,115,'ONLINE_LANGUAGE_QUIZ',NULL,5,'HelloWorld',533,1),
	(640,115,'ONLINE_LANGUAGE_QUIZ',NULL,5,'补充一维数组',534,1),
	(641,115,'ONLINE_LANGUAGE_QUIZ',NULL,5,'创建一维数组',535,1),
	(642,115,'ONLINE_LANGUAGE_QUIZ',NULL,5,'访问一维数组',536,1),
	(643,115,'ONLINE_LANGUAGE_QUIZ',NULL,5,'补充二维数组',537,1),
	(644,115,'ONLINE_LANGUAGE_QUIZ',NULL,5,'创建二维数组',538,1),
	(645,115,'ONLINE_LANGUAGE_QUIZ',NULL,5,'访问二维数组',539,1),
	(646,115,'ONLINE_LANGUAGE_QUIZ',NULL,5,'哈希数组赋值',541,1),
	(647,115,'ONLINE_LANGUAGE_QUIZ',NULL,5,'查找哈希表',542,1),
	(648,115,'ONLINE_LANGUAGE_QUIZ',NULL,5,'简单的if-else',543,1),
	(649,116,'ONLINE_LANGUAGE_QUIZ',NULL,5,'多种条件语句',545,1),
	(650,116,'ONLINE_LANGUAGE_QUIZ',NULL,5,'for简单循环',546,1),
	(651,116,'ONLINE_LANGUAGE_QUIZ',NULL,5,'for嵌套循环',547,1),
	(652,116,'ONLINE_LANGUAGE_QUIZ',NULL,5,'哈希表(一)',548,1),
	(653,117,'ONLINE_LANGUAGE_QUIZ',NULL,5,'求和',531,1),
	(654,117,'ONLINE_LANGUAGE_QUIZ',NULL,5,'HelloWorld',533,1),
	(655,117,'ONLINE_LANGUAGE_QUIZ',NULL,5,'补充一维数组',534,1),
	(656,117,'ONLINE_LANGUAGE_QUIZ',NULL,5,'创建一维数组',535,1),
	(657,117,'ONLINE_LANGUAGE_QUIZ',NULL,5,'访问一维数组',536,1),
	(658,117,'ONLINE_LANGUAGE_QUIZ',NULL,5,'补充二维数组',537,1),
	(659,117,'ONLINE_LANGUAGE_QUIZ',NULL,5,'创建二维数组',538,1),
	(660,117,'ONLINE_LANGUAGE_QUIZ',NULL,5,'访问二维数组',539,1),
	(661,117,'ONLINE_LANGUAGE_QUIZ',NULL,5,'哈希数组赋值',541,1),
	(662,117,'ONLINE_LANGUAGE_QUIZ',NULL,5,'查找哈希表',542,1),
	(663,117,'ONLINE_LANGUAGE_QUIZ',NULL,5,'简单的if-else',543,1),
	(664,118,'ONLINE_LANGUAGE_QUIZ',NULL,5,'多种条件语句',545,1),
	(665,118,'ONLINE_LANGUAGE_QUIZ',NULL,5,'for简单循环',546,1),
	(666,118,'ONLINE_LANGUAGE_QUIZ',NULL,5,'for嵌套循环',547,1),
	(667,118,'ONLINE_LANGUAGE_QUIZ',NULL,5,'哈希表(一)',548,1),
	(668,119,'ONLINE_LANGUAGE_QUIZ',NULL,5,'求和',531,1),
	(669,119,'ONLINE_LANGUAGE_QUIZ',NULL,5,'HelloWorld',533,1),
	(670,119,'ONLINE_LANGUAGE_QUIZ',NULL,5,'补充一维数组',534,1),
	(671,119,'ONLINE_LANGUAGE_QUIZ',NULL,5,'创建一维数组',535,1),
	(672,119,'ONLINE_LANGUAGE_QUIZ',NULL,5,'访问一维数组',536,1),
	(673,119,'ONLINE_LANGUAGE_QUIZ',NULL,5,'补充二维数组',537,1),
	(674,119,'ONLINE_LANGUAGE_QUIZ',NULL,5,'创建二维数组',538,1),
	(675,119,'ONLINE_LANGUAGE_QUIZ',NULL,5,'访问二维数组',539,1),
	(676,119,'ONLINE_LANGUAGE_QUIZ',NULL,5,'哈希数组赋值',541,1),
	(677,119,'ONLINE_LANGUAGE_QUIZ',NULL,5,'查找哈希表',542,1),
	(678,119,'ONLINE_LANGUAGE_QUIZ',NULL,5,'简单的if-else',543,1),
	(679,120,'ONLINE_LANGUAGE_QUIZ',NULL,5,'多种条件语句',545,1),
	(680,120,'ONLINE_LANGUAGE_QUIZ',NULL,5,'for简单循环',546,1),
	(681,120,'ONLINE_LANGUAGE_QUIZ',NULL,5,'for嵌套循环',547,1),
	(682,120,'ONLINE_LANGUAGE_QUIZ',NULL,5,'哈希表(一)',548,1),
	(683,122,'ONLINE_LANGUAGE_QUIZ',NULL,5,'求和',531,1),
	(684,122,'ONLINE_LANGUAGE_QUIZ',NULL,5,'HelloWorld',533,1),
	(685,122,'ONLINE_LANGUAGE_QUIZ',NULL,5,'补充一维数组',534,1),
	(686,122,'ONLINE_LANGUAGE_QUIZ',NULL,5,'创建一维数组',535,1),
	(687,122,'ONLINE_LANGUAGE_QUIZ',NULL,5,'访问一维数组',536,1),
	(688,122,'ONLINE_LANGUAGE_QUIZ',NULL,5,'补充二维数组',537,1),
	(689,122,'ONLINE_LANGUAGE_QUIZ',NULL,5,'创建二维数组',538,1),
	(690,122,'ONLINE_LANGUAGE_QUIZ',NULL,5,'访问二维数组',539,1),
	(691,122,'ONLINE_LANGUAGE_QUIZ',NULL,5,'哈希数组赋值',541,1),
	(692,122,'ONLINE_LANGUAGE_QUIZ',NULL,5,'查找哈希表',542,1),
	(693,122,'ONLINE_LANGUAGE_QUIZ',NULL,5,'简单的if-else',543,1),
	(694,123,'ONLINE_LANGUAGE_QUIZ',NULL,5,'多种条件语句',545,1),
	(695,123,'ONLINE_LANGUAGE_QUIZ',NULL,5,'for简单循环',546,1),
	(696,123,'ONLINE_LANGUAGE_QUIZ',NULL,5,'for嵌套循环',547,1),
	(697,123,'ONLINE_LANGUAGE_QUIZ',NULL,5,'哈希表(一)',548,1),
	(698,124,'HOMEWORK_QUIZ',NULL,5,'集合运算合集',0,1),
	(699,125,'ONLINE_LANGUAGE_QUIZ',NULL,5,'求和',531,1),
	(700,125,'ONLINE_LANGUAGE_QUIZ',NULL,5,'HelloWorld',533,1),
	(701,125,'ONLINE_LANGUAGE_QUIZ',NULL,5,'补充一维数组',534,1),
	(702,125,'ONLINE_LANGUAGE_QUIZ',NULL,5,'创建一维数组',535,1),
	(703,125,'ONLINE_LANGUAGE_QUIZ',NULL,5,'访问一维数组',536,1),
	(704,125,'ONLINE_LANGUAGE_QUIZ',NULL,5,'补充二维数组',537,1),
	(705,125,'ONLINE_LANGUAGE_QUIZ',NULL,5,'创建二维数组',538,1),
	(706,125,'ONLINE_LANGUAGE_QUIZ',NULL,5,'访问二维数组',539,1),
	(707,125,'ONLINE_LANGUAGE_QUIZ',NULL,5,'哈希数组赋值',541,1),
	(708,125,'ONLINE_LANGUAGE_QUIZ',NULL,5,'查找哈希表',542,1),
	(709,125,'ONLINE_LANGUAGE_QUIZ',NULL,5,'简单的if-else',543,1),
	(710,126,'ONLINE_LANGUAGE_QUIZ',NULL,5,'多种条件语句',545,1),
	(711,126,'ONLINE_LANGUAGE_QUIZ',NULL,5,'for简单循环',546,1),
	(712,126,'ONLINE_LANGUAGE_QUIZ',NULL,5,'for嵌套循环',547,1),
	(713,126,'ONLINE_LANGUAGE_QUIZ',NULL,5,'哈希表(一)',548,1),
	(714,127,'HOMEWORK_QUIZ',NULL,5,'集合运算合集',0,1),
	(715,128,'ONLINE_LANGUAGE_QUIZ',NULL,5,'求和',531,1),
	(716,128,'ONLINE_LANGUAGE_QUIZ',NULL,5,'HelloWorld',533,1),
	(717,128,'ONLINE_LANGUAGE_QUIZ',NULL,5,'补充一维数组',534,1),
	(718,128,'ONLINE_LANGUAGE_QUIZ',NULL,5,'创建一维数组',535,1),
	(719,128,'ONLINE_LANGUAGE_QUIZ',NULL,5,'访问一维数组',536,1),
	(720,128,'ONLINE_LANGUAGE_QUIZ',NULL,5,'补充二维数组',537,1),
	(721,128,'ONLINE_LANGUAGE_QUIZ',NULL,5,'创建二维数组',538,1),
	(722,128,'ONLINE_LANGUAGE_QUIZ',NULL,5,'访问二维数组',539,1),
	(723,128,'ONLINE_LANGUAGE_QUIZ',NULL,5,'哈希数组赋值',541,1),
	(724,128,'ONLINE_LANGUAGE_QUIZ',NULL,5,'查找哈希表',542,1),
	(725,128,'ONLINE_LANGUAGE_QUIZ',NULL,5,'简单的if-else',543,1),
	(726,129,'ONLINE_LANGUAGE_QUIZ',NULL,5,'多种条件语句',545,1),
	(727,129,'ONLINE_LANGUAGE_QUIZ',NULL,5,'for简单循环',546,1),
	(728,129,'ONLINE_LANGUAGE_QUIZ',NULL,5,'for嵌套循环',547,1),
	(729,129,'ONLINE_LANGUAGE_QUIZ',NULL,5,'哈希表(一)',548,1),
	(730,130,'HOMEWORK_QUIZ',NULL,5,'集合运算合集',0,1),
	(731,131,'ONLINE_LANGUAGE_QUIZ',NULL,5,'求和',531,1),
	(732,131,'ONLINE_LANGUAGE_QUIZ',NULL,5,'HelloWorld',533,1),
	(733,131,'ONLINE_LANGUAGE_QUIZ',NULL,5,'补充一维数组',534,1),
	(734,131,'ONLINE_LANGUAGE_QUIZ',NULL,5,'创建一维数组',535,1),
	(735,131,'ONLINE_LANGUAGE_QUIZ',NULL,5,'访问一维数组',536,1),
	(736,131,'ONLINE_LANGUAGE_QUIZ',NULL,5,'补充二维数组',537,1),
	(737,131,'ONLINE_LANGUAGE_QUIZ',NULL,5,'创建二维数组',538,1),
	(738,131,'ONLINE_LANGUAGE_QUIZ',NULL,5,'访问二维数组',539,1),
	(739,131,'ONLINE_LANGUAGE_QUIZ',NULL,5,'哈希数组赋值',541,1),
	(740,131,'ONLINE_LANGUAGE_QUIZ',NULL,5,'查找哈希表',542,1),
	(741,131,'ONLINE_LANGUAGE_QUIZ',NULL,5,'简单的if-else',543,1),
	(742,132,'ONLINE_LANGUAGE_QUIZ',NULL,5,'多种条件语句',545,1),
	(743,132,'ONLINE_LANGUAGE_QUIZ',NULL,5,'for简单循环',546,1),
	(744,132,'ONLINE_LANGUAGE_QUIZ',NULL,5,'for嵌套循环',547,1),
	(745,132,'ONLINE_LANGUAGE_QUIZ',NULL,5,'哈希表(一)',548,1),
	(746,133,'HOMEWORK_QUIZ',NULL,5,'集合运算合集',0,1),
	(747,14,'BASIC_QUIZ',NULL,5,'1',6,1),
	(748,135,'ONLINE_LANGUAGE_QUIZ',NULL,5,'求和',531,1),
	(749,135,'ONLINE_LANGUAGE_QUIZ',NULL,5,'HelloWorld',533,1),
	(750,135,'ONLINE_LANGUAGE_QUIZ',NULL,5,'补充一维数组',534,1),
	(751,135,'ONLINE_LANGUAGE_QUIZ',NULL,5,'创建一维数组',535,1),
	(752,135,'ONLINE_LANGUAGE_QUIZ',NULL,5,'访问一维数组',536,1),
	(753,135,'ONLINE_LANGUAGE_QUIZ',NULL,5,'补充二维数组',537,1),
	(754,135,'ONLINE_LANGUAGE_QUIZ',NULL,5,'创建二维数组',538,1),
	(755,135,'ONLINE_LANGUAGE_QUIZ',NULL,5,'访问二维数组',539,1),
	(756,135,'ONLINE_LANGUAGE_QUIZ',NULL,5,'哈希数组赋值',541,1),
	(757,135,'ONLINE_LANGUAGE_QUIZ',NULL,5,'查找哈希表',542,1),
	(758,135,'ONLINE_LANGUAGE_QUIZ',NULL,5,'简单的if-else',543,1),
	(759,136,'ONLINE_LANGUAGE_QUIZ',NULL,5,'多种条件语句',545,1),
	(760,136,'ONLINE_LANGUAGE_QUIZ',NULL,5,'for简单循环',546,1),
	(761,136,'ONLINE_LANGUAGE_QUIZ',NULL,5,'for嵌套循环',547,1),
	(762,136,'ONLINE_LANGUAGE_QUIZ',NULL,5,'哈希表(一)',548,1),
	(763,137,'HOMEWORK_QUIZ',NULL,5,'集合运算合集',0,1),
	(764,125,'LOGIC_QUIZ',NULL,5,'test',544,1),
	(773,140,'BASIC_QUIZ',NULL,34,'基础知识选择题',326,1),
	(775,141,'SUBJECTIVE_QUIZ',NULL,34,'主观题目',329,0),
	(776,141,'SUBJECTIVE_QUIZ',NULL,34,'主观题目',425,NULL),
	(777,141,'SUBJECTIVE_QUIZ',NULL,34,'主观题目',426,NULL),
	(778,141,'SUBJECTIVE_QUIZ',NULL,34,'主观题目',427,NULL),
	(779,142,'SUBJECTIVE_QUIZ',NULL,34,NULL,331,0),
	(780,143,'ONLINE_LANGUAGE_QUIZ',NULL,38,NULL,333,NULL),
	(781,143,'ONLINE_LANGUAGE_QUIZ',NULL,5,'数组求和',530,1),
	(782,144,'HOMEWORK_QUIZ',NULL,5,'编程题',347,NULL),
	(783,144,'BASIC_QUIZ',NULL,5,'客观题',384,NULL),
	(784,144,'HOMEWORK_QUIZ',NULL,5,'编程题',385,NULL),
	(785,144,'ONLINE_CODING_QUIZ',NULL,5,'在线编程题',386,NULL),
	(786,144,'HOMEWORK_QUIZ',NULL,5,'编程题',444,NULL),
	(787,144,'HOMEWORK_QUIZ',NULL,5,'编程题',445,NULL),
	(788,144,'HOMEWORK_QUIZ',NULL,5,'编程题',446,NULL),
	(789,144,'HOMEWORK_QUIZ',NULL,5,'编程题',447,NULL),
	(790,145,'BASIC_QUIZ',NULL,31,'简单客观题',348,1),
	(792,147,'HOMEWORK_QUIZ',NULL,5,'pre',350,NULL),
	(794,148,'LOGIC_QUIZ',NULL,5,'逻辑题',356,NULL),
	(796,148,'HOMEWORK_QUIZ',NULL,5,NULL,398,NULL),
	(797,149,'ONLINE_LANGUAGE_QUIZ',NULL,5,'online coding',411,0),
	(799,151,'ONLINE_LANGUAGE_QUIZ',NULL,5,'单栈编程题目',0,1),
	(800,152,'SUBJECTIVE_QUIZ',NULL,5,'如何提问',344,NULL),
	(801,152,'LOGIC_QUIZ',NULL,5,'逻辑题',356,NULL),
	(802,152,'BASIC_QUIZ',NULL,5,'测试添加/删除的选择题',391,NULL),
	(803,152,'HOMEWORK_QUIZ',NULL,5,NULL,398,NULL),
	(804,153,'ONLINE_LANGUAGE_QUIZ',NULL,5,'online coding',411,1),
	(806,154,'SUBJECTIVE_QUIZ',NULL,5,'如何提问',344,NULL),
	(807,154,'LOGIC_QUIZ',NULL,5,'逻辑题',356,NULL),
	(808,154,'BASIC_QUIZ',NULL,5,'测试添加/删除的选择题',391,NULL),
	(809,154,'HOMEWORK_QUIZ',NULL,5,NULL,398,NULL),
	(810,155,'ONLINE_LANGUAGE_QUIZ',NULL,5,'online coding',411,NULL),
	(811,155,'',NULL,5,NULL,418,NULL),
	(812,153,'ONLINE_LANGUAGE_QUIZ',NULL,5,'111',412,1),
	(813,153,'ONLINE_LANGUAGE_QUIZ',NULL,5,'222',413,1),
	(814,149,'BASIC_QUIZ',NULL,5,'111',412,0),
	(815,149,'BASIC_QUIZ',NULL,5,'客观题目',413,0),
	(816,156,'BASIC_QUIZ',NULL,34,'基础知识选择题',326,NULL),
	(817,156,'',NULL,5,NULL,351,NULL),
	(818,157,'SUBJECTIVE_QUIZ',NULL,34,'主观题目',329,NULL),
	(819,157,'SUBJECTIVE_QUIZ',NULL,34,'主观题目',425,NULL),
	(820,157,'SUBJECTIVE_QUIZ',NULL,34,'主观题目',426,NULL),
	(821,157,'SUBJECTIVE_QUIZ',NULL,34,'主观题目',427,NULL),
	(822,158,'SUBJECTIVE_QUIZ',NULL,34,NULL,331,NULL),
	(823,159,'ONLINE_LANGUAGE_QUIZ',NULL,38,NULL,333,NULL),
	(824,159,'ONLINE_LANGUAGE_QUIZ',NULL,5,'数组求和',530,NULL),
	(825,160,'HOMEWORK_QUIZ',NULL,5,'编程题',347,NULL),
	(826,160,'BASIC_QUIZ',NULL,5,'客观题',384,NULL),
	(827,160,'HOMEWORK_QUIZ',NULL,5,'编程题',385,NULL),
	(828,160,'ONLINE_CODING_QUIZ',NULL,5,'在线编程题',386,NULL),
	(829,160,'HOMEWORK_QUIZ',NULL,5,'编程题',444,NULL),
	(830,160,'HOMEWORK_QUIZ',NULL,5,'编程题',445,NULL),
	(831,160,'HOMEWORK_QUIZ',NULL,5,'编程题',446,NULL),
	(832,160,'HOMEWORK_QUIZ',NULL,5,'编程题',447,NULL),
	(833,161,'BASIC_QUIZ',NULL,31,'简单客观题',348,NULL),
	(834,162,'SUBJECTIVE_QUIZ',NULL,5,'主观题',349,NULL),
	(835,163,'HOMEWORK_QUIZ',NULL,5,'pre',350,NULL),
	(836,164,'SUBJECTIVE_QUIZ',NULL,5,'如何提问',344,NULL),
	(837,164,'LOGIC_QUIZ',NULL,5,'逻辑题',356,NULL),
	(838,164,'BASIC_QUIZ',NULL,5,'测试添加/删除的选择题',391,NULL),
	(839,164,'HOMEWORK_QUIZ',NULL,5,NULL,398,NULL),
	(840,165,'ONLINE_LANGUAGE_QUIZ',NULL,5,'online coding',411,NULL),
	(843,166,'SUBJECTIVE_QUIZ',NULL,5,'11',0,1),
	(844,168,'SIMPLE_CODING_QUIZ',NULL,5,'有测试有答案',0,1),
	(845,168,'SIMPLE_CODING_QUIZ',NULL,5,'无测试有答案',1,1),
	(846,168,'SIMPLE_CODING_QUIZ',NULL,5,'有测试无答案',2,1),
	(847,168,'SIMPLE_CODING_QUIZ',NULL,5,'都没',3,1),
	(848,168,'SIMPLE_CODING_QUIZ',NULL,5,'测试完成',4,1),
	(849,169,'SIMPLE_CODING_QUIZ',NULL,5,'js 有测试有脚本',0,1),
	(850,169,'SIMPLE_CODING_QUIZ',NULL,5,'js 有测试无脚本',1,1),
	(851,169,'SIMPLE_CODING_QUIZ',NULL,5,'js 无测试有脚本',2,1),
	(852,169,'SIMPLE_CODING_QUIZ',NULL,5,'js 无测试无脚本',3,1),
	(853,58,'BASIC_QUIZ',NULL,5,'222',565,1),
	(854,75,'HOMEWORK_QUIZ',NULL,5,'homework',4,1),
	(855,4,'SIMPLE_CODING_QUIZ',NULL,5,'简单编程题',567,1),
	(856,4,'SIMPLE_CODING_QUIZ',NULL,5,'第二道题目',568,1),
	(857,170,'ONLINE_LANGUAGE_QUIZ',NULL,5,'online language',0,1),
	(858,4,'SIMPLE_CODING_QUIZ',NULL,5,'无答案无判题',569,1),
	(859,171,'SIMPLE_CODING_QUIZ',NULL,5,'简单',0,1),
	(860,171,'SIMPLE_CODING_QUIZ',NULL,5,'简单2',1,1),
	(863,172,'HOMEWORK_QUIZ',NULL,5,'单栈编程1',0,1),
	(864,172,'HOMEWORK_QUIZ',NULL,5,'单栈编程2',1,1),
	(865,173,'BASIC_QUIZ',NULL,34,'基础知识选择题',326,NULL),
	(866,173,'',NULL,5,NULL,351,NULL),
	(867,174,'SUBJECTIVE_QUIZ',NULL,34,'主观题目',329,NULL),
	(868,174,'SUBJECTIVE_QUIZ',NULL,34,'主观题目',425,NULL),
	(869,174,'SUBJECTIVE_QUIZ',NULL,34,'主观题目',426,NULL),
	(870,174,'SUBJECTIVE_QUIZ',NULL,34,'主观题目',427,NULL),
	(871,175,'SUBJECTIVE_QUIZ',NULL,34,NULL,331,NULL),
	(872,176,'ONLINE_LANGUAGE_QUIZ',NULL,38,NULL,333,NULL),
	(873,176,'ONLINE_LANGUAGE_QUIZ',NULL,5,'数组求和',530,NULL),
	(874,177,'HOMEWORK_QUIZ',NULL,5,'编程题',347,NULL),
	(875,177,'BASIC_QUIZ',NULL,5,'客观题',384,NULL),
	(876,177,'HOMEWORK_QUIZ',NULL,5,'编程题',385,NULL),
	(877,177,'ONLINE_CODING_QUIZ',NULL,5,'在线编程题',386,NULL),
	(878,177,'HOMEWORK_QUIZ',NULL,5,'编程题',444,NULL),
	(879,177,'HOMEWORK_QUIZ',NULL,5,'编程题',445,NULL),
	(880,177,'HOMEWORK_QUIZ',NULL,5,'编程题',446,NULL),
	(881,177,'HOMEWORK_QUIZ',NULL,5,'编程题',447,NULL),
	(882,178,'BASIC_QUIZ',NULL,31,'简单客观题',348,NULL),
	(883,179,'SUBJECTIVE_QUIZ',NULL,5,'主观题',349,NULL),
	(884,180,'HOMEWORK_QUIZ',NULL,5,'pre',350,NULL),
	(885,181,'SUBJECTIVE_QUIZ',NULL,5,'如何提问',344,NULL),
	(886,181,'LOGIC_QUIZ',NULL,5,'逻辑题',356,NULL),
	(887,181,'BASIC_QUIZ',NULL,5,'测试添加/删除的选择题',391,NULL),
	(888,181,'HOMEWORK_QUIZ',NULL,5,NULL,398,NULL),
	(889,182,'ONLINE_LANGUAGE_QUIZ',NULL,5,'online coding',411,NULL),
	(890,182,'BASIC_QUIZ',NULL,5,'111',412,NULL),
	(891,182,'BASIC_QUIZ',NULL,5,'客观题目',413,NULL),
	(892,162,'HOMEWORK_QUIZ',NULL,2660,'00',350,1),
	(893,160,'HOMEWORK_QUIZ',NULL,2660,'跑',448,1),
	(894,187,'BASIC_QUIZ',NULL,34,'基础知识选择题',326,NULL),
	(895,187,'',NULL,5,NULL,351,NULL),
	(896,188,'SUBJECTIVE_QUIZ',NULL,34,'主观题目',329,NULL),
	(897,188,'SUBJECTIVE_QUIZ',NULL,34,'主观题目',425,NULL),
	(898,188,'SUBJECTIVE_QUIZ',NULL,34,'主观题目',426,NULL),
	(899,188,'SUBJECTIVE_QUIZ',NULL,34,'主观题目',427,NULL),
	(900,189,'SUBJECTIVE_QUIZ',NULL,34,NULL,331,NULL),
	(901,190,'ONLINE_LANGUAGE_QUIZ',NULL,38,NULL,333,NULL),
	(902,190,'ONLINE_LANGUAGE_QUIZ',NULL,5,'数组求和',530,NULL),
	(903,191,'HOMEWORK_QUIZ',NULL,5,'编程题',347,NULL),
	(904,191,'BASIC_QUIZ',NULL,5,'客观题',384,NULL),
	(905,191,'HOMEWORK_QUIZ',NULL,5,'编程题',385,NULL),
	(906,191,'ONLINE_CODING_QUIZ',NULL,5,'在线编程题',386,NULL),
	(907,191,'HOMEWORK_QUIZ',NULL,5,'编程题',444,NULL),
	(908,191,'HOMEWORK_QUIZ',NULL,5,'编程题',445,NULL),
	(909,191,'HOMEWORK_QUIZ',NULL,5,'编程题',446,NULL),
	(910,191,'HOMEWORK_QUIZ',NULL,5,'编程题',447,NULL),
	(911,191,'HOMEWORK_QUIZ',NULL,2660,'跑',448,NULL),
	(912,192,'BASIC_QUIZ',NULL,31,'简单客观题',348,NULL),
	(913,193,'SUBJECTIVE_QUIZ',NULL,5,'主观题',349,NULL),
	(914,193,'HOMEWORK_QUIZ',NULL,2660,'00',350,NULL),
	(915,194,'HOMEWORK_QUIZ',NULL,5,'pre',350,NULL),
	(916,196,'SUBJECTIVE_QUIZ',NULL,5,'如何提问',344,NULL),
	(917,196,'LOGIC_QUIZ',NULL,5,'逻辑题',356,NULL),
	(918,196,'BASIC_QUIZ',NULL,5,'测试添加/删除的选择题',391,NULL),
	(919,196,'HOMEWORK_QUIZ',NULL,5,NULL,398,NULL),
	(920,197,'ONLINE_LANGUAGE_QUIZ',NULL,5,'online coding',411,NULL),
	(921,197,'BASIC_QUIZ',NULL,5,'111',412,NULL),
	(922,197,'BASIC_QUIZ',NULL,5,'客观题目',413,NULL),
	(923,166,'SIMPLE_CODING_QUIZ','2018-12-14 06:21:31',2660,'22',1,0),
	(924,198,'SUBJECTIVE_QUIZ','2018-12-14 06:21:47',5,'11',0,1),
	(925,198,'SIMPLE_CODING_QUIZ','2018-12-14 06:21:47',2660,'22',1,0),
	(926,200,'SUBJECTIVE_QUIZ','2018-12-14 06:22:18',5,'11',0,1),
	(927,200,'SIMPLE_CODING_QUIZ','2018-12-14 06:22:18',2660,'22',1,0),
	(928,199,'HOMEWORK_QUIZ','2018-12-14 06:23:22',2660,'333',0,1),
	(929,4,'LOGIC_QUIZ','2018-12-18 02:48:10',5,'逻辑题1',570,1),
	(930,4,'LOGIC_QUIZ','2018-12-18 06:57:28',2660,'逻辑题3',571,1),
	(931,4,'HOMEWORK_QUIZ','2018-12-19 01:30:42',2660,'编程题目',572,1),
	(932,4,'ONLINE_LANGUAGE_QUIZ','2018-12-21 02:12:57',2660,'111',573,1),
	(933,160,'SIMPLE_CODING_QUIZ','2019-01-08 06:04:39',5,'test',449,1),
	(934,202,'SIMPLE_CODING_QUIZ','2019-01-09 09:38:26',5,'test image',0,1),
	(935,58,'LOGIC_QUIZ','2019-01-14 06:13:52',5,'mahuan',566,1),
	(936,204,'SUBJECTIVE_QUIZ','2019-01-17 07:34:00',5,'',0,1),
	(937,86,'LOGIC_QUIZ','2019-01-23 05:31:33',5,'11',544,1),
	(938,205,'SUBJECTIVE_QUIZ','2019-02-21 03:22:09',5,'主观题',0,1),
	(939,205,'BASIC_QUIZ','2019-02-21 03:23:14',5,'简单客观题',1,1),
	(940,205,'HOMEWORK_QUIZ','2019-02-21 03:23:39',5,'组织2 编程题',2,1),
	(941,205,'ONLINE_CODING_QUIZ','2019-02-21 03:24:03',5,'组织2 在线编程题目',3,1),
	(942,205,'ONLINE_LANGUAGE_QUIZ','2019-02-21 03:24:18',5,'组织2 单语言',4,1),
	(943,205,'LOGIC_QUIZ','2019-02-21 03:24:35',5,'组织2 逻辑题',5,1),
	(944,205,'SIMPLE_CODING_QUIZ','2019-02-21 03:24:50',5,'简单编程题',6,1),
	(945,207,'SUBJECTIVE_QUIZ','2019-02-22 07:25:07',5,'主观题',0,1),
	(946,207,'BASIC_QUIZ','2019-02-22 07:25:07',5,'简单客观题',1,1),
	(947,207,'HOMEWORK_QUIZ','2019-02-22 07:25:07',5,'组织2 编程题',2,1),
	(948,207,'ONLINE_CODING_QUIZ','2019-02-22 07:25:07',5,'组织2 在线编程题目',3,1),
	(949,207,'ONLINE_LANGUAGE_QUIZ','2019-02-22 07:25:07',5,'组织2 单语言',4,1),
	(950,207,'LOGIC_QUIZ','2019-02-22 07:25:07',5,'组织2 逻辑题',5,1),
	(951,207,'SIMPLE_CODING_QUIZ','2019-02-22 07:25:07',5,'简单编程题',6,1),
	(952,209,'SUBJECTIVE_QUIZ','2019-02-22 07:59:20',5,'主观题',0,1),
	(953,209,'BASIC_QUIZ','2019-02-22 07:59:20',5,'简单客观题',1,1),
	(954,209,'HOMEWORK_QUIZ','2019-02-22 07:59:20',5,'组织2 编程题',2,1),
	(955,209,'ONLINE_CODING_QUIZ','2019-02-22 07:59:20',5,'组织2 在线编程题目',3,1),
	(956,209,'ONLINE_LANGUAGE_QUIZ','2019-02-22 07:59:20',5,'组织2 单语言',4,1),
	(957,209,'LOGIC_QUIZ','2019-02-22 07:59:20',5,'组织2 逻辑题',5,1),
	(958,209,'SIMPLE_CODING_QUIZ','2019-02-22 07:59:20',5,'简单编程题',6,1),
	(959,210,'SUBJECTIVE_QUIZ','2019-02-22 08:02:18',5,'主观题',0,1),
	(960,210,'BASIC_QUIZ','2019-02-22 08:02:18',5,'简单客观题',1,1),
	(961,210,'HOMEWORK_QUIZ','2019-02-22 08:02:18',5,'组织2 编程题',2,1),
	(962,210,'ONLINE_CODING_QUIZ','2019-02-22 08:02:18',5,'组织2 在线编程题目',3,1),
	(963,210,'ONLINE_LANGUAGE_QUIZ','2019-02-22 08:02:18',5,'组织2 单语言',4,1),
	(964,210,'LOGIC_QUIZ','2019-02-22 08:02:18',5,'组织2 逻辑题',5,1),
	(965,210,'SIMPLE_CODING_QUIZ','2019-02-22 08:02:18',5,'简单编程题',6,1),
	(966,212,'SUBJECTIVE_QUIZ','2019-02-22 08:02:18',5,'主观题',0,1),
	(967,212,'BASIC_QUIZ','2019-02-22 08:02:18',5,'简单客观题',1,1),
	(968,212,'HOMEWORK_QUIZ','2019-02-22 08:02:18',5,'组织2 编程题',2,1),
	(969,212,'ONLINE_CODING_QUIZ','2019-02-22 08:02:18',5,'组织2 在线编程题目',3,1),
	(970,212,'ONLINE_LANGUAGE_QUIZ','2019-02-22 08:02:18',5,'组织2 单语言',4,1),
	(971,212,'LOGIC_QUIZ','2019-02-22 08:02:18',5,'组织2 逻辑题',5,1),
	(972,212,'SIMPLE_CODING_QUIZ','2019-02-22 08:02:18',5,'简单编程题',6,1),
	(973,214,'SUBJECTIVE_QUIZ','2019-02-22 08:03:12',5,'主观题',0,1),
	(974,214,'BASIC_QUIZ','2019-02-22 08:03:12',5,'简单客观题',1,1),
	(975,214,'HOMEWORK_QUIZ','2019-02-22 08:03:12',5,'组织2 编程题',2,1),
	(976,214,'ONLINE_CODING_QUIZ','2019-02-22 08:03:12',5,'组织2 在线编程题目',3,1),
	(977,214,'ONLINE_LANGUAGE_QUIZ','2019-02-22 08:03:12',5,'组织2 单语言',4,1),
	(978,214,'LOGIC_QUIZ','2019-02-22 08:03:12',5,'组织2 逻辑题',5,1),
	(979,214,'SIMPLE_CODING_QUIZ','2019-02-22 08:03:12',5,'简单编程题',6,1),
	(980,215,'BASIC_QUIZ','2019-02-22 09:02:59',2671,'客观题',0,1),
	(981,215,'SUBJECTIVE_QUIZ','2019-02-22 09:03:09',2671,'主观题',1,1),
	(982,215,'LOGIC_QUIZ','2019-02-22 09:03:22',2671,'逻辑题',2,1),
	(983,216,'SIMPLE_CODING_QUIZ','2019-02-22 10:15:17',2671,'简单',0,1),
	(984,215,'SIMPLE_CODING_QUIZ','2019-02-22 11:20:51',2671,'jiandan',3,1),
	(985,217,'BASIC_QUIZ','2019-02-22 16:24:26',2675,'hahah',0,1),
	(986,217,'SUBJECTIVE_QUIZ','2019-02-22 16:24:39',2675,'sub',1,1),
	(987,191,'SUBJECTIVE_QUIZ','2019-03-03 05:43:25',5,'n',449,1),
	(988,99,'SUBJECTIVE_QUIZ','2019-03-03 06:00:28',5,'11',0,1),
	(989,179,'HOMEWORK_QUIZ','2019-03-04 06:02:16',5,'homework',350,1),
	(990,220,'SUBJECTIVE_QUIZ','2019-03-04 06:12:27',2660,'测试',0,1),
	(991,220,'LOGIC_QUIZ','2019-03-04 06:13:12',2660,'逻辑',1,1),
	(992,196,'SIMPLE_CODING_QUIZ','2019-03-04 09:40:16',5,'simple coding',399,1),
	(993,222,'BASIC_QUIZ','2019-03-05 01:41:13',2660,'客观题',0,1),
	(994,222,'SUBJECTIVE_QUIZ','2019-03-05 01:41:48',2660,'主观题',1,1),
	(995,223,'SUBJECTIVE_QUIZ','2019-03-06 01:11:17',5,'CCC',0,1),
	(996,224,'BASIC_QUIZ','2019-03-06 05:05:41',5,'AA',0,1),
	(998,225,'SUBJECTIVE_QUIZ','2019-03-13 01:46:01',5,'主观题',278,1),
	(1003,228,'SUBJECTIVE_QUIZ','2019-03-13 01:46:02',5,'如何提问',229,1),
	(1020,229,'SUBJECTIVE_QUIZ','2019-03-13 01:46:02',5,'Markdown 的使用',230,1),
	(1027,235,'SUBJECTIVE_QUIZ','2019-03-13 01:46:02',31,'主观题',321,1),
	(1043,239,'SUBJECTIVE_QUIZ','2019-03-20 10:06:54',5,'主观题',278,1),
	(1044,240,'BASIC_QUIZ','2019-03-20 10:06:54',31,'简单客观题',276,1),
	(1045,241,'SUBJECTIVE_QUIZ','2019-03-20 10:06:54',5,'如何提问',229,1),
	(1046,241,'BASIC_QUIZ','2019-03-20 10:06:55',5,'简单客观题',325,1),
	(1047,242,'SUBJECTIVE_QUIZ','2019-03-20 10:06:55',5,'Markdown 的使用',230,1),
	(1048,243,'SUBJECTIVE_QUIZ','2019-03-20 10:06:55',31,'主观题',321,1),
	(1049,244,'SUBJECTIVE_QUIZ','2019-03-21 01:23:40',5,'主观题',278,1),
	(1050,245,'BASIC_QUIZ','2019-03-21 01:23:40',31,'简单客观题',276,1),
	(1051,246,'SUBJECTIVE_QUIZ','2019-03-21 01:23:41',5,'如何提问',229,1),
	(1052,246,'BASIC_QUIZ','2019-03-21 01:23:41',5,'简单客观题',325,1),
	(1053,247,'SUBJECTIVE_QUIZ','2019-03-21 01:23:41',5,'Markdown 的使用',230,1),
	(1054,248,'SUBJECTIVE_QUIZ','2019-03-21 01:23:41',31,'主观题',321,1),
	(1055,249,'SUBJECTIVE_QUIZ','2019-03-21 01:26:45',5,'如何提问',229,1),
	(1056,249,'BASIC_QUIZ','2019-03-21 01:26:45',5,'简单客观题',325,1),
	(1057,250,'SUBJECTIVE_QUIZ','2019-03-21 01:26:45',5,'Markdown 的使用',230,1),
	(1058,251,'BASIC_QUIZ','2019-03-21 01:32:35',2660,'客观题',0,1),
	(1059,251,'SUBJECTIVE_QUIZ','2019-03-21 01:32:35',2660,'主观题',1,1),
	(1060,252,'SUBJECTIVE_QUIZ','2019-03-21 01:34:01',5,'主观题',314,1),
	(1061,252,'BASIC_QUIZ','2019-03-21 01:34:01',5,'简单客观题',315,1),
	(1062,253,'SUBJECTIVE_QUIZ','2019-03-21 01:34:01',5,'主观题',320,1),
	(1064,228,'ONLINE_LANGUAGE_QUIZ','2019-03-21 02:34:59',5,'单语言',231,1),
	(1065,228,'SUBJECTIVE_QUIZ','2019-03-21 02:35:10',5,'主观题',232,1),
	(1066,228,'LOGIC_QUIZ','2019-03-21 02:35:20',5,'logic',233,1),
	(1067,228,'SIMPLE_CODING_QUIZ','2019-03-21 02:35:31',5,'simple',234,1),
	(1068,255,'SUBJECTIVE_QUIZ','2019-03-21 02:35:50',5,'如何提问',229,1),
	(1069,255,'BASIC_QUIZ','2019-03-21 02:35:50',5,'ces',230,1),
	(1070,255,'ONLINE_LANGUAGE_QUIZ','2019-03-21 02:35:50',5,'单语言',231,1),
	(1071,255,'SUBJECTIVE_QUIZ','2019-03-21 02:35:50',5,'主观题',232,1),
	(1072,255,'LOGIC_QUIZ','2019-03-21 02:35:51',5,'logic',233,1),
	(1073,255,'SIMPLE_CODING_QUIZ','2019-03-21 02:35:51',5,'simple',234,1),
	(1074,256,'SUBJECTIVE_QUIZ','2019-03-21 03:03:28',5,'如何提问',229,1),
	(1075,256,'BASIC_QUIZ','2019-03-21 03:03:28',5,'ces',230,1),
	(1076,256,'ONLINE_LANGUAGE_QUIZ','2019-03-21 03:03:28',5,'单语言',231,1),
	(1077,256,'SUBJECTIVE_QUIZ','2019-03-21 03:03:28',5,'主观题',232,1),
	(1078,256,'LOGIC_QUIZ','2019-03-21 03:03:28',5,'logic',233,1),
	(1079,256,'SIMPLE_CODING_QUIZ','2019-03-21 03:03:28',5,'simple',234,1),
	(1080,260,'BASIC_QUIZ','2019-03-22 01:28:13',2660,'客观题',0,1),
	(1081,260,'HOMEWORK_QUIZ','2019-03-22 01:29:30',2660,'编程题',1,1),
	(1082,260,'ONLINE_LANGUAGE_QUIZ','2019-03-22 01:29:55',2660,'单语言在线编程题',2,1),
	(1083,260,'SUBJECTIVE_QUIZ','2019-03-22 01:30:15',2660,'主观题',3,1),
	(1084,260,'LOGIC_QUIZ','2019-03-22 01:30:34',2660,'逻辑题',4,1),
	(1085,260,'SIMPLE_CODING_QUIZ','2019-03-22 01:31:51',2660,'简单编程题',5,1),
	(1086,268,'BASIC_QUIZ','2019-03-25 06:14:59',5,'健康',504,1),
	(1087,269,'BASIC_QUIZ','2019-03-25 06:16:40',5,'简单客观题',0,1),
	(1088,269,'HOMEWORK_QUIZ','2019-03-25 06:16:46',5,'编程题',1,1),
	(1089,269,'ONLINE_LANGUAGE_QUIZ','2019-03-25 06:16:56',5,'online language',2,1),
	(1090,269,'SUBJECTIVE_QUIZ','2019-03-25 06:17:04',5,'主观题',3,1),
	(1091,269,'LOGIC_QUIZ','2019-03-25 06:17:14',5,'逻辑题',4,1),
	(1092,269,'SIMPLE_CODING_QUIZ','2019-03-25 06:17:21',5,'简单编程题',5,1),
	(1093,270,'BASIC_QUIZ','2019-03-25 06:18:10',5,'简单客观题',0,1),
	(1094,270,'HOMEWORK_QUIZ','2019-03-25 06:18:16',5,'编程题',1,1),
	(1096,270,'ONLINE_LANGUAGE_QUIZ','2019-03-25 06:18:37',5,'online language',3,1),
	(1097,270,'SUBJECTIVE_QUIZ','2019-03-25 06:18:44',5,'主观题',4,1),
	(1098,270,'LOGIC_QUIZ','2019-03-25 06:18:52',5,'逻辑题',5,1),
	(1099,270,'SIMPLE_CODING_QUIZ','2019-03-25 06:18:59',5,'简单编程题',6,1),
	(1100,271,'BASIC_QUIZ','2019-03-25 06:19:46',5,'简单客观题',0,1),
	(1101,271,'HOMEWORK_QUIZ','2019-03-25 06:19:46',5,'编程题',1,1),
	(1102,271,'ONLINE_LANGUAGE_QUIZ','2019-03-25 06:19:46',5,'online language',2,1),
	(1103,271,'SUBJECTIVE_QUIZ','2019-03-25 06:19:46',5,'主观题',3,1),
	(1104,271,'LOGIC_QUIZ','2019-03-25 06:19:46',5,'逻辑题',4,1),
	(1105,271,'SIMPLE_CODING_QUIZ','2019-03-25 06:19:46',5,'简单编程题',5,1),
	(1106,272,'BASIC_QUIZ','2019-03-25 06:19:46',5,'简单客观题',0,1),
	(1107,272,'HOMEWORK_QUIZ','2019-03-25 06:19:46',5,'编程题',1,1),
	(1108,272,'ONLINE_LANGUAGE_QUIZ','2019-03-25 06:19:46',5,'online language',3,1),
	(1109,272,'SUBJECTIVE_QUIZ','2019-03-25 06:19:46',5,'主观题',4,1),
	(1110,272,'LOGIC_QUIZ','2019-03-25 06:19:46',5,'逻辑题',5,1),
	(1111,272,'SIMPLE_CODING_QUIZ','2019-03-25 06:19:46',5,'简单编程题',6,1),
	(1112,273,'BASIC_QUIZ','2019-03-25 06:39:52',5,'简单客观题',0,1),
	(1113,273,'HOMEWORK_QUIZ','2019-03-25 06:39:52',5,'编程题',1,1),
	(1114,273,'ONLINE_LANGUAGE_QUIZ','2019-03-25 06:39:52',5,'online language',2,1),
	(1115,273,'SUBJECTIVE_QUIZ','2019-03-25 06:39:52',5,'主观题',3,1),
	(1116,273,'LOGIC_QUIZ','2019-03-25 06:39:52',5,'逻辑题',4,1),
	(1117,273,'SIMPLE_CODING_QUIZ','2019-03-25 06:39:52',5,'简单编程题',5,1),
	(1118,274,'BASIC_QUIZ','2019-03-25 06:39:52',5,'简单客观题',0,1),
	(1119,274,'HOMEWORK_QUIZ','2019-03-25 06:39:52',5,'编程题',1,1),
	(1120,274,'ONLINE_LANGUAGE_QUIZ','2019-03-25 06:39:52',5,'online language',3,1),
	(1121,274,'SUBJECTIVE_QUIZ','2019-03-25 06:39:52',5,'主观题',4,1),
	(1122,274,'LOGIC_QUIZ','2019-03-25 06:39:52',5,'逻辑题',5,1),
	(1123,274,'SIMPLE_CODING_QUIZ','2019-03-25 06:39:52',5,'简单编程题',6,1),
	(1124,275,'BASIC_QUIZ','2019-03-25 06:40:22',5,'简单客观题',0,1),
	(1125,275,'HOMEWORK_QUIZ','2019-03-25 06:40:22',5,'编程题',1,1),
	(1126,275,'ONLINE_LANGUAGE_QUIZ','2019-03-25 06:40:22',5,'online language',2,1),
	(1127,275,'SUBJECTIVE_QUIZ','2019-03-25 06:40:22',5,'主观题',3,1),
	(1128,275,'LOGIC_QUIZ','2019-03-25 06:40:22',5,'逻辑题',4,1),
	(1129,275,'SIMPLE_CODING_QUIZ','2019-03-25 06:40:22',5,'简单编程题',5,1),
	(1130,276,'BASIC_QUIZ','2019-03-25 06:40:23',5,'简单客观题',0,1),
	(1131,276,'HOMEWORK_QUIZ','2019-03-25 06:40:23',5,'编程题',1,1),
	(1132,276,'ONLINE_LANGUAGE_QUIZ','2019-03-25 06:40:23',5,'online language',3,1),
	(1133,276,'SUBJECTIVE_QUIZ','2019-03-25 06:40:23',5,'主观题',4,1),
	(1134,276,'LOGIC_QUIZ','2019-03-25 06:40:23',5,'逻辑题',5,1),
	(1135,276,'SIMPLE_CODING_QUIZ','2019-03-25 06:40:23',5,'简单编程题',6,1),
	(1136,277,'BASIC_QUIZ','2019-03-25 06:40:32',5,'简单客观题',0,1),
	(1137,277,'HOMEWORK_QUIZ','2019-03-25 06:40:32',5,'编程题',1,1),
	(1138,277,'ONLINE_LANGUAGE_QUIZ','2019-03-25 06:40:32',5,'online language',2,1),
	(1139,277,'SUBJECTIVE_QUIZ','2019-03-25 06:40:32',5,'主观题',3,1),
	(1140,277,'LOGIC_QUIZ','2019-03-25 06:40:32',5,'逻辑题',4,1),
	(1141,277,'SIMPLE_CODING_QUIZ','2019-03-25 06:40:32',5,'简单编程题',5,1),
	(1142,278,'BASIC_QUIZ','2019-03-25 06:40:32',5,'简单客观题',0,1),
	(1143,278,'HOMEWORK_QUIZ','2019-03-25 06:40:32',5,'编程题',1,1),
	(1144,278,'ONLINE_LANGUAGE_QUIZ','2019-03-25 06:40:32',5,'online language',3,1),
	(1145,278,'SUBJECTIVE_QUIZ','2019-03-25 06:40:32',5,'主观题',4,1),
	(1146,278,'LOGIC_QUIZ','2019-03-25 06:40:32',5,'逻辑题',5,1),
	(1147,278,'SIMPLE_CODING_QUIZ','2019-03-25 06:40:32',5,'简单编程题',6,1),
	(1148,21,'BASIC_QUIZ','2019-03-25 06:40:36',2690,'1111',308,1),
	(1149,279,'BASIC_QUIZ','2019-03-25 06:40:56',5,'简单客观题',0,1),
	(1150,279,'HOMEWORK_QUIZ','2019-03-25 06:40:56',5,'编程题',1,1),
	(1151,279,'ONLINE_LANGUAGE_QUIZ','2019-03-25 06:40:56',5,'online language',2,1),
	(1152,279,'SUBJECTIVE_QUIZ','2019-03-25 06:40:56',5,'主观题',3,1),
	(1153,279,'LOGIC_QUIZ','2019-03-25 06:40:56',5,'逻辑题',4,1),
	(1154,279,'SIMPLE_CODING_QUIZ','2019-03-25 06:40:56',5,'简单编程题',5,1),
	(1155,280,'BASIC_QUIZ','2019-03-25 06:40:56',5,'简单客观题',0,1),
	(1156,280,'HOMEWORK_QUIZ','2019-03-25 06:40:56',5,'编程题',1,1),
	(1157,280,'ONLINE_LANGUAGE_QUIZ','2019-03-25 06:40:56',5,'online language',3,1),
	(1158,280,'SUBJECTIVE_QUIZ','2019-03-25 06:40:56',5,'主观题',4,1),
	(1159,280,'LOGIC_QUIZ','2019-03-25 06:40:56',5,'逻辑题',5,1),
	(1160,280,'SIMPLE_CODING_QUIZ','2019-03-25 06:40:56',5,'简单编程题',6,1),
	(1161,281,'BASIC_QUIZ','2019-03-25 07:04:13',5,'简单客观题',0,1),
	(1162,281,'HOMEWORK_QUIZ','2019-03-25 07:04:13',5,'编程题',1,1),
	(1163,281,'ONLINE_LANGUAGE_QUIZ','2019-03-25 07:04:13',5,'online language',2,1),
	(1164,281,'SUBJECTIVE_QUIZ','2019-03-25 07:04:13',5,'主观题',3,1),
	(1165,281,'LOGIC_QUIZ','2019-03-25 07:04:13',5,'逻辑题',4,1),
	(1166,281,'SIMPLE_CODING_QUIZ','2019-03-25 07:04:13',5,'简单编程题',5,1),
	(1167,282,'BASIC_QUIZ','2019-03-25 07:04:13',5,'简单客观题',0,1),
	(1168,282,'HOMEWORK_QUIZ','2019-03-25 07:04:13',5,'编程题',1,1),
	(1169,282,'ONLINE_LANGUAGE_QUIZ','2019-03-25 07:04:13',5,'online language',3,1),
	(1170,282,'SUBJECTIVE_QUIZ','2019-03-25 07:04:13',5,'主观题',4,1),
	(1171,282,'LOGIC_QUIZ','2019-03-25 07:04:13',5,'逻辑题',5,1),
	(1172,282,'SIMPLE_CODING_QUIZ','2019-03-25 07:04:13',5,'简单编程题',6,1),
	(1173,283,'BASIC_QUIZ','2019-03-25 07:05:10',5,'简单客观题',0,1),
	(1174,283,'HOMEWORK_QUIZ','2019-03-25 07:05:10',5,'编程题',1,1),
	(1175,283,'ONLINE_LANGUAGE_QUIZ','2019-03-25 07:05:10',5,'online language',2,1),
	(1176,283,'SUBJECTIVE_QUIZ','2019-03-25 07:05:10',5,'主观题',3,1),
	(1177,283,'LOGIC_QUIZ','2019-03-25 07:05:10',5,'逻辑题',4,1),
	(1178,283,'SIMPLE_CODING_QUIZ','2019-03-25 07:05:10',5,'简单编程题',5,1),
	(1179,284,'BASIC_QUIZ','2019-03-25 07:05:10',5,'简单客观题',0,1),
	(1180,284,'HOMEWORK_QUIZ','2019-03-25 07:05:10',5,'编程题',1,1),
	(1181,284,'ONLINE_LANGUAGE_QUIZ','2019-03-25 07:05:10',5,'online language',3,1),
	(1182,284,'SUBJECTIVE_QUIZ','2019-03-25 07:05:10',5,'主观题',4,1),
	(1183,284,'LOGIC_QUIZ','2019-03-25 07:05:10',5,'逻辑题',5,1),
	(1184,284,'SIMPLE_CODING_QUIZ','2019-03-25 07:05:10',5,'简单编程题',6,1),
	(1185,285,'BASIC_QUIZ','2019-03-25 07:22:21',2660,'aaaa',0,1),
	(1186,318,'BASIC_QUIZ','2019-03-25 07:34:53',5,'客观题',0,1),
	(1187,318,'HOMEWORK_QUIZ','2019-03-25 07:34:59',5,'编程题',1,1),
	(1188,318,'ONLINE_LANGUAGE_QUIZ','2019-03-25 07:35:06',5,'单语言',2,1),
	(1189,319,'SUBJECTIVE_QUIZ','2019-03-25 07:35:46',5,'主观题',0,1),
	(1190,319,'LOGIC_QUIZ','2019-03-25 07:35:54',5,'逻辑题',1,1),
	(1191,319,'SIMPLE_CODING_QUIZ','2019-03-25 07:36:01',5,'简单编程题',2,1),
	(1192,320,'BASIC_QUIZ','2019-03-25 07:36:33',5,'客观题',0,1),
	(1193,320,'HOMEWORK_QUIZ','2019-03-25 07:36:33',5,'编程题',1,1),
	(1194,320,'ONLINE_LANGUAGE_QUIZ','2019-03-25 07:36:33',5,'单语言',2,1),
	(1195,321,'SUBJECTIVE_QUIZ','2019-03-25 07:36:33',5,'主观题',0,1),
	(1196,321,'LOGIC_QUIZ','2019-03-25 07:36:33',5,'逻辑题',1,1),
	(1197,321,'SIMPLE_CODING_QUIZ','2019-03-25 07:36:33',5,'简单编程题',2,1),
	(1198,322,'HOMEWORK_QUIZ','2019-03-25 07:36:56',5,'便刺痛',0,1),
	(1199,322,'ONLINE_LANGUAGE_QUIZ','2019-03-25 07:37:03',5,' 单语言',1,1),
	(1200,323,'HOMEWORK_QUIZ','2019-03-25 07:37:31',5,'便刺痛',0,1),
	(1201,323,'ONLINE_LANGUAGE_QUIZ','2019-03-25 07:37:31',5,' 单语言',1,1),
	(1202,286,'HOMEWORK_QUIZ','2019-03-25 08:09:01',2660,'2222',0,1),
	(1203,287,'BASIC_QUIZ','2019-03-25 08:09:28',2660,'333',0,1),
	(1209,285,'SUBJECTIVE_QUIZ','2019-03-27 01:03:55',2660,'zhuguan',1,1),
	(1210,325,'BASIC_QUIZ','2019-03-27 10:16:27',5,'简单客观题',0,1),
	(1211,325,'HOMEWORK_QUIZ','2019-03-27 10:16:27',5,'编程题',1,1),
	(1212,325,'ONLINE_LANGUAGE_QUIZ','2019-03-27 10:16:27',5,'online language',2,1),
	(1213,325,'SUBJECTIVE_QUIZ','2019-03-27 10:16:27',5,'主观题',3,1),
	(1214,325,'LOGIC_QUIZ','2019-03-27 10:16:27',5,'逻辑题',4,1),
	(1215,325,'SIMPLE_CODING_QUIZ','2019-03-27 10:16:27',5,'简单编程题',5,1),
	(1216,328,'BASIC_QUIZ','2019-03-28 02:42:37',2660,'地球',0,1),
	(1217,329,'BASIC_QUIZ','2019-03-28 02:42:37',2660,'水星',0,1),
	(1218,330,'BASIC_QUIZ','2019-03-28 02:42:37',2660,'木星',0,1),
	(1219,331,'BASIC_QUIZ','2019-03-28 02:42:37',2660,'金星',0,1),
	(1220,332,'BASIC_QUIZ','2019-03-28 02:42:37',2660,'土星',0,1),
	(1249,347,'SUBJECTIVE_QUIZ','2019-03-28 02:45:12',5,'测试主观题',549,1),
	(1250,348,'BASIC_QUIZ','2019-03-28 13:25:52',2671,'客观题',0,1),
	(1251,348,'SUBJECTIVE_QUIZ','2019-03-28 13:25:52',2671,'主观题',1,1),
	(1252,348,'LOGIC_QUIZ','2019-03-28 13:25:52',2671,'逻辑题',2,1),
	(1253,348,'SIMPLE_CODING_QUIZ','2019-03-28 13:25:52',2671,'jiandan',3,1),
	(1254,349,'SIMPLE_CODING_QUIZ','2019-03-28 13:25:52',2671,'简单',0,1),
	(1255,350,'SUBJECTIVE_QUIZ','2019-03-28 13:25:52',5,'如何提问',229,1),
	(1256,350,'BASIC_QUIZ','2019-03-28 13:25:52',5,'简单客观题',325,1),
	(1257,351,'SUBJECTIVE_QUIZ','2019-03-28 13:25:52',5,'Markdown 的使用',230,1),
	(1258,352,'BASIC_QUIZ','2019-03-28 13:28:53',2671,'客观题',0,1),
	(1259,352,'SUBJECTIVE_QUIZ','2019-03-28 13:28:53',2671,'主观题',1,1),
	(1260,352,'LOGIC_QUIZ','2019-03-28 13:28:53',2671,'逻辑题',2,1),
	(1261,352,'SIMPLE_CODING_QUIZ','2019-03-28 13:28:53',2671,'jiandan',3,1),
	(1262,353,'SIMPLE_CODING_QUIZ','2019-03-28 13:28:53',2671,'简单',0,1),
	(1263,354,'SUBJECTIVE_QUIZ','2019-03-28 13:28:53',5,'如何提问',229,1),
	(1264,354,'BASIC_QUIZ','2019-03-28 13:28:53',5,'简单客观题',325,1),
	(1265,355,'SUBJECTIVE_QUIZ','2019-03-28 13:28:53',5,'Markdown 的使用',230,1),
	(1266,356,'BASIC_QUIZ','2019-03-29 07:25:22',5,'AAA',0,1),
	(1267,285,'ONLINE_LANGUAGE_QUIZ','2019-04-03 02:28:15',2660,'单语言',2,1),
	(1268,358,'BASIC_QUIZ','2019-04-04 07:51:53',2660,'aaa',0,1),
	(1269,359,'BASIC_QUIZ','2019-04-08 08:08:46',5,'客观',0,1),
	(1270,4,'BASIC_QUIZ','2019-04-09 03:00:08',5,'所有题型',574,1),
	(1272,228,'LOGIC_QUIZ','2019-04-13 15:24:00',5,'111',235,1),
	(1273,228,'LOGIC_QUIZ','2019-04-13 15:24:13',5,'222',236,1),
	(1274,228,'BASIC_QUIZ','2019-04-13 15:37:33',5,'222',237,1),
	(1275,363,'SUBJECTIVE_QUIZ','2019-04-17 03:19:11',5,'qqq',0,1),
	(1276,363,'LOGIC_QUIZ','2019-04-17 03:19:22',5,'222',1,1),
	(1277,365,'LOGIC_QUIZ','2019-04-17 03:19:52',5,'BB',0,1),
	(1278,364,'BASIC_QUIZ','2019-04-17 03:20:08',5,'111',0,1),
	(1280,259,'BASIC_QUIZ','2019-04-23 01:39:48',2660,'地球',0,1),
	(1281,261,'BASIC_QUIZ','2019-04-23 01:40:16',2660,'水星',0,1),
	(1282,262,'BASIC_QUIZ','2019-04-23 01:40:54',2660,'木星',0,1),
	(1283,263,'BASIC_QUIZ','2019-04-23 01:41:20',2660,'金星',0,1),
	(1284,264,'BASIC_QUIZ','2019-04-23 01:41:47',2660,'土星',0,1),
	(1285,228,'SIMPLE_CODING_QUIZ','2019-04-24 10:21:32',2660,'111',238,1),
	(1286,168,'SIMPLE_CODING_QUIZ','2019-04-26 02:29:25',5,'test mount volume',5,1),
	(1287,366,'SIMPLE_CODING_QUIZ','2019-04-29 09:01:06',5,'test',0,1),
	(1288,367,'SIMPLE_CODING_QUIZ','2019-04-29 09:01:22',5,'test',0,1),
	(1289,221,'SIMPLE_CODING_QUIZ','2019-04-30 06:00:55',5,'simple',0,1),
	(1290,368,'SIMPLE_CODING_QUIZ','2019-04-30 06:02:38',5,'simple',0,1),
	(1291,369,'SIMPLE_CODING_QUIZ','2019-04-30 06:03:19',5,'simple',0,1),
	(1292,370,'SIMPLE_CODING_QUIZ','2019-04-30 06:03:58',5,'simple',0,1),
	(1293,359,'BASIC_QUIZ','2019-05-09 01:24:12',2660,'111',1,1),
	(1294,359,'BASIC_QUIZ','2019-05-09 01:24:25',2660,'222',2,1),
	(1295,359,'BASIC_QUIZ','2019-05-09 01:24:39',2660,'333',3,1),
	(1296,366,'BASIC_QUIZ','2019-05-10 08:03:17',2660,'111',1,1),
	(1297,371,'SIMPLE_CODING_QUIZ','2019-05-10 08:05:23',5,'test',0,1),
	(1298,371,'BASIC_QUIZ','2019-05-10 08:05:23',2660,'111',1,1),
	(1299,258,'SUBJECTIVE_QUIZ','2019-05-16 10:53:22',2660,'行星排序',0,1),
	(1300,168,'SIMPLE_CODING_QUIZ','2019-05-21 02:24:53',5,'simple',6,1),
	(1301,359,'HOMEWORK_QUIZ','2019-05-30 08:43:36',2660,'11',4,1),
	(1302,359,'HOMEWORK_QUIZ','2019-05-30 09:52:50',2660,'222',5,1),
	(1303,359,'BASIC_QUIZ','2019-06-12 02:53:00',5,'11111',6,1),
	(1304,359,'BASIC_QUIZ','2019-06-12 02:55:58',5,'222',7,1),
	(1305,372,'BASIC_QUIZ','2019-06-12 06:00:15',5,'阿斯顿发',0,1),
	(1307,372,'SUBJECTIVE_QUIZ','2019-06-12 06:00:36',5,'阿斯顿发生',2,1),
	(1308,373,'BASIC_QUIZ','2019-06-12 06:25:28',5,'AAA',0,1),
	(1309,375,'BASIC_QUIZ','2019-06-20 06:31:56',5,'简单客观题',0,1),
	(1310,375,'HOMEWORK_QUIZ','2019-06-20 06:31:56',5,'编程题',1,1),
	(1311,375,'ONLINE_LANGUAGE_QUIZ','2019-06-20 06:31:56',5,'online language',2,1),
	(1312,375,'SUBJECTIVE_QUIZ','2019-06-20 06:31:56',5,'主观题',3,1),
	(1313,375,'LOGIC_QUIZ','2019-06-20 06:31:56',5,'逻辑题',4,1),
	(1314,375,'SIMPLE_CODING_QUIZ','2019-06-20 06:31:56',5,'简单编程题',5,1),
	(1315,376,'BASIC_QUIZ','2019-06-21 08:16:21',5,'AAA',0,1),
	(1316,378,'SURVEY_QUIZ','2019-07-08 08:01:41',5,'调研题',0,1),
	(1317,378,'BASIC_QUIZ','2019-07-08 08:01:58',5,'basic',1,1),
	(1351,406,'LOGIC_QUIZ','2019-08-08 05:21:48',2660,'111',0,1),
	(1352,407,'LOGIC_QUIZ','2019-08-08 05:21:48',2660,'12',0,1),
	(1353,408,'LOGIC_QUIZ','2019-08-08 05:21:48',2660,'eee',0,1),
	(1354,409,'LOGIC_QUIZ','2019-08-08 05:21:48',2660,'11',0,1),
	(1366,357,'SURVEY_QUIZ','2019-08-08 07:41:59',5,'survey',0,1),
	(1367,421,'BASIC_QUIZ','2019-08-08 07:42:16',5,'AAA',0,1),
	(1368,422,'SURVEY_QUIZ','2019-08-08 07:42:16',5,'survey',0,1),
	(1467,501,'LOGIC_QUIZ','2019-08-15 06:24:10',2660,'ss',0,1),
	(1468,502,'LOGIC_QUIZ','2019-08-15 06:24:33',2660,'fs',0,1),
	(1480,514,'LOGIC_QUIZ','2019-08-16 07:18:27',2660,'er',0,1),
	(1481,515,'LOGIC_QUIZ','2019-08-30 06:18:25',2660,'ss',0,1),
	(1482,516,'LOGIC_QUIZ','2019-08-30 06:18:25',2660,'fs',0,1),
	(1483,517,'LOGIC_QUIZ','2019-08-30 06:18:25',2660,'er',0,1),
	(1484,518,'BASIC_QUIZ','2019-08-30 06:20:41',5,'123',0,1),
	(1485,519,'BASIC_QUIZ','2019-08-30 06:36:42',5,'AAA',0,1),
	(1486,520,'SURVEY_QUIZ','2019-08-30 06:36:42',5,'survey',0,1),
	(1487,521,'LOGIC_QUIZ','2019-09-02 02:48:25',2660,'ss',0,1),
	(1488,522,'LOGIC_QUIZ','2019-09-02 02:48:25',2660,'fs',0,1),
	(1489,523,'LOGIC_QUIZ','2019-09-02 02:48:25',2660,'er',0,1),
	(1490,524,'LOGIC_QUIZ','2019-09-02 02:48:35',2660,'ss',0,1),
	(1491,525,'LOGIC_QUIZ','2019-09-02 02:48:36',2660,'fs',0,1),
	(1492,526,'LOGIC_QUIZ','2019-09-02 02:48:36',2660,'er',0,1),
	(1494,528,'LOGIC_QUIZ','2019-09-02 02:48:40',2660,'fs',0,1),
	(1495,529,'LOGIC_QUIZ','2019-09-02 02:48:40',2660,'er',0,1),
	(1496,530,'BASIC_QUIZ','2019-09-03 02:31:28',5,'客观题',0,1),
	(1497,530,'HOMEWORK_QUIZ','2019-09-03 02:31:28',5,'编程题',1,1),
	(1498,530,'ONLINE_LANGUAGE_QUIZ','2019-09-03 02:31:28',5,'单语言',2,1),
	(1499,531,'SUBJECTIVE_QUIZ','2019-09-03 02:31:28',5,'主观题',0,1),
	(1500,531,'LOGIC_QUIZ','2019-09-03 02:31:28',5,'逻辑题',1,1),
	(1501,531,'SIMPLE_CODING_QUIZ','2019-09-03 02:31:28',5,'简单编程题',2,1),
	(1502,532,'BASIC_QUIZ','2019-09-03 02:31:28',5,'阿斯顿发',0,1),
	(1503,532,'SUBJECTIVE_QUIZ','2019-09-03 02:31:28',5,'阿斯顿发生',2,1),
	(1504,533,'HOMEWORK_QUIZ','2019-09-03 02:31:28',5,'便刺痛',0,1),
	(1505,533,'ONLINE_LANGUAGE_QUIZ','2019-09-03 02:31:28',5,' 单语言',1,1),
	(1506,527,'SUBJECTIVE_QUIZ','2019-09-19 02:09:02',5,'demo',1,1),
	(1507,527,'ONLINE_LANGUAGE_QUIZ','2019-09-19 08:18:11',5,'单语言',2,1),
	(1508,527,'SIMPLE_CODING_QUIZ','2019-09-19 08:18:25',5,'简单编程',3,1),
	(1509,4,'LOGIC_QUIZ','2019-10-30 02:14:54',5,'11',575,1),
	(1510,534,'SURVEY_QUIZ','2019-10-31 06:27:46',5,'调研',0,1);

/*!40000 ALTER TABLE `assignment` ENABLE KEYS */;
UNLOCK TABLES;


# Dump of table assignmentQuiz
# ------------------------------------------------------------

DROP TABLE IF EXISTS `assignmentQuiz`;

CREATE TABLE `assignmentQuiz` (
  `id` int(11) NOT NULL AUTO_INCREMENT,
  `assignmentId` int(11) DEFAULT NULL,
  `quizId` varchar(225) DEFAULT NULL,
  `createTime` timestamp NULL DEFAULT CURRENT_TIMESTAMP,
  `creatorId` int(11) DEFAULT NULL,
  `orderNumber` int(11) NOT NULL,
  PRIMARY KEY (`id`)
) ENGINE=InnoDB DEFAULT CHARSET=utf8;

LOCK TABLES `assignmentQuiz` WRITE;
/*!40000 ALTER TABLE `assignmentQuiz` DISABLE KEYS */;

INSERT INTO `assignmentQuiz` (`id`, `assignmentId`, `quizId`, `createTime`, `creatorId`, `orderNumber`)
VALUES
	(1,229,'39','2018-05-17 10:08:13',5,1),
	(2,230,'40','2018-05-17 10:08:13',5,2),
	(3,240,'15','2018-05-17 10:08:13',5,3),
	(4,248,'248','2018-05-17 10:08:13',5,4),
	(7,276,'260','2018-05-17 10:08:13',31,7),
	(8,276,'261','2018-05-17 10:08:13',31,8),
	(9,277,'10','2018-05-17 10:08:13',5,9),
	(10,424,'11','2018-05-17 10:08:13',5,10),
	(11,278,'53','2018-05-17 10:08:13',5,11),
	(12,279,'263','2018-05-17 10:08:13',5,12),
	(13,280,'264','2018-05-17 10:08:13',31,13),
	(14,281,'20','2018-05-17 10:08:13',5,14),
	(15,282,'54','2018-05-17 10:08:13',5,15),
	(16,283,'265','2018-05-17 10:08:13',5,16),
	(17,284,'266','2018-05-17 10:08:13',5,17),
	(18,284,'267','2018-05-17 10:08:13',5,18),
	(19,307,'69','2018-05-17 10:08:13',5,19),
	(20,314,'71','2018-05-17 10:08:13',5,20),
	(21,315,'309','2018-05-17 10:08:13',5,21),
	(22,315,'310','2018-05-17 10:08:13',5,22),
	(23,319,'74','2018-05-17 10:08:13',5,23),
	(24,320,'75','2018-05-17 10:08:13',5,24),
	(25,321,'76','2018-05-17 10:08:13',31,25),
	(26,322,'77','2018-05-17 10:08:13',31,26),
	(41,409,'101','2018-05-17 10:08:19',NULL,41),
	(53,325,'315',NULL,5,53),
	(54,325,'313',NULL,5,54),
	(55,326,'313',NULL,34,55),
	(56,326,'312',NULL,34,56),
	(57,326,'311',NULL,34,57),
	(58,326,'310',NULL,34,58),
	(63,329,'75',NULL,34,63),
	(64,425,'76',NULL,34,64),
	(65,426,'77',NULL,34,65),
	(66,427,'78',NULL,34,66),
	(75,331,'6',NULL,34,75),
	(76,332,'43',NULL,5,76),
	(78,334,'313',NULL,34,78),
	(79,334,'312',NULL,34,79),
	(80,334,'311',NULL,34,80),
	(81,334,'310',NULL,34,81),
	(82,335,'311',NULL,34,82),
	(83,335,'310',NULL,34,83),
	(84,336,'75',NULL,34,84),
	(85,428,'76',NULL,34,85),
	(86,429,'77',NULL,34,86),
	(87,430,'78',NULL,34,87),
	(88,337,'6',NULL,34,88),
	(89,338,'313',NULL,34,89),
	(90,338,'312',NULL,34,90),
	(91,338,'311',NULL,34,91),
	(92,338,'310',NULL,34,92),
	(93,339,'311',NULL,34,93),
	(94,339,'310',NULL,34,94),
	(95,340,'75',NULL,34,95),
	(96,431,'76',NULL,34,96),
	(97,432,'77',NULL,34,97),
	(98,433,'78',NULL,34,98),
	(99,341,'6',NULL,34,99),
	(100,342,'317',NULL,5,100),
	(101,343,'1',NULL,38,101),
	(105,346,'40',NULL,5,105),
	(107,348,'264',NULL,31,107),
	(108,349,'69',NULL,5,108),
	(109,350,'43',NULL,5,109),
	(117,357,'43',NULL,5,117),
	(141,364,'41',NULL,5,141),
	(142,365,'45',NULL,5,142),
	(143,366,'41',NULL,5,143),
	(144,367,'40',NULL,5,144),
	(145,368,'45',NULL,5,145),
	(146,369,'46',NULL,5,146),
	(147,370,'47',NULL,5,147),
	(148,371,'48',NULL,5,148),
	(149,372,'49',NULL,5,149),
	(158,376,'51',NULL,5,158),
	(173,381,'50',NULL,5,173),
	(174,442,'51',NULL,5,174),
	(175,382,'48',NULL,5,175),
	(176,443,'47',NULL,5,176),
	(198,447,'23',NULL,5,198),
	(200,412,'339',NULL,5,200),
	(201,422,'91',NULL,5,201),
	(216,449,'32',NULL,5,216),
	(218,451,'339',NULL,5,218),
	(219,451,'338',NULL,5,219),
	(220,451,'337',NULL,5,220),
	(222,454,'3',NULL,5,222),
	(225,457,'5',NULL,5,225),
	(226,458,'6',NULL,5,226),
	(227,459,'7',NULL,5,227),
	(228,460,'8',NULL,5,228),
	(234,452,'338',NULL,5,3),
	(238,475,'339',NULL,5,238),
	(241,478,'339',NULL,5,241),
	(242,478,'338',NULL,5,242),
	(243,478,'337',NULL,5,243),
	(244,479,'90',NULL,5,244),
	(247,482,'36',NULL,5,247),
	(249,485,'339',NULL,5,249),
	(250,485,'337',NULL,5,250),
	(251,488,'8',NULL,5,251),
	(252,489,'7',NULL,5,252),
	(256,NULL,'39',NULL,38,256),
	(258,NULL,'39',NULL,38,258),
	(259,373,'6',NULL,5,259),
	(261,499,'8',NULL,5,261),
	(262,500,'39',NULL,5,262),
	(263,501,'39',NULL,5,263),
	(264,502,'39',NULL,5,264),
	(267,504,'339',NULL,5,267),
	(268,504,'338',NULL,5,268),
	(269,506,'8',NULL,5,269),
	(270,507,'7',NULL,5,270),
	(271,508,'5',NULL,5,271),
	(285,513,'84',NULL,5,285),
	(286,514,'87',NULL,5,286),
	(287,515,'2',NULL,5,287),
	(318,519,'86',NULL,5,318),
	(319,520,'1',NULL,5,319),
	(320,521,'2',NULL,5,320),
	(324,526,'90',NULL,5,324),
	(325,527,'90',NULL,5,325),
	(327,529,'33',NULL,5,327),
	(332,333,'7',NULL,5,332),
	(333,530,'11',NULL,5,333),
	(334,531,'7',NULL,5,334),
	(335,532,'7',NULL,5,335),
	(336,533,'12',NULL,5,336),
	(337,534,'13',NULL,5,337),
	(338,535,'14',NULL,5,338),
	(339,536,'15',NULL,5,339),
	(340,537,'16',NULL,5,340),
	(341,538,'17',NULL,5,341),
	(342,539,'18',NULL,5,342),
	(344,541,'20',NULL,5,344),
	(345,542,'21',NULL,5,345),
	(346,543,'22',NULL,5,346),
	(347,545,'23',NULL,5,347),
	(348,546,'24',NULL,5,348),
	(349,547,'25',NULL,5,349),
	(350,548,'26',NULL,5,350),
	(351,549,'90',NULL,5,351),
	(353,557,'90',NULL,5,353),
	(354,558,'85',NULL,5,354),
	(355,559,'86',NULL,5,355),
	(356,NULL,'26',NULL,5,356),
	(358,NULL,'35',NULL,5,358),
	(359,561,'7',NULL,5,359),
	(360,NULL,'42',NULL,5,360),
	(432,569,'302',NULL,5,2),
	(433,569,'301',NULL,5,1),
	(434,569,'300',NULL,5,3),
	(435,569,'299',NULL,5,4),
	(436,569,'298',NULL,5,5),
	(437,569,'297',NULL,5,6),
	(438,569,'296',NULL,5,7),
	(439,569,'295',NULL,5,8),
	(440,569,'294',NULL,5,9),
	(441,569,'293',NULL,5,0),
	(461,570,'344',NULL,5,461),
	(462,570,'343',NULL,5,462),
	(463,570,'342',NULL,5,463),
	(464,570,'339',NULL,5,464),
	(465,570,'336',NULL,5,465),
	(466,570,'337',NULL,5,466),
	(467,570,'335',NULL,5,467),
	(468,571,'91',NULL,5,468),
	(469,572,'1',NULL,5,469),
	(470,574,'346',NULL,5,0),
	(471,574,'345',NULL,5,1),
	(472,574,'344',NULL,5,2),
	(477,575,'347',NULL,5,2),
	(478,575,'346',NULL,5,0),
	(479,575,'345',NULL,5,1),
	(480,575,'344',NULL,5,3),
	(481,578,'339',NULL,5,0),
	(482,578,'338',NULL,5,1),
	(483,579,'339',NULL,5,0),
	(484,579,'338',NULL,5,1),
	(485,580,'339',NULL,5,0),
	(486,580,'338',NULL,5,1),
	(487,452,'347',NULL,5,0),
	(488,452,'346',NULL,5,2),
	(489,452,'345',NULL,5,1),
	(492,NULL,'24',NULL,5,0),
	(493,582,'26',NULL,5,0),
	(494,581,'35',NULL,5,0),
	(495,583,'40',NULL,5,105),
	(496,584,'91',NULL,5,201),
	(497,585,'86',NULL,5,318),
	(498,586,'1',NULL,5,319),
	(499,587,'2',NULL,5,320),
	(500,588,'91',NULL,5,468),
	(501,589,'1',NULL,5,469),
	(502,590,'6',NULL,5,259),
	(503,591,'8',NULL,5,261),
	(504,592,'8',NULL,5,269),
	(505,593,'7',NULL,5,270),
	(506,594,'5',NULL,5,271),
	(507,595,'51',NULL,5,158),
	(508,596,'50',NULL,5,173),
	(509,597,'48',NULL,5,175),
	(510,598,'51',NULL,5,174),
	(511,599,'47',NULL,5,176),
	(512,600,'35',NULL,5,0),
	(513,601,'26',NULL,5,0),
	(514,602,'302',NULL,5,2),
	(515,602,'301',NULL,5,1),
	(516,602,'300',NULL,5,3),
	(517,602,'299',NULL,5,4),
	(518,602,'298',NULL,5,5),
	(519,602,'297',NULL,5,6),
	(520,602,'296',NULL,5,7),
	(521,602,'295',NULL,5,8),
	(522,602,'294',NULL,5,9),
	(523,602,'293',NULL,5,0),
	(524,603,'344',NULL,5,461),
	(525,603,'343',NULL,5,462),
	(526,603,'342',NULL,5,463),
	(527,603,'339',NULL,5,464),
	(528,603,'336',NULL,5,465),
	(529,603,'337',NULL,5,466),
	(530,603,'335',NULL,5,467),
	(531,604,'346',NULL,5,0),
	(532,604,'345',NULL,5,1),
	(533,604,'344',NULL,5,2),
	(534,605,'91',NULL,5,352),
	(535,607,'305',NULL,5,2),
	(536,607,'304',NULL,5,1),
	(537,607,'303',NULL,5,3),
	(538,607,'302',NULL,5,0),
	(539,608,'7',NULL,5,334),
	(540,609,'12',NULL,5,336),
	(541,610,'13',NULL,5,337),
	(542,611,'14',NULL,5,338),
	(543,612,'15',NULL,5,339),
	(544,613,'16',NULL,5,340),
	(545,614,'17',NULL,5,341),
	(546,615,'18',NULL,5,342),
	(547,616,'20',NULL,5,344),
	(548,617,'21',NULL,5,345),
	(549,618,'22',NULL,5,346),
	(550,619,'23',NULL,5,347),
	(551,620,'24',NULL,5,348),
	(552,621,'25',NULL,5,349),
	(553,622,'26',NULL,5,350),
	(554,623,'7',NULL,5,334),
	(555,624,'12',NULL,5,336),
	(556,625,'13',NULL,5,337),
	(557,626,'14',NULL,5,338),
	(558,627,'15',NULL,5,339),
	(559,628,'16',NULL,5,340),
	(560,629,'17',NULL,5,341),
	(561,630,'18',NULL,5,342),
	(562,631,'20',NULL,5,344),
	(563,632,'21',NULL,5,345),
	(564,633,'22',NULL,5,346),
	(565,634,'23',NULL,5,347),
	(566,635,'24',NULL,5,348),
	(567,636,'25',NULL,5,349),
	(568,637,'26',NULL,5,350),
	(569,638,'7',NULL,5,334),
	(570,639,'12',NULL,5,336),
	(571,640,'13',NULL,5,337),
	(572,641,'14',NULL,5,338),
	(573,642,'15',NULL,5,339),
	(574,643,'16',NULL,5,340),
	(575,644,'17',NULL,5,341),
	(576,645,'18',NULL,5,342),
	(577,646,'20',NULL,5,344),
	(578,647,'21',NULL,5,345),
	(579,648,'22',NULL,5,346),
	(580,649,'23',NULL,5,347),
	(581,650,'24',NULL,5,348),
	(582,651,'25',NULL,5,349),
	(583,652,'26',NULL,5,350),
	(584,653,'7',NULL,5,334),
	(585,654,'12',NULL,5,336),
	(586,655,'13',NULL,5,337),
	(587,656,'14',NULL,5,338),
	(588,657,'15',NULL,5,339),
	(589,658,'16',NULL,5,340),
	(590,659,'17',NULL,5,341),
	(591,660,'18',NULL,5,342),
	(592,661,'20',NULL,5,344),
	(593,662,'21',NULL,5,345),
	(594,663,'22',NULL,5,346),
	(595,664,'23',NULL,5,347),
	(596,665,'24',NULL,5,348),
	(597,666,'25',NULL,5,349),
	(598,667,'26',NULL,5,350),
	(599,668,'7',NULL,5,334),
	(600,669,'12',NULL,5,336),
	(601,670,'13',NULL,5,337),
	(602,671,'14',NULL,5,338),
	(603,672,'15',NULL,5,339),
	(604,673,'16',NULL,5,340),
	(605,674,'17',NULL,5,341),
	(606,675,'18',NULL,5,342),
	(607,676,'20',NULL,5,344),
	(608,677,'21',NULL,5,345),
	(609,678,'22',NULL,5,346),
	(610,679,'23',NULL,5,347),
	(611,680,'24',NULL,5,348),
	(612,681,'25',NULL,5,349),
	(613,682,'26',NULL,5,350),
	(614,683,'7',NULL,5,334),
	(615,684,'12',NULL,5,336),
	(616,685,'13',NULL,5,337),
	(617,686,'14',NULL,5,338),
	(618,687,'15',NULL,5,339),
	(619,688,'16',NULL,5,340),
	(620,689,'17',NULL,5,341),
	(621,690,'18',NULL,5,342),
	(622,691,'20',NULL,5,344),
	(623,692,'21',NULL,5,345),
	(624,693,'22',NULL,5,346),
	(625,694,'23',NULL,5,347),
	(626,695,'24',NULL,5,348),
	(627,696,'25',NULL,5,349),
	(628,697,'26',NULL,5,350),
	(629,698,'44',NULL,5,0),
	(630,699,'7',NULL,5,334),
	(631,700,'12',NULL,5,336),
	(632,701,'13',NULL,5,337),
	(633,702,'14',NULL,5,338),
	(634,703,'15',NULL,5,339),
	(635,704,'16',NULL,5,340),
	(636,705,'17',NULL,5,341),
	(637,706,'18',NULL,5,342),
	(638,707,'20',NULL,5,344),
	(639,708,'21',NULL,5,345),
	(640,709,'22',NULL,5,346),
	(641,710,'23',NULL,5,347),
	(642,711,'24',NULL,5,348),
	(643,712,'25',NULL,5,349),
	(644,713,'26',NULL,5,350),
	(645,714,'44',NULL,5,0),
	(646,715,'7',NULL,5,334),
	(647,716,'12',NULL,5,336),
	(648,717,'13',NULL,5,337),
	(649,718,'14',NULL,5,338),
	(650,719,'15',NULL,5,339),
	(651,720,'16',NULL,5,340),
	(652,721,'17',NULL,5,341),
	(653,722,'18',NULL,5,342),
	(654,723,'20',NULL,5,344),
	(655,724,'21',NULL,5,345),
	(656,725,'22',NULL,5,346),
	(657,726,'23',NULL,5,347),
	(658,727,'24',NULL,5,348),
	(659,728,'25',NULL,5,349),
	(660,729,'26',NULL,5,350),
	(661,730,'44',NULL,5,0),
	(662,731,'7',NULL,5,334),
	(663,732,'12',NULL,5,336),
	(664,733,'13',NULL,5,337),
	(665,734,'14',NULL,5,338),
	(666,735,'15',NULL,5,339),
	(667,736,'16',NULL,5,340),
	(668,737,'17',NULL,5,341),
	(669,738,'18',NULL,5,342),
	(670,739,'20',NULL,5,344),
	(671,740,'21',NULL,5,345),
	(672,741,'22',NULL,5,346),
	(673,742,'23',NULL,5,347),
	(674,743,'24',NULL,5,348),
	(675,744,'25',NULL,5,349),
	(676,745,'26',NULL,5,350),
	(677,746,'44',NULL,5,0),
	(678,747,'348',NULL,5,0),
	(679,747,'347',NULL,5,1),
	(680,747,'346',NULL,5,2),
	(681,748,'7',NULL,5,334),
	(682,749,'12',NULL,5,336),
	(683,750,'13',NULL,5,337),
	(684,751,'14',NULL,5,338),
	(685,752,'15',NULL,5,339),
	(686,753,'16',NULL,5,340),
	(687,754,'17',NULL,5,341),
	(688,755,'18',NULL,5,342),
	(689,756,'20',NULL,5,344),
	(690,757,'21',NULL,5,345),
	(691,758,'22',NULL,5,346),
	(692,759,'23',NULL,5,347),
	(693,760,'24',NULL,5,348),
	(694,761,'25',NULL,5,349),
	(695,762,'26',NULL,5,350),
	(696,763,'44',NULL,5,0),
	(707,773,'313',NULL,34,55),
	(708,773,'312',NULL,34,56),
	(709,773,'311',NULL,34,57),
	(710,773,'310',NULL,34,58),
	(711,775,'75',NULL,34,63),
	(712,776,'76',NULL,34,64),
	(713,777,'77',NULL,34,65),
	(714,778,'78',NULL,34,66),
	(715,779,'6',NULL,34,75),
	(716,780,'7',NULL,38,332),
	(717,781,'11',NULL,5,333),
	(718,782,'39',NULL,5,253),
	(719,784,'27',NULL,5,254),
	(720,786,'26',NULL,5,195),
	(721,787,'25',NULL,5,196),
	(722,788,'24',NULL,5,197),
	(723,789,'23',NULL,5,198),
	(724,790,'264',NULL,31,107),
	(726,792,'43',NULL,5,109),
	(728,794,'44',NULL,5,116),
	(730,796,'27',NULL,5,193),
	(731,797,'1',NULL,5,199),
	(733,799,'25',NULL,5,0),
	(734,800,'39',NULL,5,102),
	(735,801,'44',NULL,5,116),
	(736,802,'335',NULL,5,180),
	(737,803,'27',NULL,5,193),
	(738,804,'1',NULL,5,199),
	(740,806,'39',NULL,5,102),
	(741,807,'44',NULL,5,116),
	(742,808,'335',NULL,5,180),
	(743,809,'27',NULL,5,193),
	(744,810,'1',NULL,5,199),
	(745,811,'111',NULL,5,50),
	(746,812,'26',NULL,5,0),
	(747,815,'348',NULL,5,0),
	(748,815,'347',NULL,5,1),
	(749,816,'313',NULL,34,55),
	(750,816,'312',NULL,34,56),
	(751,816,'311',NULL,34,57),
	(752,816,'310',NULL,34,58),
	(753,818,'75',NULL,34,63),
	(754,819,'76',NULL,34,64),
	(755,820,'77',NULL,34,65),
	(756,821,'78',NULL,34,66),
	(757,822,'6',NULL,34,75),
	(758,823,'7',NULL,38,332),
	(759,824,'11',NULL,5,333),
	(760,NULL,'39',NULL,5,253),
	(761,827,'27',NULL,5,254),
	(762,829,'26',NULL,5,195),
	(763,830,'25',NULL,5,196),
	(764,831,'24',NULL,5,197),
	(765,832,'23',NULL,5,198),
	(766,833,'264',NULL,31,107),
	(767,834,'69',NULL,5,108),
	(768,835,'43',NULL,5,109),
	(769,836,'39',NULL,5,102),
	(770,837,'44',NULL,5,116),
	(771,838,'335',NULL,5,180),
	(772,839,'27',NULL,5,193),
	(773,840,'1',NULL,5,199),
	(776,843,'91',NULL,5,0),
	(777,844,'7',NULL,5,0),
	(778,845,'8',NULL,5,0),
	(779,846,'10',NULL,5,0),
	(780,847,'9',NULL,5,0),
	(781,848,'9',NULL,5,0),
	(782,849,'14',NULL,5,0),
	(783,850,'13',NULL,5,0),
	(784,851,'15',NULL,5,0),
	(785,852,'16',NULL,5,0),
	(786,853,'349',NULL,5,0),
	(787,853,'348',NULL,5,1),
	(788,853,'347',NULL,5,2),
	(789,853,'346',NULL,5,3),
	(790,853,'345',NULL,5,4),
	(791,853,'344',NULL,5,5),
	(792,853,'343',NULL,5,6),
	(793,853,'342',NULL,5,7),
	(794,853,'339',NULL,5,8),
	(795,853,'338',NULL,5,9),
	(796,854,'45',NULL,5,0),
	(797,855,'14',NULL,5,0),
	(798,NULL,'18',NULL,5,0),
	(799,856,'20',NULL,5,0),
	(800,857,'26',NULL,5,0),
	(801,858,'16',NULL,5,0),
	(802,563,'35',NULL,5,0),
	(803,NULL,'44',NULL,5,0),
	(804,562,'45',NULL,5,0),
	(805,859,'14',NULL,5,0),
	(806,860,'16',NULL,5,0),
	(809,863,'45',NULL,5,0),
	(810,864,'42',NULL,5,0),
	(811,865,'313',NULL,34,55),
	(812,865,'312',NULL,34,56),
	(813,865,'311',NULL,34,57),
	(814,865,'310',NULL,34,58),
	(815,867,'75',NULL,34,63),
	(816,868,'76',NULL,34,64),
	(817,869,'77',NULL,34,65),
	(818,870,'78',NULL,34,66),
	(819,871,'6',NULL,34,75),
	(820,872,'7',NULL,38,332),
	(821,873,'11',NULL,5,333),
	(822,874,'39',NULL,5,253),
	(823,876,'27',NULL,5,254),
	(824,878,'26',NULL,5,195),
	(825,879,'25',NULL,5,196),
	(826,880,'24',NULL,5,197),
	(827,881,'23',NULL,5,198),
	(828,882,'264',NULL,31,107),
	(829,883,'69',NULL,5,108),
	(830,884,'43',NULL,5,109),
	(831,885,'39',NULL,5,102),
	(832,886,'44',NULL,5,116),
	(833,887,'335',NULL,5,180),
	(834,888,'27',NULL,5,193),
	(835,889,'1',NULL,5,199),
	(836,891,'348',NULL,5,0),
	(837,891,'347',NULL,5,1),
	(838,825,'42',NULL,2660,0),
	(839,894,'313',NULL,34,55),
	(840,894,'312',NULL,34,56),
	(841,894,'311',NULL,34,57),
	(842,894,'310',NULL,34,58),
	(843,896,'75',NULL,34,63),
	(844,897,'76',NULL,34,64),
	(845,898,'77',NULL,34,65),
	(846,899,'78',NULL,34,66),
	(847,900,'6',NULL,34,75),
	(848,901,'7',NULL,38,332),
	(849,902,'11',NULL,5,333),
	(850,NULL,'42',NULL,5,0),
	(851,905,'27',NULL,5,254),
	(852,907,'26',NULL,5,195),
	(853,908,'25',NULL,5,196),
	(854,909,'24',NULL,5,197),
	(855,910,'23',NULL,5,198),
	(856,912,'264',NULL,31,107),
	(857,913,'69',NULL,5,108),
	(858,915,'43',NULL,5,109),
	(859,916,'39',NULL,5,102),
	(860,917,'44',NULL,5,116),
	(861,918,'335',NULL,5,180),
	(862,919,'27',NULL,5,193),
	(863,920,'1',NULL,5,199),
	(864,922,'348',NULL,5,0),
	(865,922,'347',NULL,5,1),
	(866,923,'21',NULL,2660,0),
	(867,924,'91',NULL,5,0),
	(868,925,'21',NULL,2660,0),
	(869,926,'91',NULL,5,0),
	(870,927,'21',NULL,2660,0),
	(871,928,'39',NULL,2660,0),
	(872,929,'51',NULL,5,0),
	(873,NULL,'47',NULL,5,0),
	(874,930,'44',NULL,2660,0),
	(875,931,'46',NULL,2660,0),
	(876,933,'16',NULL,5,0),
	(877,934,'10',NULL,5,0),
	(878,935,'55',NULL,5,0),
	(879,903,'45',NULL,2660,0),
	(880,937,'55',NULL,5,0),
	(881,342,'356',NULL,5,1),
	(882,938,'94',NULL,5,0),
	(883,939,'363',NULL,5,0),
	(884,940,'47',NULL,5,0),
	(885,942,'28',NULL,5,0),
	(886,943,'61',NULL,5,0),
	(887,944,'67',NULL,5,0),
	(888,945,'94',NULL,5,0),
	(889,946,'363',NULL,5,0),
	(890,947,'47',NULL,5,0),
	(891,949,'28',NULL,5,0),
	(892,950,'61',NULL,5,0),
	(893,951,'67',NULL,5,0),
	(894,952,'94',NULL,5,0),
	(895,953,'363',NULL,5,0),
	(896,954,'47',NULL,5,0),
	(897,956,'28',NULL,5,0),
	(898,957,'61',NULL,5,0),
	(899,958,'67',NULL,5,0),
	(900,959,'94',NULL,5,0),
	(901,960,'363',NULL,5,0),
	(902,961,'47',NULL,5,0),
	(903,963,'28',NULL,5,0),
	(904,964,'61',NULL,5,0),
	(905,965,'67',NULL,5,0),
	(906,966,'94',NULL,5,0),
	(907,967,'363',NULL,5,0),
	(908,968,'47',NULL,5,0),
	(909,970,'28',NULL,5,0),
	(910,971,'61',NULL,5,0),
	(911,972,'67',NULL,5,0),
	(912,973,'94',NULL,5,0),
	(913,974,'363',NULL,5,0),
	(914,975,'47',NULL,5,0),
	(915,977,'28',NULL,5,0),
	(916,978,'61',NULL,5,0),
	(917,979,'67',NULL,5,0),
	(918,980,'369',NULL,2671,0),
	(919,981,'96',NULL,2671,0),
	(920,982,'62',NULL,2671,0),
	(921,984,'68',NULL,2671,0),
	(922,985,'371',NULL,2675,0),
	(923,985,'370',NULL,2675,1),
	(924,986,'100',NULL,2675,0),
	(925,990,'90',NULL,2660,0),
	(926,991,'55',NULL,2660,0),
	(927,NULL,'375',NULL,2660,0),
	(928,NULL,'374',NULL,2660,1),
	(929,NULL,'373',NULL,2660,2),
	(930,NULL,'91',NULL,2660,0),
	(931,995,'102',NULL,5,0),
	(932,996,'377',NULL,5,0),
	(933,560,'24',NULL,5,0),
	(934,892,'46',NULL,5,0),
	(936,998,'53',NULL,5,11),
	(942,NULL,'39',NULL,5,1),
	(943,NULL,'315',NULL,5,53),
	(944,NULL,'313',NULL,5,54),
	(959,NULL,'40',NULL,5,2),
	(965,1027,'76',NULL,31,25),
	(989,NULL,'86',NULL,5,2),
	(990,NULL,'87',NULL,5,3),
	(991,NULL,'91',NULL,5,0),
	(992,1043,'53',NULL,5,11),
	(993,1044,'260',NULL,31,7),
	(994,1044,'261',NULL,31,8),
	(995,1045,'91',NULL,5,0),
	(996,1046,'315',NULL,5,53),
	(997,1046,'313',NULL,5,54),
	(998,1046,'86',NULL,5,2),
	(999,1046,'87',NULL,5,3),
	(1000,1047,'40',NULL,5,2),
	(1001,1048,'76',NULL,31,25),
	(1002,NULL,'53',NULL,5,11),
	(1003,NULL,'260',NULL,31,7),
	(1004,NULL,'261',NULL,31,8),
	(1005,NULL,'91',NULL,5,0),
	(1006,NULL,'315',NULL,5,53),
	(1007,NULL,'313',NULL,5,54),
	(1008,NULL,'86',NULL,5,2),
	(1009,NULL,'87',NULL,5,3),
	(1010,NULL,'40',NULL,5,2),
	(1011,NULL,'76',NULL,31,25),
	(1012,1049,'103',NULL,5,11),
	(1013,1050,'991',NULL,5,7),
	(1014,1050,'992',NULL,5,8),
	(1015,1051,'104',NULL,5,0),
	(1016,1052,'993',NULL,5,53),
	(1017,1052,'994',NULL,5,54),
	(1018,1052,'995',NULL,5,2),
	(1019,1052,'996',NULL,5,3),
	(1020,1053,'105',NULL,5,2),
	(1021,1054,'106',NULL,5,25),
	(1022,1055,'91',NULL,5,0),
	(1023,1056,'315',NULL,5,53),
	(1024,1056,'313',NULL,5,54),
	(1025,1056,'86',NULL,5,2),
	(1026,1056,'87',NULL,5,3),
	(1027,1057,'40',NULL,5,2),
	(1028,NULL,'107',NULL,5,0),
	(1029,1020,'108',NULL,5,2),
	(1034,1058,'375',NULL,2660,0),
	(1035,1058,'374',NULL,2660,1),
	(1036,1058,'373',NULL,2660,2),
	(1037,1059,'91',NULL,2660,0),
	(1038,993,'1001',NULL,5,0),
	(1039,993,'1002',NULL,5,1),
	(1040,993,'1003',NULL,5,2),
	(1041,994,'109',NULL,5,0),
	(1042,NULL,'71',NULL,5,20),
	(1043,NULL,'309',NULL,5,21),
	(1044,NULL,'310',NULL,5,22),
	(1045,NULL,'75',NULL,5,24),
	(1046,1060,'110',NULL,5,20),
	(1047,1061,'1004',NULL,5,21),
	(1048,1061,'1005',NULL,5,22),
	(1049,1062,'111',NULL,5,24),
	(1050,1003,'101',NULL,5,0),
	(1054,1064,'30',NULL,5,0),
	(1055,1065,'101',NULL,5,0),
	(1056,1066,'64',NULL,5,0),
	(1057,1067,'70',NULL,5,0),
	(1058,1068,'101',NULL,5,0),
	(1059,1069,'989',NULL,5,0),
	(1060,1069,'988',NULL,5,1),
	(1061,1069,'987',NULL,5,2),
	(1062,1070,'30',NULL,5,0),
	(1063,1071,'101',NULL,5,0),
	(1064,1072,'64',NULL,5,0),
	(1065,1073,'70',NULL,5,0),
	(1066,1074,'112',NULL,5,0),
	(1067,1075,'1006',NULL,5,0),
	(1068,1075,'1007',NULL,5,1),
	(1069,1075,'1008',NULL,5,2),
	(1070,1076,'33',NULL,5,0),
	(1071,1077,'113',NULL,5,0),
	(1072,1078,'65',NULL,5,0),
	(1073,1079,'71',NULL,5,0),
	(1074,1080,'988',NULL,2660,0),
	(1075,1080,'89',NULL,2660,1),
	(1076,1080,'105',NULL,2660,2),
	(1077,1081,'46',NULL,2660,0),
	(1078,1082,'25',NULL,2660,0),
	(1079,1083,'90',NULL,2660,0),
	(1080,1084,'64',NULL,2660,0),
	(1081,1085,'14',NULL,2660,0),
	(1082,1086,'1009',NULL,5,267),
	(1083,1086,'1010',NULL,5,268),
	(1084,1087,'989',NULL,5,0),
	(1085,1087,'988',NULL,5,1),
	(1086,1087,'987',NULL,5,2),
	(1087,1088,'46',NULL,5,0),
	(1088,1089,'29',NULL,5,0),
	(1089,1090,'93',NULL,5,0),
	(1090,1091,'64',NULL,5,0),
	(1091,1092,'70',NULL,5,0),
	(1092,1093,'984',NULL,5,0),
	(1093,1093,'983',NULL,5,1),
	(1094,1093,'982',NULL,5,2),
	(1095,1094,'38',NULL,5,0),
	(1096,1096,'21',NULL,5,0),
	(1097,1098,'47',NULL,5,0),
	(1098,1097,'89',NULL,5,0),
	(1099,1099,'15',NULL,5,0),
	(1100,1100,'989',NULL,5,0),
	(1101,1100,'988',NULL,5,1),
	(1102,1100,'987',NULL,5,2),
	(1103,1101,'46',NULL,5,0),
	(1104,1102,'29',NULL,5,0),
	(1105,1103,'93',NULL,5,0),
	(1106,1104,'64',NULL,5,0),
	(1107,1105,'70',NULL,5,0),
	(1108,1106,'984',NULL,5,0),
	(1109,1106,'983',NULL,5,1),
	(1110,1106,'982',NULL,5,2),
	(1111,1107,'38',NULL,5,0),
	(1112,1108,'21',NULL,5,0),
	(1113,1109,'89',NULL,5,0),
	(1114,1110,'47',NULL,5,0),
	(1115,1111,'15',NULL,5,0),
	(1116,932,'30',NULL,5,0),
	(1117,1112,'989',NULL,5,0),
	(1118,1112,'988',NULL,5,1),
	(1119,1112,'987',NULL,5,2),
	(1120,1113,'46',NULL,5,0),
	(1121,1114,'29',NULL,5,0),
	(1122,1115,'93',NULL,5,0),
	(1123,1116,'64',NULL,5,0),
	(1124,1117,'70',NULL,5,0),
	(1125,1118,'984',NULL,5,0),
	(1126,1118,'983',NULL,5,1),
	(1127,1118,'982',NULL,5,2),
	(1128,1119,'38',NULL,5,0),
	(1129,1120,'21',NULL,5,0),
	(1130,1121,'89',NULL,5,0),
	(1131,1122,'47',NULL,5,0),
	(1132,1123,'15',NULL,5,0),
	(1133,1124,'1011',NULL,5,0),
	(1134,1124,'1012',NULL,5,1),
	(1135,1124,'1013',NULL,5,2),
	(1136,1125,'48',NULL,5,0),
	(1137,1126,'36',NULL,5,0),
	(1138,1127,'114',NULL,5,0),
	(1139,1128,'66',NULL,5,0),
	(1140,1129,'72',NULL,5,0),
	(1141,1130,'1014',NULL,5,0),
	(1142,1130,'1015',NULL,5,1),
	(1143,1130,'1016',NULL,5,2),
	(1144,1131,'49',NULL,5,0),
	(1145,1132,'37',NULL,5,0),
	(1146,1133,'115',NULL,5,0),
	(1147,1134,'67',NULL,5,0),
	(1148,1135,'73',NULL,5,0),
	(1149,1136,'989',NULL,5,0),
	(1150,1136,'988',NULL,5,1),
	(1151,1136,'987',NULL,5,2),
	(1152,1137,'46',NULL,5,0),
	(1153,1138,'29',NULL,5,0),
	(1154,1139,'93',NULL,5,0),
	(1155,1140,'64',NULL,5,0),
	(1156,1141,'70',NULL,5,0),
	(1157,1142,'984',NULL,5,0),
	(1158,1142,'983',NULL,5,1),
	(1159,1142,'982',NULL,5,2),
	(1160,1143,'38',NULL,5,0),
	(1161,1144,'21',NULL,5,0),
	(1162,1145,'89',NULL,5,0),
	(1163,1146,'47',NULL,5,0),
	(1164,1147,'15',NULL,5,0),
	(1165,1148,'989',NULL,2690,0),
	(1166,1148,'988',NULL,2690,1),
	(1167,1148,'987',NULL,2690,2),
	(1168,1148,'986',NULL,2690,3),
	(1169,1148,'985',NULL,2690,4),
	(1170,1148,'984',NULL,2690,5),
	(1171,1148,'983',NULL,2690,6),
	(1172,1148,'982',NULL,2690,7),
	(1173,1148,'981',NULL,2690,8),
	(1174,1148,'980',NULL,2690,9),
	(1175,1149,'1017',NULL,5,0),
	(1176,1149,'1018',NULL,5,1),
	(1177,1149,'1019',NULL,5,2),
	(1178,1150,'50',NULL,5,0),
	(1179,1151,'39',NULL,5,0),
	(1180,1152,'116',NULL,5,0),
	(1181,1153,'68',NULL,5,0),
	(1182,1154,'74',NULL,5,0),
	(1183,1155,'1020',NULL,5,0),
	(1184,1155,'1021',NULL,5,1),
	(1185,1155,'1022',NULL,5,2),
	(1186,1156,'51',NULL,5,0),
	(1187,1157,'40',NULL,5,0),
	(1188,1158,'117',NULL,5,0),
	(1189,1159,'69',NULL,5,0),
	(1190,1160,'75',NULL,5,0),
	(1191,1161,'989',NULL,5,0),
	(1192,1161,'988',NULL,5,1),
	(1193,1161,'987',NULL,5,2),
	(1194,1162,'46',NULL,5,0),
	(1195,1163,'29',NULL,5,0),
	(1196,1164,'93',NULL,5,0),
	(1197,1165,'64',NULL,5,0),
	(1198,1166,'70',NULL,5,0),
	(1199,1167,'984',NULL,5,0),
	(1200,1167,'983',NULL,5,1),
	(1201,1167,'982',NULL,5,2),
	(1202,1168,'38',NULL,5,0),
	(1203,1169,'21',NULL,5,0),
	(1204,1170,'89',NULL,5,0),
	(1205,1171,'47',NULL,5,0),
	(1206,1172,'15',NULL,5,0),
	(1207,1173,'1023',NULL,5,0),
	(1208,1173,'1024',NULL,5,1),
	(1209,1173,'1025',NULL,5,2),
	(1210,1174,'52',NULL,5,0),
	(1211,1175,'41',NULL,5,0),
	(1212,1176,'118',NULL,5,0),
	(1213,1177,'70',NULL,5,0),
	(1214,1178,'76',NULL,5,0),
	(1215,1179,'1026',NULL,5,0),
	(1216,1179,'1027',NULL,5,1),
	(1217,1179,'1028',NULL,5,2),
	(1218,1180,'53',NULL,5,0),
	(1219,1181,'42',NULL,5,0),
	(1220,1182,'119',NULL,5,0),
	(1221,1183,'71',NULL,5,0),
	(1222,1184,'77',NULL,5,0),
	(1223,1185,'989',NULL,2660,0),
	(1224,1185,'988',NULL,2660,1),
	(1225,1185,'987',NULL,2660,2),
	(1226,1185,'986',NULL,2660,3),
	(1227,1185,'985',NULL,2660,4),
	(1228,1185,'984',NULL,2660,5),
	(1229,1185,'983',NULL,2660,6),
	(1230,1185,'982',NULL,2660,7),
	(1231,1185,'981',NULL,2660,8),
	(1232,1185,'980',NULL,2660,9),
	(1233,1185,'979',NULL,2660,10),
	(1234,1185,'978',NULL,2660,11),
	(1235,1185,'977',NULL,2660,12),
	(1236,1185,'976',NULL,2660,13),
	(1237,1185,'975',NULL,2660,14),
	(1238,1185,'974',NULL,2660,15),
	(1239,1185,'973',NULL,2660,16),
	(1240,1185,'972',NULL,2660,17),
	(1241,1185,'971',NULL,2660,18),
	(1242,1185,'970',NULL,2660,19),
	(1243,1185,'969',NULL,2660,20),
	(1244,1185,'968',NULL,2660,21),
	(1245,1185,'967',NULL,2660,22),
	(1246,1185,'966',NULL,2660,23),
	(1247,1185,'965',NULL,2660,24),
	(1248,1185,'964',NULL,2660,25),
	(1249,1185,'963',NULL,2660,26),
	(1250,1185,'962',NULL,2660,27),
	(1251,1185,'961',NULL,2660,28),
	(1252,1185,'960',NULL,2660,29),
	(1253,1186,'989',NULL,5,0),
	(1254,1186,'988',NULL,5,1),
	(1255,1186,'987',NULL,5,2),
	(1256,1187,'39',NULL,5,0),
	(1257,1188,'27',NULL,5,0),
	(1258,1189,'101',NULL,5,0),
	(1259,1190,'48',NULL,5,0),
	(1260,1191,'66',NULL,5,0),
	(1261,1192,'1029',NULL,5,0),
	(1262,1192,'1030',NULL,5,1),
	(1263,1192,'1031',NULL,5,2),
	(1264,1193,'54',NULL,5,0),
	(1265,1194,'43',NULL,5,0),
	(1266,1195,'120',NULL,5,0),
	(1267,1196,'72',NULL,5,0),
	(1268,1197,'78',NULL,5,0),
	(1269,1198,'34',NULL,5,0),
	(1270,1199,'20',NULL,5,0),
	(1271,1200,'55',NULL,5,0),
	(1272,1201,'44',NULL,5,0),
	(1273,1202,'42',NULL,2660,0),
	(1274,1203,'989',NULL,2660,0),
	(1275,1203,'988',NULL,2660,1),
	(1276,1203,'987',NULL,2660,2),
	(1277,1203,'986',NULL,2660,3),
	(1278,1203,'985',NULL,2660,4),
	(1279,1203,'984',NULL,2660,5),
	(1280,1203,'983',NULL,2660,6),
	(1281,1203,'982',NULL,2660,7),
	(1282,1203,'981',NULL,2660,8),
	(1283,1203,'980',NULL,2660,9),
	(1284,1203,'979',NULL,2660,10),
	(1285,1203,'978',NULL,2660,11),
	(1286,1203,'977',NULL,2660,12),
	(1287,1203,'976',NULL,2660,13),
	(1288,1203,'975',NULL,2660,14),
	(1289,1203,'974',NULL,2660,15),
	(1290,1203,'973',NULL,2660,16),
	(1291,1203,'972',NULL,2660,17),
	(1292,1203,'971',NULL,2660,18),
	(1293,1203,'970',NULL,2660,19),
	(1294,1203,'969',NULL,2660,20),
	(1295,1203,'968',NULL,2660,21),
	(1296,1203,'967',NULL,2660,22),
	(1297,1203,'966',NULL,2660,23),
	(1298,1203,'965',NULL,2660,24),
	(1299,1203,'964',NULL,2660,25),
	(1300,1203,'963',NULL,2660,26),
	(1301,1203,'962',NULL,2660,27),
	(1302,1203,'961',NULL,2660,28),
	(1303,1203,'960',NULL,2660,29),
	(1304,1203,'959',NULL,2660,30),
	(1305,1203,'958',NULL,2660,31),
	(1306,1203,'957',NULL,2660,32),
	(1307,1203,'956',NULL,2660,33),
	(1308,1203,'955',NULL,2660,34),
	(1309,1203,'954',NULL,2660,35),
	(1310,1203,'953',NULL,2660,36),
	(1311,1203,'952',NULL,2660,37),
	(1312,1203,'951',NULL,2660,38),
	(1313,1203,'950',NULL,2660,39),
	(1319,NULL,'90',NULL,2660,0),
	(1320,1209,'68',NULL,2660,0),
	(1321,1210,'989',NULL,5,0),
	(1322,1210,'988',NULL,5,1),
	(1323,1210,'987',NULL,5,2),
	(1324,1211,'46',NULL,5,0),
	(1325,1212,'29',NULL,5,0),
	(1326,1213,'93',NULL,5,0),
	(1327,1214,'64',NULL,5,0),
	(1328,1215,'70',NULL,5,0),
	(1329,1216,'1037',NULL,2660,0),
	(1330,1217,'1038',NULL,2660,0),
	(1331,1218,'1039',NULL,2660,0),
	(1332,1219,'1040',NULL,2660,0),
	(1333,1220,'1041',NULL,2660,0),
	(1361,1249,'128',NULL,5,351),
	(1362,1250,'1042',NULL,2671,0),
	(1363,1251,'129',NULL,2671,0),
	(1364,1252,'73',NULL,2671,0),
	(1365,1253,'79',NULL,2671,0),
	(1366,1255,'130',NULL,5,0),
	(1367,1256,'1043',NULL,5,53),
	(1368,1256,'1044',NULL,5,54),
	(1369,1256,'1045',NULL,5,2),
	(1370,1256,'1046',NULL,5,3),
	(1371,1257,'131',NULL,5,2),
	(1372,1258,'1047',NULL,2671,0),
	(1373,1259,'132',NULL,2671,0),
	(1374,1260,'74',NULL,2671,0),
	(1375,1261,'80',NULL,2671,0),
	(1376,1263,'133',NULL,5,0),
	(1377,1264,'1048',NULL,5,53),
	(1378,1264,'1049',NULL,5,54),
	(1379,1264,'1050',NULL,5,2),
	(1380,1264,'1051',NULL,5,3),
	(1381,1265,'134',NULL,5,2),
	(1382,1266,'1036',NULL,5,0),
	(1383,1267,'25',NULL,2660,0),
	(1384,1268,'1036',NULL,2660,0),
	(1385,1269,'1036',NULL,5,0),
	(1386,1269,'1035',NULL,5,1),
	(1387,1269,'1034',NULL,5,2),
	(1388,1269,'1033',NULL,5,3),
	(1389,1269,'1032',NULL,5,4),
	(1390,1269,'989',NULL,5,5),
	(1391,1269,'988',NULL,5,6),
	(1392,1269,'987',NULL,5,7),
	(1393,1269,'986',NULL,5,8),
	(1394,1269,'985',NULL,5,9),
	(1395,1270,'1036',NULL,5,0),
	(1396,1270,'989',NULL,5,1),
	(1397,1270,'986',NULL,5,2),
	(1398,1270,'375',NULL,5,3),
	(1399,1270,'352',NULL,5,4),
	(1400,1270,'351',NULL,5,5),
	(1401,1270,'354',NULL,5,6),
	(1403,1272,'75',NULL,5,0),
	(1404,NULL,'51',NULL,5,0),
	(1405,1274,'1068',NULL,5,0),
	(1406,1274,'1067',NULL,5,1),
	(1407,1274,'1066',NULL,5,2),
	(1408,1274,'1065',NULL,5,3),
	(1409,1274,'1064',NULL,5,4),
	(1410,1273,'55',NULL,5,0),
	(1411,1275,'90',NULL,5,0),
	(1412,1276,'77',NULL,5,0),
	(1413,1277,'76',NULL,5,0),
	(1414,1278,'1065',NULL,5,0),
	(1415,1278,'1064',NULL,5,1),
	(1416,1280,'1032',NULL,2660,0),
	(1417,1281,'1033',NULL,2660,0),
	(1418,1282,'1034',NULL,2660,0),
	(1419,1283,'1035',NULL,2660,0),
	(1420,1284,'1036',NULL,2660,0),
	(1421,NULL,'70',NULL,2660,0),
	(1422,1285,'20',NULL,2660,0),
	(1423,1286,'83',NULL,5,0),
	(1424,1287,'86',NULL,5,0),
	(1425,1288,'87',NULL,5,0),
	(1426,1289,'86',NULL,5,0),
	(1427,1290,'88',NULL,5,0),
	(1428,1291,'89',NULL,5,0),
	(1429,1292,'90',NULL,5,0),
	(1430,1293,'1072',NULL,2660,0),
	(1431,1293,'1071',NULL,2660,1),
	(1432,1293,'1070',NULL,2660,2),
	(1433,1294,'1068',NULL,2660,0),
	(1434,1294,'1067',NULL,2660,1),
	(1435,1294,'1066',NULL,2660,2),
	(1436,1295,'1072',NULL,2660,0),
	(1437,1295,'1071',NULL,2660,1),
	(1438,1295,'1070',NULL,2660,2),
	(1439,1296,'1070',NULL,5,0),
	(1440,1296,'1068',NULL,5,1),
	(1441,1296,'1071',NULL,5,2),
	(1442,1296,'1067',NULL,5,3),
	(1443,1296,'375',NULL,5,4),
	(1444,1297,'86',NULL,5,0),
	(1445,1298,'1070',NULL,2660,0),
	(1446,1298,'1068',NULL,2660,1),
	(1447,1298,'1071',NULL,2660,2),
	(1448,1298,'1067',NULL,2660,3),
	(1449,1298,'375',NULL,2660,4),
	(1450,1299,'83',NULL,2660,0),
	(1451,1300,'86',NULL,5,0),
	(1452,1301,'46',NULL,2660,0),
	(1453,1302,'38',NULL,2660,0),
	(1454,1303,'1072',NULL,5,0),
	(1455,1303,'1071',NULL,5,1),
	(1456,1303,'1070',NULL,5,2),
	(1457,1303,'1068',NULL,5,3),
	(1458,1303,'1067',NULL,5,4),
	(1459,1304,'1072',NULL,5,0),
	(1460,1304,'1071',NULL,5,1),
	(1461,1305,'1068',NULL,5,0),
	(1462,1305,'1067',NULL,5,1),
	(1464,1307,'88',NULL,5,0),
	(1465,1308,'1073',NULL,5,0),
	(1466,1309,'1074',NULL,5,0),
	(1467,1309,'1075',NULL,5,1),
	(1468,1309,'1076',NULL,5,2),
	(1469,1310,'67',NULL,5,0),
	(1470,1311,'47',NULL,5,0),
	(1471,1312,'140',NULL,5,0),
	(1472,1313,'80',NULL,5,0),
	(1473,1314,'91',NULL,5,0),
	(1474,1315,'1077',NULL,5,0),
	(1475,1316,'4',NULL,5,0),
	(1476,1316,'3',NULL,5,1),
	(1477,1316,'2',NULL,5,2),
	(1478,1316,'1',NULL,5,3),
	(1479,1317,'1113',NULL,5,0),
	(1480,1317,'1112',NULL,5,1),
	(1488,NULL,'77',NULL,2660,0),
	(1515,1351,'81',NULL,2660,0),
	(1516,1352,'82',NULL,2660,0),
	(1517,1353,'83',NULL,2660,0),
	(1518,1354,'84',NULL,2660,0),
	(1530,1366,'15',NULL,5,0),
	(1531,1366,'14',NULL,5,1),
	(1532,1366,'13',NULL,5,2),
	(1533,1367,'1150',NULL,5,0),
	(1534,1368,'16',NULL,5,0),
	(1535,1368,'17',NULL,5,1),
	(1536,1368,'18',NULL,5,2),
	(1571,NULL,'64',NULL,2660,0),
	(1572,NULL,'54',NULL,2660,0),
	(1608,NULL,'53',NULL,2660,0),
	(1612,NULL,'76',NULL,2660,0),
	(1618,NULL,'64',NULL,2660,0),
	(1639,NULL,'50',NULL,2660,0),
	(1641,1467,'77',NULL,2660,0),
	(1642,1468,'76',NULL,2660,0),
	(1648,NULL,'54',NULL,2660,0),
	(1649,NULL,'76',NULL,2660,0),
	(1656,1480,'75',NULL,2660,0),
	(1657,1481,'77',NULL,2660,0),
	(1658,1482,'76',NULL,2660,0),
	(1659,1483,'75',NULL,2660,0),
	(1660,1484,'1148',NULL,5,0),
	(1661,1484,'1149',NULL,5,1),
	(1662,1485,'1151',NULL,5,0),
	(1663,1486,'19',NULL,5,0),
	(1664,1486,'20',NULL,5,1),
	(1665,1486,'21',NULL,5,2),
	(1666,1487,'77',NULL,2660,0),
	(1667,1488,'76',NULL,2660,0),
	(1668,1489,'75',NULL,2660,0),
	(1669,1490,'77',NULL,2660,0),
	(1670,1491,'76',NULL,2660,0),
	(1671,1492,'75',NULL,2660,0),
	(1673,1494,'76',NULL,2660,0),
	(1674,1495,'75',NULL,2660,0),
	(1675,1496,'989',NULL,5,0),
	(1676,1496,'988',NULL,5,1),
	(1677,1496,'987',NULL,5,2),
	(1678,1497,'39',NULL,5,0),
	(1679,1498,'27',NULL,5,0),
	(1680,NULL,'101',NULL,5,0),
	(1681,1500,'48',NULL,5,0),
	(1682,1501,'66',NULL,5,0),
	(1683,1502,'1068',NULL,5,0),
	(1684,1502,'1067',NULL,5,1),
	(1685,1503,'88',NULL,5,0),
	(1686,1504,'34',NULL,5,0),
	(1687,1505,'20',NULL,5,0),
	(1688,1499,'92',NULL,5,0),
	(1689,1506,'141',NULL,5,0),
	(1690,566,'77',NULL,5,0),
	(1691,1510,'15',NULL,5,0),
	(1692,1510,'14',NULL,5,1),
	(1693,1510,'13',NULL,5,2),
	(1694,1510,'12',NULL,5,3);

/*!40000 ALTER TABLE `assignmentQuiz` ENABLE KEYS */;
UNLOCK TABLES;


# Dump of table assignmentQuizMark
# ------------------------------------------------------------

DROP TABLE IF EXISTS `assignmentQuizMark`;

CREATE TABLE `assignmentQuizMark` (
  `id` int(11) NOT NULL AUTO_INCREMENT,
  `createTime` timestamp NULL DEFAULT CURRENT_TIMESTAMP,
  `operatorId` int(11) DEFAULT NULL,
  `studentId` int(11) DEFAULT NULL,
  `assignmentId` int(11) DEFAULT NULL,
  `quizId` int(11) DEFAULT NULL,
  `ranking` varchar(225) DEFAULT NULL,
  `evaluate` varchar(10000) DEFAULT NULL,
  PRIMARY KEY (`id`)
) ENGINE=InnoDB DEFAULT CHARSET=utf8;

LOCK TABLES `assignmentQuizMark` WRITE;
/*!40000 ALTER TABLE `assignmentQuizMark` DISABLE KEYS */;

INSERT INTO `assignmentQuizMark` (`id`, `createTime`, `operatorId`, `studentId`, `assignmentId`, `quizId`, `ranking`, `evaluate`)
VALUES
	(1,NULL,5,5,229,39,'Good','### 这个学生是一个三好学生qwe'),
	(2,NULL,5,31,229,39,'Marginal','### By df(@222)\nhhh'),
	(3,'2018-11-23 03:06:55',5,33,229,39,'Marginal','WERQWER'),
	(4,'2018-11-23 03:07:12',5,2471,229,39,'Good','QWERQWER'),
	(5,'2018-11-23 03:08:05',5,5,325,NULL,'Outstanding','### 测试用户'),
	(6,'2018-11-23 03:09:13',5,5,563,42,'Outstanding','### 测试'),
	(7,'2018-11-23 03:09:31',5,31,563,42,'Good','#### 优秀学员\n'),
	(8,'2018-11-23 03:10:44',5,5,560,26,'Outstanding','### 单栈编程题目'),
	(9,'2018-11-23 03:11:19',5,31,560,26,'Competent','### 测试单栈'),
	(10,'2018-11-23 03:11:56',5,2472,560,26,'Outstanding','#### 胜任'),
	(11,'2018-11-23 03:14:39',5,5,855,14,'Developing','### 简单编程题目'),
	(12,'2018-11-23 03:14:49',5,31,855,14,'Good','### 简单编程，有答案有测试'),
	(13,'2018-11-23 03:15:28',5,32,855,14,'Competent','```\nsa@# \n```'),
	(14,'2018-11-26 03:04:28',5,32,229,39,'Developing','pingjai'),
	(15,'2018-11-26 03:06:08',5,32,325,NULL,'NoScore','fsfdasdfa'),
	(16,'2018-11-26 03:07:00',5,32,560,26,'NoScore','fasdfasdfa'),
	(17,'2018-11-26 03:37:34',5,2472,229,39,'NoScore',''),
	(18,'2018-11-26 08:57:50',5,5,557,90,'NoScore','发斯蒂芬啊'),
	(19,'2018-11-27 07:04:17',2661,2660,452,NULL,'Marginal','萨达'),
	(20,'2019-01-11 03:15:39',5,2658,229,39,'Marginal','555'),
	(21,'2019-01-11 03:15:50',5,2646,229,39,'NoScore','admin admin'),
	(22,'2019-01-11 07:16:10',5,2660,325,NULL,'NoScore','asdfas'),
	(23,'2019-01-11 07:30:24',5,2646,931,46,'NoScore','阿萨德发送到发送'),
	(24,'2019-01-11 07:30:32',5,2658,931,46,'NoScore','5555552222'),
	(25,'2019-01-11 07:30:53',5,2660,931,46,'Good','test ggg'),
	(26,'2019-01-11 07:31:42',5,5,858,16,'NoScore','423423fasdf '),
	(27,'2019-01-11 07:31:48',5,21,858,16,'NoScore','654645 fasdfasfasdf'),
	(28,'2019-01-11 07:31:58',5,2646,858,16,'Outstanding','admin admin admin'),
	(29,'2019-01-11 07:34:09',5,21,489,7,'NoScore','23452345'),
	(30,'2019-01-11 07:34:17',5,27,489,7,'NoScore','33333'),
	(31,'2019-01-11 07:34:24',5,2660,489,7,'Good','test'),
	(32,'2019-01-11 07:35:15',5,21,561,7,'NoScore','asdfasfdas'),
	(33,'2019-01-11 07:35:22',5,2660,561,7,'Good','test'),
	(34,'2019-01-11 07:35:35',5,27,561,7,'NoScore','xiaoming'),
	(35,'2019-01-16 01:21:58',5,2660,229,39,'NoScore','fasdf '),
	(36,'2019-02-22 10:54:11',2671,2671,981,96,'Marginal','fasd');

/*!40000 ALTER TABLE `assignmentQuizMark` ENABLE KEYS */;
UNLOCK TABLES;


# Dump of table assignmentQuizTag
# ------------------------------------------------------------

DROP TABLE IF EXISTS `assignmentQuizTag`;

CREATE TABLE `assignmentQuizTag` (
  `id` int(11) NOT NULL AUTO_INCREMENT,
  `name` varchar(225) DEFAULT NULL,
  `createTime` timestamp NULL DEFAULT CURRENT_TIMESTAMP,
  `creatorId` int(11) DEFAULT NULL,
  `programId` int(11) DEFAULT NULL,
  `color` varchar(225) DEFAULT NULL,
  PRIMARY KEY (`id`)
) ENGINE=InnoDB DEFAULT CHARSET=utf8;

LOCK TABLES `assignmentQuizTag` WRITE;
/*!40000 ALTER TABLE `assignmentQuizTag` DISABLE KEYS */;

INSERT INTO `assignmentQuizTag` (`id`, `name`, `createTime`, `creatorId`, `programId`, `color`)
VALUES
	(2,'推荐助教',NULL,5,1,'#355263'),
	(3,'未完成任务卡',NULL,5,1,'#EB5A46'),
	(4,'优秀学员',NULL,5,1,'#61BD4F'),
	(5,'三好学员',NULL,5,59,'#0079BF'),
	(7,'第一个tag',NULL,5,60,'#0079BF'),
	(8,'再来一发',NULL,5,60,'#FF78CB'),
	(9,'出啊年',NULL,5,60,'default'),
	(10,'测试',NULL,5,60,'#00C2E0'),
	(11,'十大',NULL,5,60,'#FF78CB'),
	(12,'优秀学生','2018-11-26 01:11:28',5,1,'#0079BF'),
	(13,'优秀作业','2019-02-22 10:20:06',2671,109,'#C377E0'),
	(14,'test','2019-03-07 01:21:33',5,1,'#F2D600'),
	(15,'优秀作业','2019-03-13 02:10:08',2690,116,'#61BD4F'),
	(16,'待修改作业','2019-03-13 02:10:24',2690,116,'#FF78CB'),
	(17,'优秀','2019-11-04 02:22:36',5,58,'#61BD4F');

/*!40000 ALTER TABLE `assignmentQuizTag` ENABLE KEYS */;
UNLOCK TABLES;


# Dump of table concealComment
# ------------------------------------------------------------

DROP TABLE IF EXISTS `concealComment`;

CREATE TABLE `concealComment` (
  `id` int(11) NOT NULL AUTO_INCREMENT,
  `tutorId` int(11) DEFAULT NULL,
  `studentId` int(11) DEFAULT NULL,
  `programId` int(11) DEFAULT NULL,
  `content` varchar(10000) DEFAULT NULL,
  `createTime` timestamp NULL DEFAULT CURRENT_TIMESTAMP,
  PRIMARY KEY (`id`)
) ENGINE=InnoDB DEFAULT CHARSET=utf8;

LOCK TABLES `concealComment` WRITE;
/*!40000 ALTER TABLE `concealComment` DISABLE KEYS */;

INSERT INTO `concealComment` (`id`, `tutorId`, `studentId`, `programId`, `content`, `createTime`)
VALUES
	(1,5,5,1,'- 2018-09-10\n### 该学生的作业完成的很优秀\n- 2018-09-11\n### 该学生的作业完成的一般\n- 2018-09-12\n### 该学生的作业完成的良好\n- 2018-09-13\n### 该学生的作业完成的优秀','2018-11-07 09:01:35');

/*!40000 ALTER TABLE `concealComment` ENABLE KEYS */;
UNLOCK TABLES;


# Dump of table excellentQuizComment
# ------------------------------------------------------------

DROP TABLE IF EXISTS `excellentQuizComment`;

CREATE TABLE `excellentQuizComment` (
  `id` int(11) NOT NULL AUTO_INCREMENT,
  `sectionId` int(11) DEFAULT NULL,
  `studentId` int(11) DEFAULT NULL,
  `commenterId` int(11) DEFAULT NULL,
  `content` varchar(10000) DEFAULT NULL,
  `createTime` timestamp NULL DEFAULT CURRENT_TIMESTAMP,
  `assignmentId` int(11) DEFAULT NULL,
  `quizId` int(11) DEFAULT NULL,
  PRIMARY KEY (`id`)
) ENGINE=InnoDB DEFAULT CHARSET=utf8;

LOCK TABLES `excellentQuizComment` WRITE;
/*!40000 ALTER TABLE `excellentQuizComment` DISABLE KEYS */;

INSERT INTO `excellentQuizComment` (`id`, `sectionId`, `studentId`, `commenterId`, `content`, `createTime`, `assignmentId`, `quizId`)
VALUES
	(1,240,32,32,'pinjia','2018-01-09 10:39:35',NULL,NULL),
	(2,229,32,32,'评价！！！','2018-01-22 01:14:28',NULL,NULL),
	(3,240,32,32,'会！！！','2018-01-22 01:18:46',NULL,NULL),
	(4,NULL,1,5,'阿斯顿撒的','2018-10-10 02:34:23',346,40),
	(5,NULL,1,5,'123','2018-10-10 02:48:23',NULL,40),
	(6,NULL,1,5,'请问','2018-10-10 02:48:55',NULL,40),
	(7,NULL,1,5,'阿斯顿','2018-10-10 02:49:47',346,40),
	(8,NULL,1,5,'阿斯顿','2018-10-10 02:50:44',NULL,40),
	(9,NULL,31,5,'123','2018-10-19 11:23:28',NULL,40),
	(10,NULL,31,5,'123','2018-10-19 11:23:44',NULL,40),
	(11,NULL,31,5,'213','2018-10-19 11:25:33',230,40),
	(12,NULL,31,5,'213','2018-10-19 11:25:45',230,40),
	(13,NULL,31,5,'123','2018-10-19 11:27:43',NULL,40),
	(14,NULL,31,5,'很优秀','2019-03-18 07:23:34',NULL,39),
	(15,NULL,31,5,'www','2019-03-18 07:24:09',NULL,39),
	(16,NULL,31,5,'www','2019-03-18 07:24:22',NULL,39),
	(17,NULL,32,5,'111','2019-03-18 07:25:06',NULL,39);

/*!40000 ALTER TABLE `excellentQuizComment` ENABLE KEYS */;
UNLOCK TABLES;


# Dump of table follow
# ------------------------------------------------------------

DROP TABLE IF EXISTS `follow`;

CREATE TABLE `follow` (
  `id` int(11) NOT NULL AUTO_INCREMENT,
  `tutorId` int(11) DEFAULT NULL,
  `programId` int(11) DEFAULT NULL,
  `studentId` int(11) DEFAULT NULL,
  PRIMARY KEY (`id`)
) ENGINE=InnoDB DEFAULT CHARSET=utf8;

LOCK TABLES `follow` WRITE;
/*!40000 ALTER TABLE `follow` DISABLE KEYS */;

INSERT INTO `follow` (`id`, `tutorId`, `programId`, `studentId`)
VALUES
	(4,5,4,31),
	(5,5,4,5),
	(7,5,4,32),
	(11,34,58,35),
	(12,5,59,32),
	(13,5,58,5),
	(15,5,59,1),
	(22,5,60,5),
	(66,1,6,5),
	(68,4,4,4),
	(69,4,4,21),
	(70,4,4,31),
	(71,4,4,32),
	(72,4,4,33),
	(73,4,4,5),
	(83,21,1,21),
	(89,38,59,5),
	(91,5,58,4),
	(92,5,58,34),
	(98,1,1,5),
	(99,1,1,21),
	(100,1,1,31),
	(101,1,1,32),
	(102,1,1,33),
	(103,1,1,2471),
	(104,1,1,2472),
	(111,5,59,38),
	(115,5,59,5),
	(250,5,116,27),
	(251,5,116,32),
	(252,5,116,34),
	(253,5,1,1),
	(254,5,1,2),
	(255,5,1,3),
	(256,5,1,4),
	(257,5,1,11),
	(258,5,1,21),
	(259,5,1,26),
	(260,5,1,29),
	(261,5,1,30),
	(262,5,1,31),
	(263,5,1,33),
	(264,5,1,35),
	(265,5,1,38),
	(266,5,1,2972),
	(267,5,1,2973),
	(268,5,1,2974),
	(269,5,1,2975),
	(270,5,1,2976),
	(271,5,1,2977),
	(272,5,1,2978),
	(273,5,1,2979),
	(274,5,1,2980),
	(275,5,1,2981),
	(276,5,1,2982),
	(277,5,1,2983),
	(278,5,1,2984),
	(279,5,1,2985),
	(280,5,1,2986),
	(281,5,1,2987),
	(282,5,1,2988),
	(283,5,1,2989),
	(284,5,1,2990),
	(285,5,1,2991),
	(286,5,1,2992),
	(287,5,1,2993),
	(288,5,1,2994),
	(289,5,1,2995),
	(331,34,58,21),
	(332,34,58,5),
	(374,34,1,1),
	(375,34,1,2),
	(376,34,1,3),
	(377,34,1,4),
	(378,34,1,5),
	(379,34,1,11),
	(380,34,1,21),
	(381,34,1,26),
	(382,34,1,27),
	(383,34,1,29),
	(384,34,1,30),
	(385,34,1,31),
	(386,34,1,32),
	(387,34,1,33),
	(388,34,1,34),
	(389,34,1,35),
	(390,34,1,38),
	(391,34,1,2660),
	(392,34,1,2972),
	(393,34,1,2973),
	(394,34,1,2974),
	(395,34,1,2975),
	(396,34,1,2976),
	(397,34,1,2977),
	(398,34,1,2978),
	(399,34,1,2979),
	(400,34,1,2980),
	(401,34,1,2981),
	(402,34,1,2982),
	(403,34,1,2983),
	(404,34,1,2984),
	(405,34,1,2985),
	(406,34,1,2986),
	(407,34,1,2987),
	(408,34,1,2988),
	(409,34,1,2989),
	(410,34,1,2990),
	(411,34,1,2991),
	(412,34,1,2992),
	(413,34,1,2993),
	(414,34,1,2994);

/*!40000 ALTER TABLE `follow` ENABLE KEYS */;
UNLOCK TABLES;


# Dump of table groups
# ------------------------------------------------------------

DROP TABLE IF EXISTS `groups`;

CREATE TABLE `groups` (
  `id` int(11) NOT NULL AUTO_INCREMENT,
  `name` varchar(225) DEFAULT NULL,
  `createTime` timestamp NULL DEFAULT CURRENT_TIMESTAMP,
  `creatorId` int(11) DEFAULT NULL,
  PRIMARY KEY (`id`)
) ENGINE=InnoDB DEFAULT CHARSET=utf8;

LOCK TABLES `groups` WRITE;
/*!40000 ALTER TABLE `groups` DISABLE KEYS */;

INSERT INTO `groups` (`id`, `name`, `createTime`, `creatorId`)
VALUES
	(1,'zan','2018-11-21 04:53:24',5),
	(2,'我的题阿妹','2018-11-21 04:53:24',5);

/*!40000 ALTER TABLE `groups` ENABLE KEYS */;
UNLOCK TABLES;


# Dump of table myWorkspace
# ------------------------------------------------------------

DROP TABLE IF EXISTS `myWorkspace`;

CREATE TABLE `myWorkspace` (
  `id` int(11) NOT NULL AUTO_INCREMENT,
  `createTime` timestamp NULL DEFAULT CURRENT_TIMESTAMP,
  `userId` int(11) DEFAULT NULL,
  `programId` int(11) DEFAULT NULL,
  PRIMARY KEY (`id`)
) ENGINE=InnoDB DEFAULT CHARSET=utf8;

LOCK TABLES `myWorkspace` WRITE;
/*!40000 ALTER TABLE `myWorkspace` DISABLE KEYS */;

INSERT INTO `myWorkspace` (`id`, `createTime`, `userId`, `programId`)
VALUES
	(1,'2018-08-27 05:07:18',5,61),
	(2,'2018-08-27 07:08:15',5,62),
	(3,'2018-08-27 07:44:50',5,60),
	(4,'2018-08-28 07:03:49',5,74),
	(6,'2018-11-28 10:10:09',5,95),
	(8,'2018-12-12 01:17:53',2660,93),
	(9,'2018-12-12 01:17:56',2660,92),
	(10,'2019-02-15 08:01:37',5,3),
	(11,'2019-02-21 03:25:33',5,103),
	(12,'2019-02-22 16:29:36',2675,110),
	(13,'2019-03-05 01:37:45',2660,112),
	(14,'2019-03-06 01:12:35',5,113),
	(15,'2019-03-13 01:44:15',5,115);

/*!40000 ALTER TABLE `myWorkspace` ENABLE KEYS */;
UNLOCK TABLES;


# Dump of table program
# ------------------------------------------------------------

DROP TABLE IF EXISTS `program`;

CREATE TABLE `program` (
  `id` int(11) NOT NULL AUTO_INCREMENT,
  `title` varchar(5000) DEFAULT NULL,
  `createTime` timestamp NULL DEFAULT CURRENT_TIMESTAMP,
  `startTime` timestamp NULL DEFAULT NULL,
  `endTime` timestamp NULL DEFAULT NULL,
  `creatorId` int(11) DEFAULT NULL,
  `introduction` text,
  `category` varchar(100) DEFAULT NULL,
  `studentLink` tinyint(1) DEFAULT '0',
  `tutorLink` tinyint(1) DEFAULT '0',
  `organizationId` int(11) DEFAULT '1',
  `isShowIntegration` int(11) DEFAULT '1',
  `available` int(1) DEFAULT '1',
  `isReadOnly` int(1) DEFAULT '0',
  `isExpired` int(1) DEFAULT '0',
  PRIMARY KEY (`id`)
) ENGINE=InnoDB DEFAULT CHARSET=utf8;

LOCK TABLES `program` WRITE;
/*!40000 ALTER TABLE `program` DISABLE KEYS */;

INSERT INTO `program` (`id`, `title`, `createTime`, `startTime`, `endTime`, `creatorId`, `introduction`, `category`, `studentLink`, `tutorLink`, `organizationId`, `isShowIntegration`, `available`, `isReadOnly`, `isExpired`)
VALUES
	(1,'JavaScript pre courses','2018-03-08 01:47:57','2017-12-22 00:00:00','2018-01-15 00:00:00',9,'\n#### 资源与工具\n\n- [如何使用 GitHub](https://www.zhihu.com/question/20070065)\n- [GitHub pages 搭建](https://pages.github.com/)\n- 廖雪峰的 Git 在线教程：<http://www.liaoxuefeng.com/wiki/0013739516305929606dd18361248578c67b8067c8c017b000>\n- Git 的基础内容的学习： <https://try.github.io/>\n\n\n\n#### 本节练习\n- 先注册一个GitHub账号，在GitHub中新建一个库，尝试`git clone`到本地进行修改，并`git push`上传到Github。\n- 编写一个静态页面，上传到自己的 GitHub Pages 中并回复链接地址。    \n\n','付费',1,1,1,1,1,0,0),
	(3,' dasfdasfa','2018-03-08 01:47:57','2018-03-07 00:00:00','2018-01-05 00:00:00',9,'# 学习目标\n\n1. 了解ES6是什么\n2. 掌握学习内容中的ES6的新特性\n3. 根据推荐资料中的内容自学ES的其它特性（数组的拓展，Module）\n\n# 学习内容\n\n## 一、ECMAScript 6 简介\n\nECMAScript(ES6) 是JavaScript语言的下一代标准，已经在2015年6月正式发布了；在 JavaScript 的基础上做了重大的更新，提供了更优雅的语法和特性。\n\n#### ECMAScript 和 JavaScript 的关系\n\nECMAScript 和 JavaScript 的关系是，前者是后者的规格，后者是前者的一种实现（另外的ECMAScript 方言还有 Jscript 和 ActionScript ）。日常场合，这两个词是可以互换的。那为什么不叫 JavaScript 为换名字了呢？原因如下：\n\n1. 商标，1996年11月，JavaScript的创造者Netscape公司，决定将JavaScript提交给国际标准化组织ECMA，希望这种语言能够成为国际标准。根据授权协议，只有Netscape公司(Javascript 的创造者)可以合法地使用JavaScript这个名字，且 JavaScript 本身也已经被 Netscape 公司注册为商标\n2. 想体现这门语言的制定者是 ECMA，不是 Netscape，这样有利于保证这门语言的开放性和中立性。\n\n## 二、ES6 新特性\n###  1. let 和 const\n\nES6提供了两种新的声明变量的方式：let 和 const。\n#### 1）作用域\n\n let 和 const 相比于 var 声明的变量有块作用域，let 和 const 只在于当前的块作用域中有效。而 var 声明的变量是在函数作用域内有效。\n```\n{\n  let a = 1;  // a 只能在当前块中被访问\n  var b = 1;\n}\na // ReferenceError: a is not defined.\nb // 1\n```\nconst 和 let 的区别则在于， const 声明变量的同时必须立即给一个初始值，且无法在对该值进行修改。如果该初始值是一个对象，那么该对象的值是可以被修改的。\n\n#### 2）变量提升\n\n 变量如果在var 前使用，就会出现「变量提升」现象，值为undefined。let 声明的变量一定要在声明后使用，否则报错。\n```\n// var 的情况\nconsole.log(a); // 输出undefined\nvar a = 1;\n\n// let 的情况\nconsole.log(b); // 报错ReferenceError\nlet b = 1;\n```\n上述代码，`a`变量用`var`声明，会进行变量提升，脚本刚开始执行就已经存在变量`a`,但是变量`a`没有值，所以输出`undefined`；`b`变量用`let`声明，不会发生变量提升，在声明它之前，变量b是不存在的，这时如果用到它，就会抛出一个错误。\n#### 3）const 本质\n\nconst实际上保证的，并不是变量的值不得改动，而是变量指向的那个内存地址所保存的数据不得改动。\n```\nconst user = {};\n\n// 为 user 添加一个属性，可以成功\nuser.age = 23;\nuser.age // 23\n\n// 将 user 指向另一个对象，就会报错\nuser = {}; // TypeError: \"user\" is read-only\n```\n上面代码中，常量user储存的是一个地址，这个地址指向一个对象。不可变的只是这个地址，即不能把user指向另一个地址，但对象本身是可变的，所以依然可以为其添加新属性。\n\n### 2. 变量的解构赋值\n\nES6 允许按照一定模式，从数组和对象中提取值，对变量进行赋值，这被称为解构。\n```\n//以前变量赋值只能直接指定\nlet a = 1;\nlet b = 2;\nlet c = 3;\n//ES6 允许写成下面这样\nlet [a, b, c] = [1, 2, 3];\n```\n\n#### 1）数组的解构\n```\nvar [a,b,c] = [1,2,3] // 结果 a=1 b=2 c=3\nvar [a,[b,c]] = [1,[2,3]] // 结果 a=1 b=2 c=3\n\n//解构不成功\nvar [a] = [];  // a = undefined   \nvar [a, b] = [1]; //a=1 b=undefined\n\n//不完全解构\nvar [a] = [1,2]; //a=1\n\n//默认值\nvar [a=1] = [] //a=1\n```\n**如果等号的右边不是数组（或者严格地说，不是可遍历的结构），那么将会报错**\n```javascript\nlet [a] = 1;\nlet [a] = false;\nlet [a] = NaN;\nlet [a] = undefined;\nlet [a] = null;\nlet [a] = {};\n```\n#### 2）对象的解构\n```\nvar { b, a } = { a: \"aaa\", b: \"bbb\" };\na // \"aaa\"\nb // \"bbb\"\n\nvar { c } = { a: \"aaa\", b: \"bbb\" };\nc // undefined\n\n//变量名与属性名不一致，必须写成下面这样\nlet { a: hello } = { a: \'aaa\', hello: \'bbb\' };\nhello // \"aaa\"\n\n//对象的解构赋值的内部机制，是先找到同名属性，然后再赋给对应的变量\nlet { a: hello } = { a: \"aaa\", hello: \"bbb\" };\nhello // \"aaa\"\na // error: foo is not defined\n\n//对象的解构也可以指定默认值\nvar {x = 3} = {};\nx // 3\nvar {x, y = 5} = {x: 1};\nx // 1\ny // 5\n```\n#### 3）字符串的解构赋值\n\n字符串也可以解构赋值。这是因为此时，字符串被转换成了一个类似数组的对象。\n```\nconst [a, b, c, d, e] = \'hello\';\na // \"h\"\nb // \"e\"\nc // \"l\"\nd // \"l\"\ne // \"o\"\n\n//类似数组的对象都有一个length属性，因此还可以对这个属性解构赋值\nlet {length : len} = \'hello\';\nlen // 5\n```\n### 3.字符串拓展\n#### 1）模版字符串\n\n模板字符串（template string）是增强版的字符串，用反引号（`）标识。它可以当作普通字符串使用，也可以用来定义多行字符串（类似 pre 标签的作用），或者在字符串中嵌入变量。\n```\n// 普通字符串 想要换行需要加上 \'\\n\'\n`In JavaScript \'\\n\' is a line-feed.`\n\n// 多行字符串\n`In JavaScript this is\n not legal.`\n\n// 字符串中嵌入变量\nvar name = \"ac\", time = \"today\";\n`Hello ${name}, how are you ${time}?` // Hello ac, how are you today? \n```\n#### 2）字符串的遍历器接口\n\nES6 为字符串添加了遍历器接口，使得字符串可以被for...of循环遍历\n```\nfor (let codePoint of \'hello\') {\n  console.log(codePoint)\n}\n// \"h\"\n// \"e\"\n// \"l\"\n// \"l\"\n// \"o\"\n```\n#### 3）includes(), startsWith(), endsWith() \n\n在这之前，JavaScript 只有indexOf方法，可以用来确定一个字符串是否包含在另一个字符串中。\n\n**ES6 又提供了三种新方法：**\n- includes()：返回布尔值，表示是否找到了参数字符串。\n- startsWith()：返回布尔值，表示参数字符串是否在原字符串的头部。\n- endsWith()：返回布尔值，表示参数字符串是否在原字符串的尾部。\n```\nlet s = \'Hello world!\';\ns.startsWith(\'Hello\') // true\ns.endsWith(\'!\') // true\ns.includes(\'o\') // true\n这三个方法都支持第二个参数，表示开始搜索的位置。\n\nlet s = \'Hello world!\';\ns.startsWith(\'world\', 6) // true\ns.endsWith(\'Hello\', 5) // true\ns.includes(\'Hello\', 6) // false\n```\n上面代码表示，使用第二个参数n时，endsWith的行为与其他两个方法有所不同。它针对前n个字符，而其他两个方法针对从第n个位置直到字符串结束。\n#### 4）repeat()\n\n`repeat`方法返回一个新字符串，表示将原字符串重复n次。\n```\n\'x\'.repeat(3) // \"xxx\"\n\'hello\'.repeat(2) // \"hellohello\"\n\'na\'.repeat(0) // \"\"\n\n//参数如果是小数，会被取整\n\'na\'.repeat(2.9) // \"nana\"\n\n//如果repeat的参数是负数或者Infinity，会报错。\n\'na\'.repeat(Infinity)\n// RangeError\n\'na\'.repeat(-1)\n// RangeError\n\n//参数是 0 到-1 之间的小数，则等同于 0\n\'na\'.repeat(-0.9) // \"\"\n\n//参数NaN等同于 0。\n\'na\'.repeat(NaN) // \"\"\n\n//如果repeat的参数是字符串，则会先转换成数字。\n\'na\'.repeat(\'na\') // \"\"\n\'na\'.repeat(\'3\') // \"nanana\"\n```\n#### 5）padStart()，padEnd()\n\nES2017 引入了字符串补全长度的功能。如果某个字符串不够指定长度，会在头部或尾部补全。padStart()用于头部补全，padEnd()用于尾部补全。\n```\n\'x\'.padStart(5, \'ab\') // \'ababx\'\n\'x\'.padStart(4, \'ab\') // \'abax\'\n\n\'x\'.padEnd(5, \'ab\') // \'xabab\'\n\'x\'.padEnd(4, \'ab\') // \'xaba\'\n\n//如果原字符串的长度，等于或大于最大长度，则字符串补全不生效，返回原字符串\n\'xxx\'.padStart(2, \'ab\') // \'xxx\'\n\'xxx\'.padEnd(2, \'ab\') // \'xxx\'\n\n//如果省略第二个参数，默认使用空格补全长度\n\'x\'.padStart(4) // \'   x\'\n\'x\'.padEnd(4) // \'x   \'\n```\n### 4.数值的扩展\n#### 1）Number.isFinite(), Number.isNaN()\nES6 在Number对象上，新提供了Number.isFinite()和Number.isNaN()两个方法。\n\nNumber.isFinite()用来检查一个数值是否为有限的（finite），即不是Infinity。\n```\nNumber.isFinite(15); // true\nNumber.isFinite(0.8); // true\nNumber.isFinite(NaN); // false\nNumber.isFinite(Infinity); // false\nNumber.isFinite(-Infinity); // false\nNumber.isFinite(\'foo\'); // false\nNumber.isFinite(\'15\'); // false\nNumber.isFinite(true); // false\n```\nNumber.isNaN()用来检查一个值是否为NaN\n```\nNumber.isNaN(NaN) // true\nNumber.isNaN(15) // false\nNumber.isNaN(\'15\') // false\nNumber.isNaN(true) // false\nNumber.isNaN(9/NaN) // true\nNumber.isNaN(\'true\' / 0) // true\nNumber.isNaN(\'true\' / \'true\') // true\n```\n它们与传统的全局方法`isFinite()`和`isNaN()`的区别在于，传统方法先调用`Number()`将非数值的值转为数值，再进行判断，而这两个新方法只对数值有效，`Number.isFinite()`对于非数值一律返回`false`, `Number.isNaN()`只有对于`NaN`才返回`true`，非`NaN`一律返回`false`。\n\n#### 2）Number.isInteger()\n\nNumber.isInteger()用来判断一个数值是否为整数\n```\nNumber.isInteger(5) // true\nNumber.isInteger(5.1) // false\n\n//JavaScript 内部，整数和浮点数采用的是同样的储存方法，所以 5 和 5.0 被视为同一个值\nNumber.isInteger(5) // true\nNumber.isInteger(5.0) // true\n```\n### 5. Math 对象的扩展\n#### 1）Math.trunc() \n`Math.trunc`方法用于去除一个数的小数部分，返回整数部分\n```\nMath.trunc(4.1) // 4\nMath.trunc(4.9) // 4\nMath.trunc(-4.1) // -4\nMath.trunc(-4.9) // -4\nMath.trunc(-0.1234) // -0\n```\n\n\n#### 2）Math.sign() \n\n`Math.sign`方法用来判断一个数到底是正数、负数、还是零。对于非数值，会先将其转换为数值。\n\n它会返回五种值：\n- 参数为正数，返回+1；\n- 参数为负数，返回-1；\n- 参数为 0，返回0；\n- 参数为-0，返回-0;\n- 其他值，返回NaN。\n```\nMath.sign(-5) // -1\nMath.sign(5) // +1\nMath.sign(0) // +0\nMath.sign(-0) // -0\nMath.sign(NaN) // NaN\n```\n### 6.函数的扩展\n#### 1）函数参数的默认值\n\nES6 允许为函数的参数设置默认值，即直接写在参数定义的后面\n```\nfunction log(x, y = \'World\') {\n  console.log(x, y);\n}\n\nlog(\'Hello\') // Hello World\nlog(\'Hello\', \'China\') // Hello China\nlog(\'Hello\', \'\') // Hello\n```\n#### 2）rest 展开运算符\nES6 引入 rest 参数（形式为...变量名），用于获取函数的多余参数，这样就不需要使用arguments对象了。rest 参数搭配的变量是一个数组，该变量将多余的参数放入数组中。\n```\nfunction example(...values){\n    console.log(values)// console: [1,2,3,4]\n}\n\nexample(1,2,3,4) \nvar a = [1,2,3]\nvar b = [...a,4,5,6] //b = [1,2,3,4,5,6]\n```\n#### 3） 箭头函数\n\nES6 提供了新的方式 `=>` 来定义函数\n```\nvar func = parm => parm\n等同于\nvar func = function (parm){\n    return parm\n}\n```\n\n如果函数没有参数或有多个参数，那么：\n```\nvar func = () => //some code\n等同于\nvar func = function (){\n	some code\n}\n\nvar func = (parm1,parm2) => //some code\n等同于\nvar func = function (parm1,parm2){\n	some code\n}\n```\n\n如果箭头函数的函数体只包含一行代码，则可以不需要写大括号以及 return 语句返回（如果有返回值）\n```\nvar sum = (num1,num2) => num1+num2\n等同于\nvar sum = (num1,num2) => {return num1+num2}\n等同于\nvar sum = function(num1,num2){return num1+num2}\n```\n\n箭头函数使得表达更加简洁\n```\n[1,2,3].map( item=> 2 * item)\n等同于\n[1,2,3].map(function(item){\n    return item * 2\n})\n\n[1,3,2].sort((a,b) => a - b)\n```\n### 7.数组的扩展\n\n#### 1）扩展运算符\n\n扩展运算符（spread）是三个点（...）。它好比 rest 参数的逆运算，将一个数组转为用逗号分隔的参数序列。\n```\nconsole.log(...[1, 2, 3])\n// 1 2 3\n\nconsole.log(1, ...[2, 3, 4], 5)\n// 1 2 3 4 5\n```\n#### 2）扩展运算符的应用\n\n- **复制数组**\n\n数组是复合的数据类型，直接复制的话，只是复制了指向底层数据结构的指针，而不是克隆一个全新的数组。\n```\nconst a = [1, 2];\nconst b = a;\n\nb[0] = 2;\na // [2, 2]\n```\n上面代码中，a2并不是a1的克隆，而是指向同一份数据的另一个指针。修改a2，会直接导致a1的变化。\n\nES5 只能用变通方法来复制数组\n```\nconst a = [1, 2];\nconst b = a.concat();\n\nb[0] = 2;\na // [1, 2]\n```\n\n扩展运算符提供了复制数组的简便写法\n```\nconst a1 = [1, 2];\n// 写法一\nconst a2 = [...a1];\n// 写法二\nconst [...a2] = a1;\n```\n- **合并数组**\n\n扩展运算符提供了数组合并的新写法\n```\nconst arr1 = [\'a\', \'b\'];\nconst arr2 = [\'c\'];\nconst arr3 = [\'d\', \'e\'];\n\n// ES5 的合并数组\narr1.concat(arr2, arr3);\n// [ \'a\', \'b\', \'c\', \'d\', \'e\' ]\n\n// ES6 的合并数组\n[...arr1, ...arr2, ...arr3]\n// [ \'a\', \'b\', \'c\', \'d\', \'e\' ]\n```\n- **字符串**\n\n扩展运算符还可以将字符串转为真正的数组\n```\n[...\'hello\']\n// [ \"h\", \"e\", \"l\", \"l\", \"o\" ]\n```\n#### 3） Array.from() \n\nArray.from方法用于将两类对象转为真正的数组：类似数组的对象（array-like object）和可遍历（iterable）的对象（包括 ES6 新增的数据结构 Set 和 Map）。\n```\nlet arrayLike = {\n    \'0\': \'a\',\n    \'1\': \'b\',\n    \'2\': \'c\',\n    length: 3\n};\n\n// ES5的写法\nvar arr1 = [].slice.call(arrayLike); // [\'a\', \'b\', \'c\']\n\n// ES6的写法\nlet arr2 = Array.from(arrayLike); // [\'a\', \'b\', \'c\']\n\nArray.from(\'hello\')\n// [\'h\', \'e\', \'l\', \'l\', \'o\']\n\nlet namesSet = new Set([\'a\', \'b\'])\nArray.from(namesSet) // [\'a\', \'b\']\n```\n#### 4）Array.of() \n\nArray.of方法用于将一组值，转换为数组\n```\nArray.of(3, 11, 8) // [3,11,8]\nArray.of(3) // [3]\nArray.of(3).length // 1\n```\n#### 5）数组实例的 find() 和 findIndex()\n\n数组实例的`find`方法，用于找出第一个符合条件的数组成员。它的参数是一个回调函数，所有数组成员依次执行该回调函数，直到找出第一个返回值为`true`的成员，然后返回该成员。如果没有符合条件的成员，则返回`undefined`。\n```\n[1, 4, -5, 10].find((n) => n < 0)\n// -5\n\n//find方法的回调函数可以接受三个参数，依次为当前的值、当前的位置和原数组\n[1, 5, 10, 15].find(function(value, index, arr) {\n  return value > 9;\n}) // 10\n```\n\n数组实例的`findIndex`方法的用法与`find`方法非常类似，返回第一个符合条件的数组成员的位置，如果所有成员都不符合条件，则返回`-1`\n```\n[1, 5, 10, 15].findIndex(function(value, index, arr) {\n  return value > 9;\n}) // 2\n```\n#### 6）数组实例的 includes()\n\nArray.prototype.includes方法返回一个布尔值，表示某个数组是否包含给定的值，与字符串的includes方法类似。ES2016 引入了该方法。\n```\n[1, 2, 3].includes(2)     // true\n[1, 2, 3].includes(4)     // false\n[1, 2, NaN].includes(NaN) // true\n```\n该方法的第二个参数表示搜索的起始位置，默认为0\n```\n[1, 2, 3].includes(3, 3);  // false\n[1, 2, 3].includes(3, -1); // true\n```\n## 推荐资料\n- [ECMAScript 6 入门](http://es6.ruanyifeng.com/#docs/destructuring)\n\n# 学习目标\n\n1. 了解ES6是什么\n2. 掌握学习内容中的ES6的新特性\n3. 根据推荐资料中的内容自学ES的其它特性（数组的拓展，Module）\n\n# 学习内容\n\n## 一、ECMAScript 6 简介\n\nECMAScript(ES6) 是JavaScript语言的下一代标准，已经在2015年6月正式发布了；在 JavaScript 的基础上做了重大的更新，提供了更优雅的语法和特性。\n\n#### ECMAScript 和 JavaScript 的关系\n\nECMAScript 和 JavaScript 的关系是，前者是后者','免费',1,1,2,1,1,0,0),
	(4,' 实验室纳新题','2018-03-08 01:47:57','2018-03-01 00:00:00','2018-03-10 00:00:00',31,'## 实验室纳新\n','付费',1,1,1,1,1,0,0),
	(5,' test','2018-03-08 01:47:57','2018-01-26 00:00:00','2018-01-11 00:00:00',5,' test','付费',1,1,1,1,1,0,0),
	(6,' douqingTest','2018-03-08 01:47:57','2018-02-23 00:00:00','2018-02-28 00:00:00',31,'douqingqingqingqing','付费',0,0,1,1,1,0,0),
	(39,' 12',NULL,NULL,NULL,5,'12','付费',0,0,1,1,1,0,0),
	(58,'copy-熊鑫测试',NULL,NULL,NULL,5,NULL,'付费',1,0,1,1,1,0,0),
	(59,' 单语言编程题测试',NULL,NULL,NULL,38,'单栈编程题目\n![](https://s3.cn-north-1.amazonaws.com.cn/tws-upload/images/temp/1531908790731-backgorund.jpg)\n\n1.  123\n2.  23 ','付费',0,0,1,1,1,0,0),
	(60,' xi sin 测试专用',NULL,NULL,NULL,5,'# 数字平台业务图\n\n![](https://s3.cn-north-1.amazonaws.com.cn/tws-upload/images/1542247486373-8a055fd5-aba9-4d7b-b893-adeab2c50dd9.png)\n\n### 1. 模块介绍\n- 成长日志模块\n>学员可以使用成长日志模块来记录自己每天的成长经历；助教可以通过该模块来查看学员每天的学习情况并给予反馈。\n- 论坛模块\n>学生和助教可以在该论坛模块中进行学习、汇报、辅导、监督、提问等\n- 训练营前台模块\n>学生通过训练营前台来完成任务卡\n- 训练营后台模块\n>训练营设计师可以使用该模块来组织训练营以及管理任务卡\n- 题目模块\n>出题人可以使用该模块来出各种类型的题目\n- 后台管理模块\n> 管理员可以使用该模块来给用户分配角色、添加用户到训练营\n\n![](https://s3.cn-north-1.amazonaws.com.cn/tws-upload/images/1542250082629-c82c6a94-3e40-4ecb-8286-f438db17647e.png)\n\n### 2. 角色介绍\n- 学生(学员)\n> 报名参加线上/线下训练营的学生、及其他人员\n- 助教\n>来辅导、督促学员完成任务卡\n- 出题人\n>通过题库来出各类题目\n- 训练营设计师\n>设计训练营，管理任务卡\n- 管理员\n> 通过后台管理来给学员和助教分配训练营，以及给学员分配角色\n- 教学运营\n>来对训练营的日常运营工作进行管理\n\n\n','付费',1,0,1,1,1,0,0),
	(61,' Lf测试专用',NULL,'2018-08-27 00:00:00',NULL,5,'创建课程流程测试','付费',1,0,1,1,1,0,0),
	(63,' 培训',NULL,NULL,NULL,5,'新人培训asdasd','付费',1,1,1,1,1,0,0),
	(65,'熊鑫测试',NULL,NULL,NULL,5,NULL,'付费',1,0,1,1,1,0,0),
	(67,' 流程演示训练营',NULL,'2018-10-03 00:00:00','2018-10-02 00:00:00',5,'测试训练营','付费',1,1,1,1,1,0,0),
	(69,'copy  流程演示训练营',NULL,NULL,NULL,5,'测试训练营','付费',0,0,1,1,1,0,0),
	(70,'copy  流程演示训练营4444',NULL,'2018-10-03 00:00:00','2018-10-02 00:00:00',5,'测试训练营','付费',1,1,1,1,1,0,0),
	(71,'copy  流程演示训练营3333',NULL,'2018-10-03 00:00:00','2018-10-02 00:00:00',5,'测试训练营','付费',1,0,1,1,1,0,0),
	(74,'copy  流程演示训练营111',NULL,'2018-10-03 00:00:00','2018-10-02 00:00:00',5,'测试训练营','付费',1,1,1,1,1,0,0),
	(75,'copy  培训',NULL,NULL,NULL,5,'新人培训asdasd','付费',1,1,1,1,1,0,0),
	(92,'copy-单语言编程题测试',NULL,NULL,NULL,5,'单栈编程题目\n![](https://s3.cn-north-1.amazonaws.com.cn/tws-upload/images/temp/1531908790731-backgorund.jpg)\n\n1.  123\n2.  23 ','付费',1,1,1,1,1,0,0),
	(93,'测试训练营111',NULL,NULL,NULL,5,'16666\n','付费',1,1,1,1,1,0,0),
	(94,'copy-copy-单语言编程题测试',NULL,NULL,NULL,5,'单栈编程题目\n![](https://s3.cn-north-1.amazonaws.com.cn/tws-upload/images/temp/1531908790731-backgorund.jpg)\n\n1.  123\n2.  23 ','付费',1,0,1,1,1,0,0),
	(95,'哈哈哈',NULL,NULL,NULL,5,NULL,'付费',1,0,1,1,1,0,0),
	(96,'mhh-测试',NULL,NULL,NULL,5,NULL,'付费',1,0,1,1,0,0,0),
	(97,'copy-测试',NULL,NULL,NULL,5,NULL,'付费',1,0,1,1,1,0,0),
	(98,'单语言编程题测试2',NULL,NULL,NULL,2660,'单栈编程题目\n![](https://s3.cn-north-1.amazonaws.com.cn/tws-upload/images/temp/1531908790731-backgorund.jpg)\n\n1.  123\n2.  23 ','付费',1,1,1,1,1,0,0),
	(100,'单语言编程题测试1',NULL,NULL,NULL,2660,'单栈编程题目\n![](https://s3.cn-north-1.amazonaws.com.cn/tws-upload/images/temp/1531908790731-backgorund.jpg)\n\n1.  123\n2.  23 ','付费',1,0,1,1,1,0,0),
	(103,'组织编号「2」中的训练营',NULL,NULL,NULL,5,'# 学习目标\n\n1. 了解ES6是什么\n2. 掌握学习内容中的ES6的新特性\n3. 根据推荐资料中的内容自学ES的其它特性（数组的拓展，Module）\n\n# 学习内容\n\n## 一、ECMAScript 6 简介\n\nECMAScript(ES6) 是JavaScript语言的下一代标准，已经在2015年6月正式发布了；在 JavaScript 的基础上做了重大的更新，提供了更优雅的语法和特性。\n\n#### ECMAScript 和 JavaScript 的关系\n\nECMAScript 和 JavaScript 的关系是，前者是后者的规格，后者是前者的一种实现（另外的ECMAScript 方言还有 Jscript 和 ActionScript ）。日常场合，这两个词是可以互换的。那为什么不叫 JavaScript 为换名字了呢？原因如下：\n\n1. 商标，1996年11月，JavaScript的创造者Netscape公司，决定将JavaScript提交给国际标准化组织ECMA，希望这种语言能够成为国际标准。根据授权协议，只有Netscape公司(Javascript 的创造者)可以合法地使用JavaScript这个名字，且 JavaScript 本身也已经被 Netscape 公司注册为商标\n2. 想体现这门语言的制定者是 ECMA，不是 Netscape，这样有利于保证这门语言的开放性和中立性。\n\n## 二、ES6 新特性\n###  1. let 和 const\n\nES6提供了两种新的声明变量的方式：let 和 const。\n#### 1）作用域\n\n let 和 const 相比于 var 声明的变量有块作用域，let 和 const 只在于当前的块作用域中有效。而 var 声明的变量是在函数作用域内有效。\n```\n{\n  let a = 1;  // a 只能在当前块中被访问\n  var b = 1;\n}\na // ReferenceError: a is not defined.\nb // 1\n```\nconst 和 let 的区别则在于， const 声明变量的同时必须立即给一个初始值，且无法在对该值进行修改。如果该初始值是一个对象，那么该对象的值是可以被修改的。\n\n#### 2）变量提升\n\n 变量如果在var 前使用，就会出现「变量提升」现象，值为undefined。let 声明的变量一定要在声明后使用，否则报错。\n```\n// var 的情况\nconsole.log(a); // 输出undefined\nvar a = 1;\n\n// let 的情况\nconsole.log(b); // 报错ReferenceError\nlet b = 1;\n```\n上述代码，`a`变量用`var`声明，会进行变量提升，脚本刚开始执行就已经存在变量`a`,但是变量`a`没有值，所以输出`undefined`；`b`变量用`let`声明，不会发生变量提升，在声明它之前，变量b是不存在的，这时如果用到它，就会抛出一个错误。\n#### 3）const 本质\n\nconst实际上保证的，并不是变量的值不得改动，而是变量指向的那个内存地址所保存的数据不得改动。\n```\nconst user = {};\n\n// 为 user 添加一个属性，可以成功\nuser.age = 23;\nuser.age // 23\n\n// 将 user 指向另一个对象，就会报错\nuser = {}; // TypeError: \"user\" is read-only\n```\n上面代码中，常量user储存的是一个地址，这个地址指向一个对象。不可变的只是这个地址，即不能把user指向另一个地址，但对象本身是可变的，所以依然可以为其添加新属性。\n\n### 2. 变量的解构赋值\n\nES6 允许按照一定模式，从数组和对象中提取值，对变量进行赋值，这被称为解构。\n```\n//以前变量赋值只能直接指定\nlet a = 1;\nlet b = 2;\nlet c = 3;\n//ES6 允许写成下面这样\nlet [a, b, c] = [1, 2, 3];\n```\n\n#### 1）数组的解构\n```\nvar [a,b,c] = [1,2,3] // 结果 a=1 b=2 c=3\nvar [a,[b,c]] = [1,[2,3]] // 结果 a=1 b=2 c=3\n\n//解构不成功\nvar [a] = [];  // a = undefined   \nvar [a, b] = [1]; //a=1 b=undefined\n\n//不完全解构\nvar [a] = [1,2]; //a=1\n\n//默认值\nvar [a=1] = [] //a=1\n```\n**如果等号的右边不是数组（或者严格地说，不是可遍历的结构），那么将会报错**\n```javascript\nlet [a] = 1;\nlet [a] = false;\nlet [a] = NaN;\nlet [a] = undefined;\nlet [a] = null;\nlet [a] = {};\n```\n#### 2）对象的解构\n```\nvar { b, a } = { a: \"aaa\", b: \"bbb\" };\na // \"aaa\"\nb // \"bbb\"\n\nvar { c } = { a: \"aaa\", b: \"bbb\" };\nc // undefined\n\n//变量名与属性名不一致，必须写成下面这样\nlet { a: hello } = { a: \'aaa\', hello: \'bbb\' };\nhello // \"aaa\"\n\n//对象的解构赋值的内部机制，是先找到同名属性，然后再赋给对应的变量\nlet { a: hello } = { a: \"aaa\", hello: \"bbb\" };\nhello // \"aaa\"\na // error: foo is not defined\n\n//对象的解构也可以指定默认值\nvar {x = 3} = {};\nx // 3\nvar {x, y = 5} = {x: 1};\nx // 1\ny // 5\n```\n#### 3）字符串的解构赋值\n\n字符串也可以解构赋值。这是因为此时，字符串被转换成了一个类似数组的对象。\n```\nconst [a, b, c, d, e] = \'hello\';\na // \"h\"\nb // \"e\"\nc // \"l\"\nd // \"l\"\ne // \"o\"\n\n//类似数组的对象都有一个length属性，因此还可以对这个属性解构赋值\nlet {length : len} = \'hello\';\nlen // 5\n```\n### 3.字符串拓展\n#### 1）模版字符串\n\n模板字符串（template string）是增强版的字符串，用反引号（`）标识。它可以当作普通字符串使用，也可以用来定义多行字符串（类似 pre 标签的作用），或者在字符串中嵌入变量。\n```\n// 普通字符串 想要换行需要加上 \'\\n\'\n`In JavaScript \'\\n\' is a line-feed.`\n\n// 多行字符串\n`In JavaScript this is\n not legal.`\n\n// 字符串中嵌入变量\nvar name = \"ac\", time = \"today\";\n`Hello ${name}, how are you ${time}?` // Hello ac, how are you today? \n```\n#### 2）字符串的遍历器接口\n\nES6 为字符串添加了遍历器接口，使得字符串可以被for...of循环遍历\n```\nfor (let codePoint of \'hello\') {\n  console.log(codePoint)\n}\n// \"h\"\n// \"e\"\n// \"l\"\n// \"l\"\n// \"o\"\n```\n#### 3）includes(), startsWith(), endsWith() \n\n在这之前，JavaScript 只有indexOf方法，可以用来确定一个字符串是否包含在另一个字符串中。\n\n**ES6 又提供了三种新方法：**\n- includes()：返回布尔值，表示是否找到了参数字符串。\n- startsWith()：返回布尔值，表示参数字符串是否在原字符串的头部。\n- endsWith()：返回布尔值，表示参数字符串是否在原字符串的尾部。\n```\nlet s = \'Hello world!\';\ns.startsWith(\'Hello\') // true\ns.endsWith(\'!\') // true\ns.includes(\'o\') // true\n这三个方法都支持第二个参数，表示开始搜索的位置。\n\nlet s = \'Hello world!\';\ns.startsWith(\'world\', 6) // true\ns.endsWith(\'Hello\', 5) // true\ns.includes(\'Hello\', 6) // false\n```\n上面代码表示，使用第二个参数n时，endsWith的行为与其他两个方法有所不同。它针对前n个字符，而其他两个方法针对从第n个位置直到字符串结束。\n#### 4）repeat()\n\n`repeat`方法返回一个新字符串，表示将原字符串重复n次。\n```\n\'x\'.repeat(3) // \"xxx\"\n\'hello\'.repeat(2) // \"hellohello\"\n\'na\'.repeat(0) // \"\"\n\n//参数如果是小数，会被取整\n\'na\'.repeat(2.9) // \"nana\"\n\n//如果repeat的参数是负数或者Infinity，会报错。\n\'na\'.repeat(Infinity)\n// RangeError\n\'na\'.repeat(-1)\n// RangeError\n\n//参数是 0 到-1 之间的小数，则等同于 0\n\'na\'.repeat(-0.9) // \"\"\n\n//参数NaN等同于 0。\n\'na\'.repeat(NaN) // \"\"\n\n//如果repeat的参数是字符串，则会先转换成数字。\n\'na\'.repeat(\'na\') // \"\"\n\'na\'.repeat(\'3\') // \"nanana\"\n```\n#### 5）padStart()，padEnd()\n\nES2017 引入了字符串补全长度的功能。如果某个字符串不够指定长度，会在头部或尾部补全。padStart()用于头部补全，padEnd()用于尾部补全。\n```\n\'x\'.padStart(5, \'ab\') // \'ababx\'\n\'x\'.padStart(4, \'ab\') // \'abax\'\n\n\'x\'.padEnd(5, \'ab\') // \'xabab\'\n\'x\'.padEnd(4, \'ab\') // \'xaba\'\n\n//如果原字符串的长度，等于或大于最大长度，则字符串补全不生效，返回原字符串\n\'xxx\'.padStart(2, \'ab\') // \'xxx\'\n\'xxx\'.padEnd(2, \'ab\') // \'xxx\'\n\n//如果省略第二个参数，默认使用空格补全长度\n\'x\'.padStart(4) // \'   x\'\n\'x\'.padEnd(4) // \'x   \'\n```\n### 4.数值的扩展\n#### 1）Number.isFinite(), Number.isNaN()\nES6 在Number对象上，新提供了Number.isFinite()和Number.isNaN()两个方法。\n\nNumber.isFinite()用来检查一个数值是否为有限的（finite），即不是Infinity。\n```\nNumber.isFinite(15); // true\nNumber.isFinite(0.8); // true\nNumber.isFinite(NaN); // false\nNumber.isFinite(Infinity); // false\nNumber.isFinite(-Infinity); // false\nNumber.isFinite(\'foo\'); // false\nNumber.isFinite(\'15\'); // false\nNumber.isFinite(true); // false\n```\nNumber.isNaN()用来检查一个值是否为NaN\n```\nNumber.isNaN(NaN) // true\nNumber.isNaN(15) // false\nNumber.isNaN(\'15\') // false\nNumber.isNaN(true) // false\nNumber.isNaN(9/NaN) // true\nNumber.isNaN(\'true\' / 0) // true\nNumber.isNaN(\'true\' / \'true\') // true\n```\n它们与传统的全局方法`isFinite()`和`isNaN()`的区别在于，传统方法先调用`Number()`将非数值的值转为数值，再进行判断，而这两个新方法只对数值有效，`Number.isFinite()`对于非数值一律返回`false`, `Number.isNaN()`只有对于`NaN`才返回`true`，非`NaN`一律返回`false`。\n\n#### 2）Number.isInteger()\n\nNumber.isInteger()用来判断一个数值是否为整数\n```\nNumber.isInteger(5) // true\nNumber.isInteger(5.1) // false\n\n//JavaScript 内部，整数和浮点数采用的是同样的储存方法，所以 5 和 5.0 被视为同一个值\nNumber.isInteger(5) // true\nNumber.isInteger(5.0) // true\n```\n### 5. Math 对象的扩展\n#### 1）Math.trunc() \n`Math.trunc`方法用于去除一个数的小数部分，返回整数部分\n```\nMath.trunc(4.1) // 4\nMath.trunc(4.9) // 4\nMath.trunc(-4.1) // -4\nMath.trunc(-4.9) // -4\nMath.trunc(-0.1234) // -0\n```\n\n\n#### 2）Math.sign() \n\n`Math.sign`方法用来判断一个数到底是正数、负数、还是零。对于非数值，会先将其转换为数值。\n\n它会返回五种值：\n- 参数为正数，返回+1；\n- 参数为负数，返回-1；\n- 参数为 0，返回0；\n- 参数为-0，返回-0;\n- 其他值，返回NaN。\n```\nMath.sign(-5) // -1\nMath.sign(5) // +1\nMath.sign(0) // +0\nMath.sign(-0) // -0\nMath.sign(NaN) // NaN\n```\n### 6.函数的扩展\n#### 1）函数参数的默认值\n\nES6 允许为函数的参数设置默认值，即直接写在参数定义的后面\n```\nfunction log(x, y = \'World\') {\n  console.log(x, y);\n}\n\nlog(\'Hello\') // Hello World\nlog(\'Hello\', \'China\') // Hello China\nlog(\'Hello\', \'\') // Hello\n```\n#### 2）rest 展开运算符\nES6 引入 rest 参数（形式为...变量名），用于获取函数的多余参数，这样就不需要使用arguments对象了。rest 参数搭配的变量是一个数组，该变量将多余的参数放入数组中。\n```\nfunction example(...values){\n    console.log(values)// console: [1,2,3,4]\n}\n\nexample(1,2,3,4) \nvar a = [1,2,3]\nvar b = [...a,4,5,6] //b = [1,2,3,4,5,6]\n```\n#### 3） 箭头函数\n\nES6 提供了新的方式 `=>` 来定义函数\n```\nvar func = parm => parm\n等同于\nvar func = function (parm){\n    return parm\n}\n```\n\n如果函数没有参数或有多个参数，那么：\n```\nvar func = () => //some code\n等同于\nvar func = function (){\n	some code\n}\n\nvar func = (parm1,parm2) => //some code\n等同于\nvar func = function (parm1,parm2){\n	some code\n}\n```\n\n如果箭头函数的函数体只包含一行代码，则可以不需要写大括号以及 return 语句返回（如果有返回值）\n```\nvar sum = (num1,num2) => num1+num2\n等同于\nvar sum = (num1,num2) => {return num1+num2}\n等同于\nvar sum = function(num1,num2){return num1+num2}\n```\n\n箭头函数使得表达更加简洁\n```\n[1,2,3].map( item=> 2 * item)\n等同于\n[1,2,3].map(function(item){\n    return item * 2\n})\n\n[1,3,2].sort((a,b) => a - b)\n```\n### 7.数组的扩展\n\n#### 1）扩展运算符\n\n扩展运算符（spread）是三个点（...）。它好比 rest 参数的逆运算，将一个数组转为用逗号分隔的参数序列。\n```\nconsole.log(...[1, 2, 3])\n// 1 2 3\n\nconsole.log(1, ...[2, 3, 4], 5)\n// 1 2 3 4 5\n```\n#### 2）扩展运算符的应用\n\n- **复制数组**\n\n数组是复合的数据类型，直接复制的话，只是复制了指向底层数据结构的指针，而不是克隆一个全新的数组。\n```\nconst a = [1, 2];\nconst b = a;\n\nb[0] = 2;\na // [2, 2]\n```\n上面代码中，a2并不是a1的克隆，而是指向同一份数据的另一个指针。修改a2，会直接导致a1的变化。\n\nES5 只能用变通方法来复制数组\n```\nconst a = [1, 2];\nconst b = a.concat();\n\nb[0] = 2;\na // [1, 2]\n```\n\n扩展运算符提供了复制数组的简便写法\n```\nconst a1 = [1, 2];\n// 写法一\nconst a2 = [...a1];\n// 写法二\nconst [...a2] = a1;\n```\n- **合并数组**\n\n扩展运算符提供了数组合并的新写法\n```\nconst arr1 = [\'a\', \'b\'];\nconst arr2 = [\'c\'];\nconst arr3 = [\'d\', \'e\'];\n\n// ES5 的合并数组\narr1.concat(arr2, arr3);\n// [ \'a\', \'b\', \'c\', \'d\', \'e\' ]\n\n// ES6 的合并数组\n[...arr1, ...arr2, ...arr3]\n// [ \'a\', \'b\', \'c\', \'d\', \'e\' ]\n```\n- **字符串**\n\n扩展运算符还可以将字符串转为真正的数组\n```\n[...\'hello\']\n// [ \"h\", \"e\", \"l\", \"l\", \"o\" ]\n```\n#### 3） Array.from() \n\nArray.from方法用于将两类对象转为真正的数组：类似数组的对象（array-like object）和可遍历（iterable）的对象（包括 ES6 新增的数据结构 Set 和 Map）。\n```\nlet arrayLike = {\n    \'0\': \'a\',\n    \'1\': \'b\',\n    \'2\': \'c\',\n    length: 3\n};\n\n// ES5的写法\nvar arr1 = [].slice.call(arrayLike); // [\'a\', \'b\', \'c\']\n\n// ES6的写法\nlet arr2 = Array.from(arrayLike); // [\'a\', \'b\', \'c\']\n\nArray.from(\'hello\')\n// [\'h\', \'e\', \'l\', \'l\', \'o\']\n\nlet namesSet = new Set([\'a\', \'b\'])\nArray.from(namesSet) // [\'a\', \'b\']\n```\n#### 4）Array.of() \n\nArray.of方法用于将一组值，转换为数组\n```\nArray.of(3, 11, 8) // [3,11,8]\nArray.of(3) // [3]\nArray.of(3).length // 1\n```\n#### 5）数组实例的 find() 和 findIndex()\n\n数组实例的`find`方法，用于找出第一个符合条件的数组成员。它的参数是一个回调函数，所有数组成员依次执行该回调函数，直到找出第一个返回值为`true`的成员，然后返回该成员。如果没有符合条件的成员，则返回`undefined`。\n```\n[1, 4, -5, 10].find((n) => n < 0)\n// -5\n\n//find方法的回调函数可以接受三个参数，依次为当前的值、当前的位置和原数组\n[1, 5, 10, 15].find(function(value, index, arr) {\n  return value > 9;\n}) // 10\n```\n\n数组实例的`findIndex`方法的用法与`find`方法非常类似，返回第一个符合条件的数组成员的位置，如果所有成员都不符合条件，则返回`-1`\n```\n[1, 5, 10, 15].findIndex(function(value, index, arr) {\n  return value > 9;\n}) // 2\n```\n#### 6）数组实例的 includes()\n\nArray.prototype.includes方法返回一个布尔值，表示某个数组是否包含给定的值，与字符串的includes方法类似。ES2016 引入了该方法。\n```\n[1, 2, 3].includes(2)     // true\n[1, 2, 3].includes(4)     // false\n[1, 2, NaN].includes(NaN) // true\n```\n该方法的第二个参数表示搜索的起始位置，默认为0\n```\n[1, 2, 3].includes(3, 3);  // false\n[1, 2, 3].includes(3, -1); // true\n```\n## 推荐资料\n- [ECMAScript 6 入门](http://es6.ruanyifeng.com/#docs/destructuring)\n\n# 学习目标\n\n1. 了解ES6是什么\n2. 掌握学习内容中的ES6的新特性\n3. 根据推荐资料中的内容自学ES的其它特性（数组的拓展，Module）\n\n# 学习内容\n\n## 一、ECMAScript 6 简介\n\nECMAScript(ES6) 是JavaScript语言的下一代标准，已经在2015年6月正式发布了；在 JavaScript 的基础上做了重大的更新，提供了更优雅的语法和特性。\n\n#### ECMAScript 和 JavaScript 的关系\n\nECMAScript 和 JavaScript 的关系是，前者是后者# 学习目标\n\n1. 了解ES6是什么\n2. 掌握学习内容中的ES6的新特性\n3. 根据推荐资料中的内容自学ES的其它特性（数组的拓展，Module）\n\n# 学习内容\n\n## 一、ECMAScript 6 简介\n\nECMAScript(ES6) 是JavaScript语言的下一代标准，已经在2015年6月正式发布了；在 JavaScript 的基础上做了重大的更新，提供了更优雅的语法和特性。\n\n#### ECMAScript 和 JavaScript 的关系\n\nECMAScript 和 JavaScript 的关系是，前者是后者的规格，后者是前者的一种实现（另外的ECMAScript 方言还有 Jscript 和 ActionScript ）。日常场合，这两个词是可以互换的。那为什么不叫 JavaScript 为换名字了呢？原因如下：\n\n1. 商标，1996年11月，JavaScript的创造者Netscape公司，决定将JavaScript提交给国际标准化组织ECMA，希望这种语言能够成为国际标准。根据授权协议，只有Netscape公司(Javascript 的创造者)可以合法地使用JavaScript这个名字，且 JavaScript 本身也已经被 Netscape 公司注册为商标\n2. 想体现这门语言的制定者是 ECMA，不是 Netscape，这样有利于保证这门语言的开放性和中立性。\n\n## 二、ES6 新特性\n###  1. let 和 const\n\nES6提供了两种新的声明变量的方式：let 和 const。\n#### 1）作用域\n\n let 和 const 相比于 var 声明的变量有块作用域，let 和 const 只在于当前的块作用域中有效。而 var 声明的变量是在函数作用域内有效。\n```\n{\n  let a = 1;  // a 只能在当前块中被访问\n  var b = 1;\n}\na // ReferenceError: a is not defined.\nb // 1\n```\nconst 和 let 的区别则在于， const 声明变量的同时必须立即给一个初始值，且无法在对该值进行修改。如果该初始值是一个对象，那么该对象的值是可以被修改的。\n\n#### 2）变量提升\n\n 变量如果在var 前使用，就会出现「变量提升」现象，值为undefined。let 声明的变量一定要在声明后使用，否则报错。\n```\n// var 的情况\nconsole.log(a); // 输出undefined\nvar a = 1;\n\n// let 的情况\nconsole.log(b); // 报错ReferenceError\nlet b = 1;\n```\n上述代码，`a`变量用`var`声明，会进行变量提升，脚本刚开始执行就已经存在变量`a`,但是变量`a`没有值，所以输出`undefined`；`b`变量用`let`声明，不会发生变量提升，在声明它之前，变量b是不存在的，这时如果用到它，就会抛出一个错误。\n#### 3）const 本质\n\nconst实际上保证的，并不是变量的值不得改动，而是变量指向的那个内存地址所保存的数据不得改动。\n```\nconst user = {};\n\n// 为 user 添加一个属性，可以成功\nuser.age = 23;\nuser.age // 23\n\n// 将 user 指向另一个对象，就会报错\nuser = {}; // TypeError: \"user\" is read-only\n```\n上面代码中，常量user储存的是一个地址，这个地址指向一个对象。不可变的只是这个地址，即不能把user指向另一个地址，但对象本身是可变的，所以依然可以为其添加新属性。\n\n### 2. 变量的解构赋值\n\nES6 允许按照一定模式，从数组和对象中提取值，对变量进行赋值，这被称为解构。\n```\n//以前变量赋值只能直接指定\nlet a = 1;\nlet b = 2;\nlet c = 3;\n//ES6 允许写成下面这样\nlet [a, b, c] = [1, 2, 3];\n```\n\n#### 1）数组的解构\n```\nvar [a,b,c] = [1,2,3] // 结果 a=1 b=2 c=3\nvar [a,[b,c]] = [1,[2,3]] // 结果 a=1 b=2 c=3\n\n//解构不成功\nvar [a] = [];  // a = undefined   \nvar [a, b] = [1]; //a=1 b=undefined\n\n//不完全解构\nvar [a] = [1,2]; //a=1\n\n//默认值\nvar [a=1] = [] //a=1\n```\n**如果等号的右边不是数组（或者严格地说，不是可遍历的结构），那么将会报错**\n```javascript\nlet [a] = 1;\nlet [a] = false;\nlet [a] = NaN;\nlet [a] = undefined;\nlet [a] = null;\nlet [a] = {};\n```\n#### 2）对象的解构\n```\nvar { b, a } = { a: \"aaa\", b: \"bbb\" };\na // \"aaa\"\nb // \"bbb\"\n\nvar { c } = { a: \"aaa\", b: \"bbb\" };\nc // undefined\n\n//变量名与属性名不一致，必须写成下面这样\nlet { a: hello } = { a: \'aaa\', hello: \'bbb\' };\nhello // \"aaa\"\n\n//对象的解构赋值的内部机制，是先找到同名属性，然后再赋给对应的变量\nlet { a: hello } = { a: \"aaa\", hello: \"bbb\" };\nhello // \"aaa\"\na // error: foo is not defined\n\n//对象的解构也可以指定默认值\nvar {x = 3} = {};\nx // 3\nvar {x, y = 5} = {x: 1};\nx // 1\ny // 5\n```\n#### 3）字符串的解构赋值\n\n字符串也可以解构赋值。这是因为此时，字符串被转换成了一个类似数组的对象。\n```\nconst [a, b, c, d, e] = \'hello\';\na // \"h\"\nb // \"e\"\nc // \"l\"\nd // \"l\"\ne // \"o\"\n\n//类似数组的对象都有一个length属性，因此还可以对这个属性解构赋值\nlet {length : len} = \'hello\';\nlen // 5\n```\n### 3.字符串拓展\n#### 1）模版字符串\n\n模板字符串（template string）是增强版的字符串，用反引号（`）标识。它可以当作普通字符串使用，也可以用来定义多行字符串（类似 pre 标签的作用），或者在字符串中嵌入变量。\n```\n// 普通字符串 想要换行需要加上 \'\\n\'\n`In JavaScript \'\\n\' is a line-feed.`\n\n// 多行字符串\n`In JavaScript this is\n not legal.`\n\n// 字符串中嵌入变量\nvar name = \"ac\", time = \"today\";\n`Hello ${name}, how are you ${time}?` // Hello ac, how are you today? \n```\n#### 2）字符串的遍历器接口\n\nES6 为字符串添加了遍历器接口，使得字符串可以被for...of循环遍历\n```\nfor (let codePoint of \'hello\') {\n  console.log(codePoint)\n}\n// \"h\"\n// \"e\"\n// \"l\"\n// \"l\"\n// \"o\"\n```\n#### 3）includes(), startsWith(), endsWith() \n\n在这之前，JavaScript 只有indexOf方法，可以用来确定一个字符串是否包含在另一个字符串中。\n\n**ES6 又提供了三种新方法：**\n- includes()：返回布尔值，表示是否找到了参数字符串。\n- startsWith()：返回布尔值，表示参数字符串是否在原字符串的头部。\n- endsWith()：返回布尔值，表示参数字符串是否在原字符串的尾部。\n```\nlet s = \'Hello world!\';\ns.startsWith(\'Hello\') // true\ns.endsWith(\'!\') // true\ns.includes(\'o\') // true\n这三个方法都支持第二个参数，表示开始搜索的位置。\n\nlet s = \'Hello world!\';\ns.startsWith(\'world\', 6) // true\ns.endsWith(\'Hello\', 5) // true\ns.includes(\'Hello\', 6) // false\n```\n上面代码表示，使用第二个参数n时，endsWith的行为与其他两个方法有所不同。它针对前n个字符，而其他两个方法针对从第n个位置直到字符串结束。\n#### 4）repeat()\n\n`repeat`方法返回一个新字符串，表示将原字符串重复n次。\n```\n\'x\'.repeat(3) // \"xxx\"\n\'hello\'.repeat(2) // \"hellohello\"\n\'na\'.repeat(0) // \"\"\n\n//参数如果是小数，会被取整\n\'na\'.repeat(2.9) // \"nana\"\n\n//如果repeat的参数是负数或者Infinity，会报错。\n\'na\'.repeat(Infinity)\n// RangeError\n\'na\'.repeat(-1)\n// RangeError\n\n//参数是 0 到-1 之间的小数，则等同于 0\n\'na\'.repeat(-0.9) // \"\"\n\n//参数NaN等同于 0。\n\'na\'.repeat(NaN) // \"\"\n\n//如果repeat的参数是字符串，则会先转换成数字。\n\'na\'.repeat(\'na\') // \"\"\n\'na\'.repeat(\'3\') // \"nanana\"\n```\n#### 5）padStart()，padEnd()\n\nES2017 引入了字符串补全长度的功能。如果某个字符串不够指定长度，会在头部或尾部补全。padStart()用于头部补全，padEnd()用于尾部补全。\n```\n\'x\'.padStart(5, \'ab\') // \'ababx\'\n\'x\'.padStart(4, \'ab\') // \'abax\'\n\n\'x\'.padEnd(5, \'ab\') // \'xabab\'\n\'x\'.padEnd(4, \'ab\') // \'xaba\'\n\n//如果原字符串的长度，等于或大于最大长度，则字符串补全不生效，返回原字符串\n\'xxx\'.padStart(2, \'ab\') // \'xxx\'\n\'xxx\'.padEnd(2, \'ab\') // \'xxx\'\n\n//如果省略第二个参数，默认使用空格补全长度\n\'x\'.padStart(4) // \'   x\'\n\'x\'.padEnd(4) // \'x   \'\n```\n### 4.数值的扩展\n#### 1）Number.isFinite(), Number.isNaN()\nES6 在Number对象上，新提供了Number.isFinite()和Number.isNaN()两个方法。\n\nNumber.isFinite()用来检查一个数值是否为有限的（finite），即不是Infinity。\n```\nNumber.isFinite(15); // true\nNumber.isFinite(0.8); // true\nNumber.isFinite(NaN); // false\nNumber.isFinite(Infinity); // false\nNumber.isFinite(-Infinity); // false\nNumber.isFinite(\'foo\'); // false\nNumber.isFinite(\'15\'); // false\nNumber.isFinite(true); // false\n```\nNumber.isNaN()用来检查一个值是否为NaN\n```\nNumber.isNaN(NaN) // true\nNumber.isNaN(15) // false\nNumber.isNaN(\'15\') // false\nNumber.isNaN(true) // false\nNumber.isNaN(9/NaN) // true\nNumber.isNaN(\'true\' / 0) // true\nNumber.isNaN(\'true\' / \'true\') // true\n```\n它们与传统的全局方法`isFinite()`和`isNaN()`的区别在于，传统方法先调用`Number()`将非数值的值转为数值，再进行判断，而这两个新方法只对数值有效，`Number.isFinite()`对于非数值一律返回`false`, `Number.isNaN()`只有对于`NaN`才返回`true`，非`NaN`一律返回`false`。\n\n#### 2）Number.isInteger()\n\nNumber.isInteger()用来判断一个数值是否为整数\n```\nNumber.isInteger(5) // true\nNumber.isInteger(5.1) // false\n\n//JavaScript 内部，整数和浮点数采用的是同样的储存方法，所以 5 和 5.0 被视为同一个值\nNumber.isInteger(5) // true\nNumber.isInteger(5.0) // true\n```\n### 5. Math 对象的扩展\n#### 1）Math.trunc() \n`Math.trunc`方法用于去除一个数的小数部分，返回整数部分\n```\nMath.trunc(4.1) // 4\nMath.trunc(4.9) // 4\nMath.trunc(-4.1) // -4\nMath.trunc(-4.9) // -4\nMath.trunc(-0.1234) // -0\n```\n\n\n#### 2）Math.sign() \n\n`Math.sign`方法用来判断一个数到底是正数、负数、还是零。对于非数值，会先将其转换为数值。\n\n它会返回五种值：\n- 参数为正数，返回+1；\n- 参数为负数，返回-1；\n- 参数为 0，返回0；\n- 参数为-0，返回-0;\n- 其他值，返回NaN。\n```\nMath.sign(-5) // -1\nMath.sign(5) // +1\nMath.sign(0) // +0\nMath.sign(-0) // -0\nMath.sign(NaN) // NaN\n```\n### 6.函数的扩展\n#### 1）函数参数的默认值\n\nES6 允许为函数的参数设置默认值，即直接写在参数定义的后面\n```\nfunction log(x, y = \'World\') {\n  console.log(x, y);\n}\n\nlog(\'Hello\') // Hello World\nlog(\'Hello\', \'China\') // Hello China\nlog(\'Hello\', \'\') // Hello\n```\n#### 2）rest 展开运算符\nES6 引入 rest 参数（形式为...变量名），用于获取函数的多余参数，这样就不需要使用arguments对象了。rest 参数搭配的变量是一个数组，该变量将多余的参数放入数组中。\n```\nfunction example(...values){\n    console.log(values)// console: [1,2,3,4]\n}\n\nexample(1,2,3,4) \nvar a = [1,2,3]\nvar b = [...a,4,5,6] //b = [1,2,3,4,5,6]\n```\n#### 3） 箭头函数\n\nES6 提供了新的方式 `=>` 来定义函数\n```\nvar func = parm => parm\n等同于\nvar func = function (parm){\n    return parm\n}\n```\n\n如果函数没有参数或有多个参数，那么：\n```\nvar func = () => //some code\n等同于\nvar func = function (){\n	some code\n}\n\nvar func = (parm1,parm2) => //some code\n等同于\nvar func = function (parm1,parm2){\n	some code\n}\n```\n\n如果箭头函数的函数体只包含一行代码，则可以不需要写大括号以及 return 语句返回（如果有返回值）\n```\nvar sum = (num1,num2) => num1+num2\n等同于\nvar sum = (num1,num2) => {return num1+num2}\n等同于\nvar sum = function(num1,num2){return num1+num2}\n```\n\n箭头函数使得表达更加简洁\n```\n[1,2,3].map( item=> 2 * item)\n等同于\n[1,2,3].map(function(item){\n    return item * 2\n})\n\n[1,3,2].sort((a,b) => a - b)\n```\n### 7.数组的扩展\n\n#### 1）扩展运算符\n\n扩展运算符（spread）是三个点（...）。它好比 rest 参数的逆运算，将一个数组转为用逗号分隔的参数序列。\n```\nconsole.log(...[1, 2, 3])\n// 1 2 3\n\nconsole.log(1, ...[2, 3, 4], 5)\n// 1 2 3 4 5\n```\n#### 2）扩展运算符的应用\n\n- **复制数组**\n\n数组是复合的数据类型，直接复制的话，只是复制了指向底层数据结构的指针，而不是克隆一个全新的数组。\n```\nconst a = [1, 2];\nconst b = a;\n\nb[0] = 2;\na // [2, 2]\n```\n上面代码中，a2并不是a1的克隆，而是指向同一份数据的另一个指针。修改a2，会直接导致a1的变化。\n\nES5 只能用变通方法来复制数组\n```\nconst a = [1, 2];\nconst b = a.concat();\n\nb[0] = 2;\na // [1, 2]\n```\n\n扩展运算符提供了复制数组的简便写法\n```\nconst a1 = [1, 2];\n// 写法一\nconst a2 = [...a1];\n// 写法二\nconst [...a2] = a1;\n```\n- **合并数组**\n\n扩展运算符提供了数组合并的新写法\n```\nconst arr1 = [\'a\', \'b\'];\nconst arr2 = [\'c\'];\nconst arr3 = [\'d\', \'e\'];\n\n// ES5 的合并数组\narr1.concat(arr2, arr3);\n// [ \'a\', \'b\', \'c\', \'d\', \'e\' ]\n\n// ES6 的合并数组\n[...arr1, ...arr2, ...arr3]\n// [ \'a\', \'b\', \'c\', \'d\', \'e\' ]\n```\n- **字符串**\n\n扩展运算符还可以将字符串转为真正的数组\n```\n[...\'hello\']\n// [ \"h\", \"e\", \"l\", \"l\", \"o\" ]\n```\n#### 3） Array.from() \n\nArray.from方法用于将两类对象转为真正的数组：类似数组的对象（array-like object）和可遍历（iterable）的对象（包括 ES6 新增的数据结构 Set 和 Map）。\n```\nlet arrayLike = {\n    \'0\': \'a\',\n    \'1\': \'b\',\n    \'2\': \'c\',\n    length: 3\n};\n\n// ES5的写法\nvar arr1 = [].slice.call(arrayLike); // [\'a\', \'b\', \'c\']\n\n// ES6的写法\nlet arr2 = Array.from(arrayLike); // [\'a\', \'b\', \'c\']\n\nArray.from(\'hello\')\n// [\'h\', \'e\', \'l\', \'l\', \'o\']\n\nlet namesSet = new Set([\'a\', \'b\'])\nArray.from(namesSet) // [\'a\', \'b\']\n```\n#### 4）Array.of() \n\nArray.of方法用于将一组值，转换为数组\n```\nArray.of(3, 11, 8) // [3,11,8]\nArray.of(3) // [3]\nArray.of(3).length // 1\n```\n#### 5）数组实例的 find() 和 findIndex()\n\n数组实例的`find`方法，用于找出第一个符合条件的数组成员。它的参数是一个回调函数，所有数组成员依次执行该回调函数，直到找出第一个返回值为`true`的成员，然后返回该成员。如果没有符合条件的成员，则返回`undefined`。\n```\n[1, 4, -5, 10].find((n) => n < 0)\n// -5\n\n//find方法的回调函数可以接受三个参数，依次为当前的值、当前的位置和原数组\n[1, 5, 10, 15].find(function(value, index, arr) {\n  return value > 9;\n}) // 10\n```\n\n数组实例的`findIndex`方法的用法与`find`方法非常类似，返回第一个符合条件的数组成员的位置，如果所有成员都不符合条件，则返回`-1`\n```\n[1, 5, 10, 15].findIndex(function(value, index, arr) {\n  return value > 9;\n}) // 2\n```\n#### 6）数组实例的 includes()\n\nArray.prototype.includes方法返回一个布尔值，表示某个数组是否包含给定的值，与字符串的includes方法类似。ES2016 引入了该方法。\n```\n[1, 2, 3].includes(2)     // true\n[1, 2, 3].includes(4)     // false\n[1, 2, NaN].includes(NaN) // true\n```\n该方法的第二个参数表示搜索的起始位置，默认为0\n```\n[1, 2, 3].includes(3, 3);  // false\n[1, 2, 3].includes(3, -1); // true\n```\n## 推荐资料\n- [ECMAScript 6 入门](http://es6.ruanyifeng.com/#docs/destructuring)\n\n# 学习目标\n\n1. 了解ES6是什么\n2. 掌握学习内容中的ES6的新特性\n3. 根据推荐资料中的内容自学ES的其它特性（数组的拓展，Module）\n\n# 学习内容\n\n## 一、ECMAScript 6 简介\n\nECMAScript(ES6) 是JavaScript语言的下一代标准，已经在2015年6月正式发布了；在 JavaScript 的基础上做了重大的更新，提供了更优雅的语法和特性。\n\n#### ECMAScript 和 JavaScript 的关系\n\nECMAScript 和 JavaScript 的关系是，前者是后者','付费',1,0,2,1,1,0,0),
	(104,'组织2',NULL,NULL,NULL,5,NULL,'付费',1,0,2,1,1,0,0),
	(106,'copy-组织2',NULL,NULL,NULL,5,NULL,'付费',0,0,2,1,1,0,0),
	(107,'copy-组织编号「2」中的训练营',NULL,NULL,NULL,5,'# 学习目标\n\n1. 了解ES6是什么\n2. 掌握学习内容中的ES6的新特性\n3. 根据推荐资料中的内容自学ES的其它特性（数组的拓展，Module）\n\n# 学习内容\n\n## 一、ECMAScript 6 简介\n\nECMAScript(ES6) 是JavaScript语言的下一代标准，已经在2015年6月正式发布了；在 JavaScript 的基础上做了重大的更新，提供了更优雅的语法和特性。\n\n#### ECMAScript 和 JavaScript 的关系\n\nECMAScript 和 JavaScript 的关系是，前者是后者的规格，后者是前者的一种实现（另外的ECMAScript 方言还有 Jscript 和 ActionScript ）。日常场合，这两个词是可以互换的。那为什么不叫 JavaScript 为换名字了呢？原因如下：\n\n1. 商标，1996年11月，JavaScript的创造者Netscape公司，决定将JavaScript提交给国际标准化组织ECMA，希望这种语言能够成为国际标准。根据授权协议，只有Netscape公司(Javascript 的创造者)可以合法地使用JavaScript这个名字，且 JavaScript 本身也已经被 Netscape 公司注册为商标\n2. 想体现这门语言的制定者是 ECMA，不是 Netscape，这样有利于保证这门语言的开放性和中立性。\n\n## 二、ES6 新特性\n###  1. let 和 const\n\nES6提供了两种新的声明变量的方式：let 和 const。\n#### 1）作用域\n\n let 和 const 相比于 var 声明的变量有块作用域，let 和 const 只在于当前的块作用域中有效。而 var 声明的变量是在函数作用域内有效。\n```\n{\n  let a = 1;  // a 只能在当前块中被访问\n  var b = 1;\n}\na // ReferenceError: a is not defined.\nb // 1\n```\nconst 和 let 的区别则在于， const 声明变量的同时必须立即给一个初始值，且无法在对该值进行修改。如果该初始值是一个对象，那么该对象的值是可以被修改的。\n\n#### 2）变量提升\n\n 变量如果在var 前使用，就会出现「变量提升」现象，值为undefined。let 声明的变量一定要在声明后使用，否则报错。\n```\n// var 的情况\nconsole.log(a); // 输出undefined\nvar a = 1;\n\n// let 的情况\nconsole.log(b); // 报错ReferenceError\nlet b = 1;\n```\n上述代码，`a`变量用`var`声明，会进行变量提升，脚本刚开始执行就已经存在变量`a`,但是变量`a`没有值，所以输出`undefined`；`b`变量用`let`声明，不会发生变量提升，在声明它之前，变量b是不存在的，这时如果用到它，就会抛出一个错误。\n#### 3）const 本质\n\nconst实际上保证的，并不是变量的值不得改动，而是变量指向的那个内存地址所保存的数据不得改动。\n```\nconst user = {};\n\n// 为 user 添加一个属性，可以成功\nuser.age = 23;\nuser.age // 23\n\n// 将 user 指向另一个对象，就会报错\nuser = {}; // TypeError: \"user\" is read-only\n```\n上面代码中，常量user储存的是一个地址，这个地址指向一个对象。不可变的只是这个地址，即不能把user指向另一个地址，但对象本身是可变的，所以依然可以为其添加新属性。\n\n### 2. 变量的解构赋值\n\nES6 允许按照一定模式，从数组和对象中提取值，对变量进行赋值，这被称为解构。\n```\n//以前变量赋值只能直接指定\nlet a = 1;\nlet b = 2;\nlet c = 3;\n//ES6 允许写成下面这样\nlet [a, b, c] = [1, 2, 3];\n```\n\n#### 1）数组的解构\n```\nvar [a,b,c] = [1,2,3] // 结果 a=1 b=2 c=3\nvar [a,[b,c]] = [1,[2,3]] // 结果 a=1 b=2 c=3\n\n//解构不成功\nvar [a] = [];  // a = undefined   \nvar [a, b] = [1]; //a=1 b=undefined\n\n//不完全解构\nvar [a] = [1,2]; //a=1\n\n//默认值\nvar [a=1] = [] //a=1\n```\n**如果等号的右边不是数组（或者严格地说，不是可遍历的结构），那么将会报错**\n```javascript\nlet [a] = 1;\nlet [a] = false;\nlet [a] = NaN;\nlet [a] = undefined;\nlet [a] = null;\nlet [a] = {};\n```\n#### 2）对象的解构\n```\nvar { b, a } = { a: \"aaa\", b: \"bbb\" };\na // \"aaa\"\nb // \"bbb\"\n\nvar { c } = { a: \"aaa\", b: \"bbb\" };\nc // undefined\n\n//变量名与属性名不一致，必须写成下面这样\nlet { a: hello } = { a: \'aaa\', hello: \'bbb\' };\nhello // \"aaa\"\n\n//对象的解构赋值的内部机制，是先找到同名属性，然后再赋给对应的变量\nlet { a: hello } = { a: \"aaa\", hello: \"bbb\" };\nhello // \"aaa\"\na // error: foo is not defined\n\n//对象的解构也可以指定默认值\nvar {x = 3} = {};\nx // 3\nvar {x, y = 5} = {x: 1};\nx // 1\ny // 5\n```\n#### 3）字符串的解构赋值\n\n字符串也可以解构赋值。这是因为此时，字符串被转换成了一个类似数组的对象。\n```\nconst [a, b, c, d, e] = \'hello\';\na // \"h\"\nb // \"e\"\nc // \"l\"\nd // \"l\"\ne // \"o\"\n\n//类似数组的对象都有一个length属性，因此还可以对这个属性解构赋值\nlet {length : len} = \'hello\';\nlen // 5\n```\n### 3.字符串拓展\n#### 1）模版字符串\n\n模板字符串（template string）是增强版的字符串，用反引号（`）标识。它可以当作普通字符串使用，也可以用来定义多行字符串（类似 pre 标签的作用），或者在字符串中嵌入变量。\n```\n// 普通字符串 想要换行需要加上 \'\\n\'\n`In JavaScript \'\\n\' is a line-feed.`\n\n// 多行字符串\n`In JavaScript this is\n not legal.`\n\n// 字符串中嵌入变量\nvar name = \"ac\", time = \"today\";\n`Hello ${name}, how are you ${time}?` // Hello ac, how are you today? \n```\n#### 2）字符串的遍历器接口\n\nES6 为字符串添加了遍历器接口，使得字符串可以被for...of循环遍历\n```\nfor (let codePoint of \'hello\') {\n  console.log(codePoint)\n}\n// \"h\"\n// \"e\"\n// \"l\"\n// \"l\"\n// \"o\"\n```\n#### 3）includes(), startsWith(), endsWith() \n\n在这之前，JavaScript 只有indexOf方法，可以用来确定一个字符串是否包含在另一个字符串中。\n\n**ES6 又提供了三种新方法：**\n- includes()：返回布尔值，表示是否找到了参数字符串。\n- startsWith()：返回布尔值，表示参数字符串是否在原字符串的头部。\n- endsWith()：返回布尔值，表示参数字符串是否在原字符串的尾部。\n```\nlet s = \'Hello world!\';\ns.startsWith(\'Hello\') // true\ns.endsWith(\'!\') // true\ns.includes(\'o\') // true\n这三个方法都支持第二个参数，表示开始搜索的位置。\n\nlet s = \'Hello world!\';\ns.startsWith(\'world\', 6) // true\ns.endsWith(\'Hello\', 5) // true\ns.includes(\'Hello\', 6) // false\n```\n上面代码表示，使用第二个参数n时，endsWith的行为与其他两个方法有所不同。它针对前n个字符，而其他两个方法针对从第n个位置直到字符串结束。\n#### 4）repeat()\n\n`repeat`方法返回一个新字符串，表示将原字符串重复n次。\n```\n\'x\'.repeat(3) // \"xxx\"\n\'hello\'.repeat(2) // \"hellohello\"\n\'na\'.repeat(0) // \"\"\n\n//参数如果是小数，会被取整\n\'na\'.repeat(2.9) // \"nana\"\n\n//如果repeat的参数是负数或者Infinity，会报错。\n\'na\'.repeat(Infinity)\n// RangeError\n\'na\'.repeat(-1)\n// RangeError\n\n//参数是 0 到-1 之间的小数，则等同于 0\n\'na\'.repeat(-0.9) // \"\"\n\n//参数NaN等同于 0。\n\'na\'.repeat(NaN) // \"\"\n\n//如果repeat的参数是字符串，则会先转换成数字。\n\'na\'.repeat(\'na\') // \"\"\n\'na\'.repeat(\'3\') // \"nanana\"\n```\n#### 5）padStart()，padEnd()\n\nES2017 引入了字符串补全长度的功能。如果某个字符串不够指定长度，会在头部或尾部补全。padStart()用于头部补全，padEnd()用于尾部补全。\n```\n\'x\'.padStart(5, \'ab\') // \'ababx\'\n\'x\'.padStart(4, \'ab\') // \'abax\'\n\n\'x\'.padEnd(5, \'ab\') // \'xabab\'\n\'x\'.padEnd(4, \'ab\') // \'xaba\'\n\n//如果原字符串的长度，等于或大于最大长度，则字符串补全不生效，返回原字符串\n\'xxx\'.padStart(2, \'ab\') // \'xxx\'\n\'xxx\'.padEnd(2, \'ab\') // \'xxx\'\n\n//如果省略第二个参数，默认使用空格补全长度\n\'x\'.padStart(4) // \'   x\'\n\'x\'.padEnd(4) // \'x   \'\n```\n### 4.数值的扩展\n#### 1）Number.isFinite(), Number.isNaN()\nES6 在Number对象上，新提供了Number.isFinite()和Number.isNaN()两个方法。\n\nNumber.isFinite()用来检查一个数值是否为有限的（finite），即不是Infinity。\n```\nNumber.isFinite(15); // true\nNumber.isFinite(0.8); // true\nNumber.isFinite(NaN); // false\nNumber.isFinite(Infinity); // false\nNumber.isFinite(-Infinity); // false\nNumber.isFinite(\'foo\'); // false\nNumber.isFinite(\'15\'); // false\nNumber.isFinite(true); // false\n```\nNumber.isNaN()用来检查一个值是否为NaN\n```\nNumber.isNaN(NaN) // true\nNumber.isNaN(15) // false\nNumber.isNaN(\'15\') // false\nNumber.isNaN(true) // false\nNumber.isNaN(9/NaN) // true\nNumber.isNaN(\'true\' / 0) // true\nNumber.isNaN(\'true\' / \'true\') // true\n```\n它们与传统的全局方法`isFinite()`和`isNaN()`的区别在于，传统方法先调用`Number()`将非数值的值转为数值，再进行判断，而这两个新方法只对数值有效，`Number.isFinite()`对于非数值一律返回`false`, `Number.isNaN()`只有对于`NaN`才返回`true`，非`NaN`一律返回`false`。\n\n#### 2）Number.isInteger()\n\nNumber.isInteger()用来判断一个数值是否为整数\n```\nNumber.isInteger(5) // true\nNumber.isInteger(5.1) // false\n\n//JavaScript 内部，整数和浮点数采用的是同样的储存方法，所以 5 和 5.0 被视为同一个值\nNumber.isInteger(5) // true\nNumber.isInteger(5.0) // true\n```\n### 5. Math 对象的扩展\n#### 1）Math.trunc() \n`Math.trunc`方法用于去除一个数的小数部分，返回整数部分\n```\nMath.trunc(4.1) // 4\nMath.trunc(4.9) // 4\nMath.trunc(-4.1) // -4\nMath.trunc(-4.9) // -4\nMath.trunc(-0.1234) // -0\n```\n\n\n#### 2）Math.sign() \n\n`Math.sign`方法用来判断一个数到底是正数、负数、还是零。对于非数值，会先将其转换为数值。\n\n它会返回五种值：\n- 参数为正数，返回+1；\n- 参数为负数，返回-1；\n- 参数为 0，返回0；\n- 参数为-0，返回-0;\n- 其他值，返回NaN。\n```\nMath.sign(-5) // -1\nMath.sign(5) // +1\nMath.sign(0) // +0\nMath.sign(-0) // -0\nMath.sign(NaN) // NaN\n```\n### 6.函数的扩展\n#### 1）函数参数的默认值\n\nES6 允许为函数的参数设置默认值，即直接写在参数定义的后面\n```\nfunction log(x, y = \'World\') {\n  console.log(x, y);\n}\n\nlog(\'Hello\') // Hello World\nlog(\'Hello\', \'China\') // Hello China\nlog(\'Hello\', \'\') // Hello\n```\n#### 2）rest 展开运算符\nES6 引入 rest 参数（形式为...变量名），用于获取函数的多余参数，这样就不需要使用arguments对象了。rest 参数搭配的变量是一个数组，该变量将多余的参数放入数组中。\n```\nfunction example(...values){\n    console.log(values)// console: [1,2,3,4]\n}\n\nexample(1,2,3,4) \nvar a = [1,2,3]\nvar b = [...a,4,5,6] //b = [1,2,3,4,5,6]\n```\n#### 3） 箭头函数\n\nES6 提供了新的方式 `=>` 来定义函数\n```\nvar func = parm => parm\n等同于\nvar func = function (parm){\n    return parm\n}\n```\n\n如果函数没有参数或有多个参数，那么：\n```\nvar func = () => //some code\n等同于\nvar func = function (){\n	some code\n}\n\nvar func = (parm1,parm2) => //some code\n等同于\nvar func = function (parm1,parm2){\n	some code\n}\n```\n\n如果箭头函数的函数体只包含一行代码，则可以不需要写大括号以及 return 语句返回（如果有返回值）\n```\nvar sum = (num1,num2) => num1+num2\n等同于\nvar sum = (num1,num2) => {return num1+num2}\n等同于\nvar sum = function(num1,num2){return num1+num2}\n```\n\n箭头函数使得表达更加简洁\n```\n[1,2,3].map( item=> 2 * item)\n等同于\n[1,2,3].map(function(item){\n    return item * 2\n})\n\n[1,3,2].sort((a,b) => a - b)\n```\n### 7.数组的扩展\n\n#### 1）扩展运算符\n\n扩展运算符（spread）是三个点（...）。它好比 rest 参数的逆运算，将一个数组转为用逗号分隔的参数序列。\n```\nconsole.log(...[1, 2, 3])\n// 1 2 3\n\nconsole.log(1, ...[2, 3, 4], 5)\n// 1 2 3 4 5\n```\n#### 2）扩展运算符的应用\n\n- **复制数组**\n\n数组是复合的数据类型，直接复制的话，只是复制了指向底层数据结构的指针，而不是克隆一个全新的数组。\n```\nconst a = [1, 2];\nconst b = a;\n\nb[0] = 2;\na // [2, 2]\n```\n上面代码中，a2并不是a1的克隆，而是指向同一份数据的另一个指针。修改a2，会直接导致a1的变化。\n\nES5 只能用变通方法来复制数组\n```\nconst a = [1, 2];\nconst b = a.concat();\n\nb[0] = 2;\na // [1, 2]\n```\n\n扩展运算符提供了复制数组的简便写法\n```\nconst a1 = [1, 2];\n// 写法一\nconst a2 = [...a1];\n// 写法二\nconst [...a2] = a1;\n```\n- **合并数组**\n\n扩展运算符提供了数组合并的新写法\n```\nconst arr1 = [\'a\', \'b\'];\nconst arr2 = [\'c\'];\nconst arr3 = [\'d\', \'e\'];\n\n// ES5 的合并数组\narr1.concat(arr2, arr3);\n// [ \'a\', \'b\', \'c\', \'d\', \'e\' ]\n\n// ES6 的合并数组\n[...arr1, ...arr2, ...arr3]\n// [ \'a\', \'b\', \'c\', \'d\', \'e\' ]\n```\n- **字符串**\n\n扩展运算符还可以将字符串转为真正的数组\n```\n[...\'hello\']\n// [ \"h\", \"e\", \"l\", \"l\", \"o\" ]\n```\n#### 3） Array.from() \n\nArray.from方法用于将两类对象转为真正的数组：类似数组的对象（array-like object）和可遍历（iterable）的对象（包括 ES6 新增的数据结构 Set 和 Map）。\n```\nlet arrayLike = {\n    \'0\': \'a\',\n    \'1\': \'b\',\n    \'2\': \'c\',\n    length: 3\n};\n\n// ES5的写法\nvar arr1 = [].slice.call(arrayLike); // [\'a\', \'b\', \'c\']\n\n// ES6的写法\nlet arr2 = Array.from(arrayLike); // [\'a\', \'b\', \'c\']\n\nArray.from(\'hello\')\n// [\'h\', \'e\', \'l\', \'l\', \'o\']\n\nlet namesSet = new Set([\'a\', \'b\'])\nArray.from(namesSet) // [\'a\', \'b\']\n```\n#### 4）Array.of() \n\nArray.of方法用于将一组值，转换为数组\n```\nArray.of(3, 11, 8) // [3,11,8]\nArray.of(3) // [3]\nArray.of(3).length // 1\n```\n#### 5）数组实例的 find() 和 findIndex()\n\n数组实例的`find`方法，用于找出第一个符合条件的数组成员。它的参数是一个回调函数，所有数组成员依次执行该回调函数，直到找出第一个返回值为`true`的成员，然后返回该成员。如果没有符合条件的成员，则返回`undefined`。\n```\n[1, 4, -5, 10].find((n) => n < 0)\n// -5\n\n//find方法的回调函数可以接受三个参数，依次为当前的值、当前的位置和原数组\n[1, 5, 10, 15].find(function(value, index, arr) {\n  return value > 9;\n}) // 10\n```\n\n数组实例的`findIndex`方法的用法与`find`方法非常类似，返回第一个符合条件的数组成员的位置，如果所有成员都不符合条件，则返回`-1`\n```\n[1, 5, 10, 15].findIndex(function(value, index, arr) {\n  return value > 9;\n}) // 2\n```\n#### 6）数组实例的 includes()\n\nArray.prototype.includes方法返回一个布尔值，表示某个数组是否包含给定的值，与字符串的includes方法类似。ES2016 引入了该方法。\n```\n[1, 2, 3].includes(2)     // true\n[1, 2, 3].includes(4)     // false\n[1, 2, NaN].includes(NaN) // true\n```\n该方法的第二个参数表示搜索的起始位置，默认为0\n```\n[1, 2, 3].includes(3, 3);  // false\n[1, 2, 3].includes(3, -1); // true\n```\n## 推荐资料\n- [ECMAScript 6 入门](http://es6.ruanyifeng.com/#docs/destructuring)\n\n# 学习目标\n\n1. 了解ES6是什么\n2. 掌握学习内容中的ES6的新特性\n3. 根据推荐资料中的内容自学ES的其它特性（数组的拓展，Module）\n\n# 学习内容\n\n## 一、ECMAScript 6 简介\n\nECMAScript(ES6) 是JavaScript语言的下一代标准，已经在2015年6月正式发布了；在 JavaScript 的基础上做了重大的更新，提供了更优雅的语法和特性。\n\n#### ECMAScript 和 JavaScript 的关系\n\nECMAScript 和 JavaScript 的关系是，前者是后者# 学习目标\n\n1. 了解ES6是什么\n2. 掌握学习内容中的ES6的新特性\n3. 根据推荐资料中的内容自学ES的其它特性（数组的拓展，Module）\n\n# 学习内容\n\n## 一、ECMAScript 6 简介\n\nECMAScript(ES6) 是JavaScript语言的下一代标准，已经在2015年6月正式发布了；在 JavaScript 的基础上做了重大的更新，提供了更优雅的语法和特性。\n\n#### ECMAScript 和 JavaScript 的关系\n\nECMAScript 和 JavaScript 的关系是，前者是后者的规格，后者是前者的一种实现（另外的ECMAScript 方言还有 Jscript 和 ActionScript ）。日常场合，这两个词是可以互换的。那为什么不叫 JavaScript 为换名字了呢？原因如下：\n\n1. 商标，1996年11月，JavaScript的创造者Netscape公司，决定将JavaScript提交给国际标准化组织ECMA，希望这种语言能够成为国际标准。根据授权协议，只有Netscape公司(Javascript 的创造者)可以合法地使用JavaScript这个名字，且 JavaScript 本身也已经被 Netscape 公司注册为商标\n2. 想体现这门语言的制定者是 ECMA，不是 Netscape，这样有利于保证这门语言的开放性和中立性。\n\n## 二、ES6 新特性\n###  1. let 和 const\n\nES6提供了两种新的声明变量的方式：let 和 const。\n#### 1）作用域\n\n let 和 const 相比于 var 声明的变量有块作用域，let 和 const 只在于当前的块作用域中有效。而 var 声明的变量是在函数作用域内有效。\n```\n{\n  let a = 1;  // a 只能在当前块中被访问\n  var b = 1;\n}\na // ReferenceError: a is not defined.\nb // 1\n```\nconst 和 let 的区别则在于， const 声明变量的同时必须立即给一个初始值，且无法在对该值进行修改。如果该初始值是一个对象，那么该对象的值是可以被修改的。\n\n#### 2）变量提升\n\n 变量如果在var 前使用，就会出现「变量提升」现象，值为undefined。let 声明的变量一定要在声明后使用，否则报错。\n```\n// var 的情况\nconsole.log(a); // 输出undefined\nvar a = 1;\n\n// let 的情况\nconsole.log(b); // 报错ReferenceError\nlet b = 1;\n```\n上述代码，`a`变量用`var`声明，会进行变量提升，脚本刚开始执行就已经存在变量`a`,但是变量`a`没有值，所以输出`undefined`；`b`变量用`let`声明，不会发生变量提升，在声明它之前，变量b是不存在的，这时如果用到它，就会抛出一个错误。\n#### 3）const 本质\n\nconst实际上保证的，并不是变量的值不得改动，而是变量指向的那个内存地址所保存的数据不得改动。\n```\nconst user = {};\n\n// 为 user 添加一个属性，可以成功\nuser.age = 23;\nuser.age // 23\n\n// 将 user 指向另一个对象，就会报错\nuser = {}; // TypeError: \"user\" is read-only\n```\n上面代码中，常量user储存的是一个地址，这个地址指向一个对象。不可变的只是这个地址，即不能把user指向另一个地址，但对象本身是可变的，所以依然可以为其添加新属性。\n\n### 2. 变量的解构赋值\n\nES6 允许按照一定模式，从数组和对象中提取值，对变量进行赋值，这被称为解构。\n```\n//以前变量赋值只能直接指定\nlet a = 1;\nlet b = 2;\nlet c = 3;\n//ES6 允许写成下面这样\nlet [a, b, c] = [1, 2, 3];\n```\n\n#### 1）数组的解构\n```\nvar [a,b,c] = [1,2,3] // 结果 a=1 b=2 c=3\nvar [a,[b,c]] = [1,[2,3]] // 结果 a=1 b=2 c=3\n\n//解构不成功\nvar [a] = [];  // a = undefined   \nvar [a, b] = [1]; //a=1 b=undefined\n\n//不完全解构\nvar [a] = [1,2]; //a=1\n\n//默认值\nvar [a=1] = [] //a=1\n```\n**如果等号的右边不是数组（或者严格地说，不是可遍历的结构），那么将会报错**\n```javascript\nlet [a] = 1;\nlet [a] = false;\nlet [a] = NaN;\nlet [a] = undefined;\nlet [a] = null;\nlet [a] = {};\n```\n#### 2）对象的解构\n```\nvar { b, a } = { a: \"aaa\", b: \"bbb\" };\na // \"aaa\"\nb // \"bbb\"\n\nvar { c } = { a: \"aaa\", b: \"bbb\" };\nc // undefined\n\n//变量名与属性名不一致，必须写成下面这样\nlet { a: hello } = { a: \'aaa\', hello: \'bbb\' };\nhello // \"aaa\"\n\n//对象的解构赋值的内部机制，是先找到同名属性，然后再赋给对应的变量\nlet { a: hello } = { a: \"aaa\", hello: \"bbb\" };\nhello // \"aaa\"\na // error: foo is not defined\n\n//对象的解构也可以指定默认值\nvar {x = 3} = {};\nx // 3\nvar {x, y = 5} = {x: 1};\nx // 1\ny // 5\n```\n#### 3）字符串的解构赋值\n\n字符串也可以解构赋值。这是因为此时，字符串被转换成了一个类似数组的对象。\n```\nconst [a, b, c, d, e] = \'hello\';\na // \"h\"\nb // \"e\"\nc // \"l\"\nd // \"l\"\ne // \"o\"\n\n//类似数组的对象都有一个length属性，因此还可以对这个属性解构赋值\nlet {length : len} = \'hello\';\nlen // 5\n```\n### 3.字符串拓展\n#### 1）模版字符串\n\n模板字符串（template string）是增强版的字符串，用反引号（`）标识。它可以当作普通字符串使用，也可以用来定义多行字符串（类似 pre 标签的作用），或者在字符串中嵌入变量。\n```\n// 普通字符串 想要换行需要加上 \'\\n\'\n`In JavaScript \'\\n\' is a line-feed.`\n\n// 多行字符串\n`In JavaScript this is\n not legal.`\n\n// 字符串中嵌入变量\nvar name = \"ac\", time = \"today\";\n`Hello ${name}, how are you ${time}?` // Hello ac, how are you today? \n```\n#### 2）字符串的遍历器接口\n\nES6 为字符串添加了遍历器接口，使得字符串可以被for...of循环遍历\n```\nfor (let codePoint of \'hello\') {\n  console.log(codePoint)\n}\n// \"h\"\n// \"e\"\n// \"l\"\n// \"l\"\n// \"o\"\n```\n#### 3）includes(), startsWith(), endsWith() \n\n在这之前，JavaScript 只有indexOf方法，可以用来确定一个字符串是否包含在另一个字符串中。\n\n**ES6 又提供了三种新方法：**\n- includes()：返回布尔值，表示是否找到了参数字符串。\n- startsWith()：返回布尔值，表示参数字符串是否在原字符串的头部。\n- endsWith()：返回布尔值，表示参数字符串是否在原字符串的尾部。\n```\nlet s = \'Hello world!\';\ns.startsWith(\'Hello\') // true\ns.endsWith(\'!\') // true\ns.includes(\'o\') // true\n这三个方法都支持第二个参数，表示开始搜索的位置。\n\nlet s = \'Hello world!\';\ns.startsWith(\'world\', 6) // true\ns.endsWith(\'Hello\', 5) // true\ns.includes(\'Hello\', 6) // false\n```\n上面代码表示，使用第二个参数n时，endsWith的行为与其他两个方法有所不同。它针对前n个字符，而其他两个方法针对从第n个位置直到字符串结束。\n#### 4）repeat()\n\n`repeat`方法返回一个新字符串，表示将原字符串重复n次。\n```\n\'x\'.repeat(3) // \"xxx\"\n\'hello\'.repeat(2) // \"hellohello\"\n\'na\'.repeat(0) // \"\"\n\n//参数如果是小数，会被取整\n\'na\'.repeat(2.9) // \"nana\"\n\n//如果repeat的参数是负数或者Infinity，会报错。\n\'na\'.repeat(Infinity)\n// RangeError\n\'na\'.repeat(-1)\n// RangeError\n\n//参数是 0 到-1 之间的小数，则等同于 0\n\'na\'.repeat(-0.9) // \"\"\n\n//参数NaN等同于 0。\n\'na\'.repeat(NaN) // \"\"\n\n//如果repeat的参数是字符串，则会先转换成数字。\n\'na\'.repeat(\'na\') // \"\"\n\'na\'.repeat(\'3\') // \"nanana\"\n```\n#### 5）padStart()，padEnd()\n\nES2017 引入了字符串补全长度的功能。如果某个字符串不够指定长度，会在头部或尾部补全。padStart()用于头部补全，padEnd()用于尾部补全。\n```\n\'x\'.padStart(5, \'ab\') // \'ababx\'\n\'x\'.padStart(4, \'ab\') // \'abax\'\n\n\'x\'.padEnd(5, \'ab\') // \'xabab\'\n\'x\'.padEnd(4, \'ab\') // \'xaba\'\n\n//如果原字符串的长度，等于或大于最大长度，则字符串补全不生效，返回原字符串\n\'xxx\'.padStart(2, \'ab\') // \'xxx\'\n\'xxx\'.padEnd(2, \'ab\') // \'xxx\'\n\n//如果省略第二个参数，默认使用空格补全长度\n\'x\'.padStart(4) // \'   x\'\n\'x\'.padEnd(4) // \'x   \'\n```\n### 4.数值的扩展\n#### 1）Number.isFinite(), Number.isNaN()\nES6 在Number对象上，新提供了Number.isFinite()和Number.isNaN()两个方法。\n\nNumber.isFinite()用来检查一个数值是否为有限的（finite），即不是Infinity。\n```\nNumber.isFinite(15); // true\nNumber.isFinite(0.8); // true\nNumber.isFinite(NaN); // false\nNumber.isFinite(Infinity); // false\nNumber.isFinite(-Infinity); // false\nNumber.isFinite(\'foo\'); // false\nNumber.isFinite(\'15\'); // false\nNumber.isFinite(true); // false\n```\nNumber.isNaN()用来检查一个值是否为NaN\n```\nNumber.isNaN(NaN) // true\nNumber.isNaN(15) // false\nNumber.isNaN(\'15\') // false\nNumber.isNaN(true) // false\nNumber.isNaN(9/NaN) // true\nNumber.isNaN(\'true\' / 0) // true\nNumber.isNaN(\'true\' / \'true\') // true\n```\n它们与传统的全局方法`isFinite()`和`isNaN()`的区别在于，传统方法先调用`Number()`将非数值的值转为数值，再进行判断，而这两个新方法只对数值有效，`Number.isFinite()`对于非数值一律返回`false`, `Number.isNaN()`只有对于`NaN`才返回`true`，非`NaN`一律返回`false`。\n\n#### 2）Number.isInteger()\n\nNumber.isInteger()用来判断一个数值是否为整数\n```\nNumber.isInteger(5) // true\nNumber.isInteger(5.1) // false\n\n//JavaScript 内部，整数和浮点数采用的是同样的储存方法，所以 5 和 5.0 被视为同一个值\nNumber.isInteger(5) // true\nNumber.isInteger(5.0) // true\n```\n### 5. Math 对象的扩展\n#### 1）Math.trunc() \n`Math.trunc`方法用于去除一个数的小数部分，返回整数部分\n```\nMath.trunc(4.1) // 4\nMath.trunc(4.9) // 4\nMath.trunc(-4.1) // -4\nMath.trunc(-4.9) // -4\nMath.trunc(-0.1234) // -0\n```\n\n\n#### 2）Math.sign() \n\n`Math.sign`方法用来判断一个数到底是正数、负数、还是零。对于非数值，会先将其转换为数值。\n\n它会返回五种值：\n- 参数为正数，返回+1；\n- 参数为负数，返回-1；\n- 参数为 0，返回0；\n- 参数为-0，返回-0;\n- 其他值，返回NaN。\n```\nMath.sign(-5) // -1\nMath.sign(5) // +1\nMath.sign(0) // +0\nMath.sign(-0) // -0\nMath.sign(NaN) // NaN\n```\n### 6.函数的扩展\n#### 1）函数参数的默认值\n\nES6 允许为函数的参数设置默认值，即直接写在参数定义的后面\n```\nfunction log(x, y = \'World\') {\n  console.log(x, y);\n}\n\nlog(\'Hello\') // Hello World\nlog(\'Hello\', \'China\') // Hello China\nlog(\'Hello\', \'\') // Hello\n```\n#### 2）rest 展开运算符\nES6 引入 rest 参数（形式为...变量名），用于获取函数的多余参数，这样就不需要使用arguments对象了。rest 参数搭配的变量是一个数组，该变量将多余的参数放入数组中。\n```\nfunction example(...values){\n    console.log(values)// console: [1,2,3,4]\n}\n\nexample(1,2,3,4) \nvar a = [1,2,3]\nvar b = [...a,4,5,6] //b = [1,2,3,4,5,6]\n```\n#### 3） 箭头函数\n\nES6 提供了新的方式 `=>` 来定义函数\n```\nvar func = parm => parm\n等同于\nvar func = function (parm){\n    return parm\n}\n```\n\n如果函数没有参数或有多个参数，那么：\n```\nvar func = () => //some code\n等同于\nvar func = function (){\n	some code\n}\n\nvar func = (parm1,parm2) => //some code\n等同于\nvar func = function (parm1,parm2){\n	some code\n}\n```\n\n如果箭头函数的函数体只包含一行代码，则可以不需要写大括号以及 return 语句返回（如果有返回值）\n```\nvar sum = (num1,num2) => num1+num2\n等同于\nvar sum = (num1,num2) => {return num1+num2}\n等同于\nvar sum = function(num1,num2){return num1+num2}\n```\n\n箭头函数使得表达更加简洁\n```\n[1,2,3].map( item=> 2 * item)\n等同于\n[1,2,3].map(function(item){\n    return item * 2\n})\n\n[1,3,2].sort((a,b) => a - b)\n```\n### 7.数组的扩展\n\n#### 1）扩展运算符\n\n扩展运算符（spread）是三个点（...）。它好比 rest 参数的逆运算，将一个数组转为用逗号分隔的参数序列。\n```\nconsole.log(...[1, 2, 3])\n// 1 2 3\n\nconsole.log(1, ...[2, 3, 4], 5)\n// 1 2 3 4 5\n```\n#### 2）扩展运算符的应用\n\n- **复制数组**\n\n数组是复合的数据类型，直接复制的话，只是复制了指向底层数据结构的指针，而不是克隆一个全新的数组。\n```\nconst a = [1, 2];\nconst b = a;\n\nb[0] = 2;\na // [2, 2]\n```\n上面代码中，a2并不是a1的克隆，而是指向同一份数据的另一个指针。修改a2，会直接导致a1的变化。\n\nES5 只能用变通方法来复制数组\n```\nconst a = [1, 2];\nconst b = a.concat();\n\nb[0] = 2;\na // [1, 2]\n```\n\n扩展运算符提供了复制数组的简便写法\n```\nconst a1 = [1, 2];\n// 写法一\nconst a2 = [...a1];\n// 写法二\nconst [...a2] = a1;\n```\n- **合并数组**\n\n扩展运算符提供了数组合并的新写法\n```\nconst arr1 = [\'a\', \'b\'];\nconst arr2 = [\'c\'];\nconst arr3 = [\'d\', \'e\'];\n\n// ES5 的合并数组\narr1.concat(arr2, arr3);\n// [ \'a\', \'b\', \'c\', \'d\', \'e\' ]\n\n// ES6 的合并数组\n[...arr1, ...arr2, ...arr3]\n// [ \'a\', \'b\', \'c\', \'d\', \'e\' ]\n```\n- **字符串**\n\n扩展运算符还可以将字符串转为真正的数组\n```\n[...\'hello\']\n// [ \"h\", \"e\", \"l\", \"l\", \"o\" ]\n```\n#### 3） Array.from() \n\nArray.from方法用于将两类对象转为真正的数组：类似数组的对象（array-like object）和可遍历（iterable）的对象（包括 ES6 新增的数据结构 Set 和 Map）。\n```\nlet arrayLike = {\n    \'0\': \'a\',\n    \'1\': \'b\',\n    \'2\': \'c\',\n    length: 3\n};\n\n// ES5的写法\nvar arr1 = [].slice.call(arrayLike); // [\'a\', \'b\', \'c\']\n\n// ES6的写法\nlet arr2 = Array.from(arrayLike); // [\'a\', \'b\', \'c\']\n\nArray.from(\'hello\')\n// [\'h\', \'e\', \'l\', \'l\', \'o\']\n\nlet namesSet = new Set([\'a\', \'b\'])\nArray.from(namesSet) // [\'a\', \'b\']\n```\n#### 4）Array.of() \n\nArray.of方法用于将一组值，转换为数组\n```\nArray.of(3, 11, 8) // [3,11,8]\nArray.of(3) // [3]\nArray.of(3).length // 1\n```\n#### 5）数组实例的 find() 和 findIndex()\n\n数组实例的`find`方法，用于找出第一个符合条件的数组成员。它的参数是一个回调函数，所有数组成员依次执行该回调函数，直到找出第一个返回值为`true`的成员，然后返回该成员。如果没有符合条件的成员，则返回`undefined`。\n```\n[1, 4, -5, 10].find((n) => n < 0)\n// -5\n\n//find方法的回调函数可以接受三个参数，依次为当前的值、当前的位置和原数组\n[1, 5, 10, 15].find(function(value, index, arr) {\n  return value > 9;\n}) // 10\n```\n\n数组实例的`findIndex`方法的用法与`find`方法非常类似，返回第一个符合条件的数组成员的位置，如果所有成员都不符合条件，则返回`-1`\n```\n[1, 5, 10, 15].findIndex(function(value, index, arr) {\n  return value > 9;\n}) // 2\n```\n#### 6）数组实例的 includes()\n\nArray.prototype.includes方法返回一个布尔值，表示某个数组是否包含给定的值，与字符串的includes方法类似。ES2016 引入了该方法。\n```\n[1, 2, 3].includes(2)     // true\n[1, 2, 3].includes(4)     // false\n[1, 2, NaN].includes(NaN) // true\n```\n该方法的第二个参数表示搜索的起始位置，默认为0\n```\n[1, 2, 3].includes(3, 3);  // false\n[1, 2, 3].includes(3, -1); // true\n```\n## 推荐资料\n- [ECMAScript 6 入门](http://es6.ruanyifeng.com/#docs/destructuring)\n\n# 学习目标\n\n1. 了解ES6是什么\n2. 掌握学习内容中的ES6的新特性\n3. 根据推荐资料中的内容自学ES的其它特性（数组的拓展，Module）\n\n# 学习内容\n\n## 一、ECMAScript 6 简介\n\nECMAScript(ES6) 是JavaScript语言的下一代标准，已经在2015年6月正式发布了；在 JavaScript 的基础上做了重大的更新，提供了更优雅的语法和特性。\n\n#### ECMAScript 和 JavaScript 的关系\n\nECMAScript 和 JavaScript 的关系是，前者是后者','付费',0,0,2,1,1,0,0),
	(108,'组织组织编号「2」中的训练营',NULL,NULL,NULL,5,'# 学习目标\n\n1. 了解ES6是什么\n2. 掌握学习内容中的ES6的新特性\n3. 根据推荐资料中的内容自学ES的其它特性（数组的拓展，Module）\n\n# 学习内容\n\n## 一、ECMAScript 6 简介\n\nECMAScript(ES6) 是JavaScript语言的下一代标准，已经在2015年6月正式发布了；在 JavaScript 的基础上做了重大的更新，提供了更优雅的语法和特性。\n\n#### ECMAScript 和 JavaScript 的关系\n\nECMAScript 和 JavaScript 的关系是，前者是后者的规格，后者是前者的一种实现（另外的ECMAScript 方言还有 Jscript 和 ActionScript ）。日常场合，这两个词是可以互换的。那为什么不叫 JavaScript 为换名字了呢？原因如下：\n\n1. 商标，1996年11月，JavaScript的创造者Netscape公司，决定将JavaScript提交给国际标准化组织ECMA，希望这种语言能够成为国际标准。根据授权协议，只有Netscape公司(Javascript 的创造者)可以合法地使用JavaScript这个名字，且 JavaScript 本身也已经被 Netscape 公司注册为商标\n2. 想体现这门语言的制定者是 ECMA，不是 Netscape，这样有利于保证这门语言的开放性和中立性。\n\n## 二、ES6 新特性\n###  1. let 和 const\n\nES6提供了两种新的声明变量的方式：let 和 const。\n#### 1）作用域\n\n let 和 const 相比于 var 声明的变量有块作用域，let 和 const 只在于当前的块作用域中有效。而 var 声明的变量是在函数作用域内有效。\n```\n{\n  let a = 1;  // a 只能在当前块中被访问\n  var b = 1;\n}\na // ReferenceError: a is not defined.\nb // 1\n```\nconst 和 let 的区别则在于， const 声明变量的同时必须立即给一个初始值，且无法在对该值进行修改。如果该初始值是一个对象，那么该对象的值是可以被修改的。\n\n#### 2）变量提升\n\n 变量如果在var 前使用，就会出现「变量提升」现象，值为undefined。let 声明的变量一定要在声明后使用，否则报错。\n```\n// var 的情况\nconsole.log(a); // 输出undefined\nvar a = 1;\n\n// let 的情况\nconsole.log(b); // 报错ReferenceError\nlet b = 1;\n```\n上述代码，`a`变量用`var`声明，会进行变量提升，脚本刚开始执行就已经存在变量`a`,但是变量`a`没有值，所以输出`undefined`；`b`变量用`let`声明，不会发生变量提升，在声明它之前，变量b是不存在的，这时如果用到它，就会抛出一个错误。\n#### 3）const 本质\n\nconst实际上保证的，并不是变量的值不得改动，而是变量指向的那个内存地址所保存的数据不得改动。\n```\nconst user = {};\n\n// 为 user 添加一个属性，可以成功\nuser.age = 23;\nuser.age // 23\n\n// 将 user 指向另一个对象，就会报错\nuser = {}; // TypeError: \"user\" is read-only\n```\n上面代码中，常量user储存的是一个地址，这个地址指向一个对象。不可变的只是这个地址，即不能把user指向另一个地址，但对象本身是可变的，所以依然可以为其添加新属性。\n\n### 2. 变量的解构赋值\n\nES6 允许按照一定模式，从数组和对象中提取值，对变量进行赋值，这被称为解构。\n```\n//以前变量赋值只能直接指定\nlet a = 1;\nlet b = 2;\nlet c = 3;\n//ES6 允许写成下面这样\nlet [a, b, c] = [1, 2, 3];\n```\n\n#### 1）数组的解构\n```\nvar [a,b,c] = [1,2,3] // 结果 a=1 b=2 c=3\nvar [a,[b,c]] = [1,[2,3]] // 结果 a=1 b=2 c=3\n\n//解构不成功\nvar [a] = [];  // a = undefined   \nvar [a, b] = [1]; //a=1 b=undefined\n\n//不完全解构\nvar [a] = [1,2]; //a=1\n\n//默认值\nvar [a=1] = [] //a=1\n```\n**如果等号的右边不是数组（或者严格地说，不是可遍历的结构），那么将会报错**\n```javascript\nlet [a] = 1;\nlet [a] = false;\nlet [a] = NaN;\nlet [a] = undefined;\nlet [a] = null;\nlet [a] = {};\n```\n#### 2）对象的解构\n```\nvar { b, a } = { a: \"aaa\", b: \"bbb\" };\na // \"aaa\"\nb // \"bbb\"\n\nvar { c } = { a: \"aaa\", b: \"bbb\" };\nc // undefined\n\n//变量名与属性名不一致，必须写成下面这样\nlet { a: hello } = { a: \'aaa\', hello: \'bbb\' };\nhello // \"aaa\"\n\n//对象的解构赋值的内部机制，是先找到同名属性，然后再赋给对应的变量\nlet { a: hello } = { a: \"aaa\", hello: \"bbb\" };\nhello // \"aaa\"\na // error: foo is not defined\n\n//对象的解构也可以指定默认值\nvar {x = 3} = {};\nx // 3\nvar {x, y = 5} = {x: 1};\nx // 1\ny // 5\n```\n#### 3）字符串的解构赋值\n\n字符串也可以解构赋值。这是因为此时，字符串被转换成了一个类似数组的对象。\n```\nconst [a, b, c, d, e] = \'hello\';\na // \"h\"\nb // \"e\"\nc // \"l\"\nd // \"l\"\ne // \"o\"\n\n//类似数组的对象都有一个length属性，因此还可以对这个属性解构赋值\nlet {length : len} = \'hello\';\nlen // 5\n```\n### 3.字符串拓展\n#### 1）模版字符串\n\n模板字符串（template string）是增强版的字符串，用反引号（`）标识。它可以当作普通字符串使用，也可以用来定义多行字符串（类似 pre 标签的作用），或者在字符串中嵌入变量。\n```\n// 普通字符串 想要换行需要加上 \'\\n\'\n`In JavaScript \'\\n\' is a line-feed.`\n\n// 多行字符串\n`In JavaScript this is\n not legal.`\n\n// 字符串中嵌入变量\nvar name = \"ac\", time = \"today\";\n`Hello ${name}, how are you ${time}?` // Hello ac, how are you today? \n```\n#### 2）字符串的遍历器接口\n\nES6 为字符串添加了遍历器接口，使得字符串可以被for...of循环遍历\n```\nfor (let codePoint of \'hello\') {\n  console.log(codePoint)\n}\n// \"h\"\n// \"e\"\n// \"l\"\n// \"l\"\n// \"o\"\n```\n#### 3）includes(), startsWith(), endsWith() \n\n在这之前，JavaScript 只有indexOf方法，可以用来确定一个字符串是否包含在另一个字符串中。\n\n**ES6 又提供了三种新方法：**\n- includes()：返回布尔值，表示是否找到了参数字符串。\n- startsWith()：返回布尔值，表示参数字符串是否在原字符串的头部。\n- endsWith()：返回布尔值，表示参数字符串是否在原字符串的尾部。\n```\nlet s = \'Hello world!\';\ns.startsWith(\'Hello\') // true\ns.endsWith(\'!\') // true\ns.includes(\'o\') // true\n这三个方法都支持第二个参数，表示开始搜索的位置。\n\nlet s = \'Hello world!\';\ns.startsWith(\'world\', 6) // true\ns.endsWith(\'Hello\', 5) // true\ns.includes(\'Hello\', 6) // false\n```\n上面代码表示，使用第二个参数n时，endsWith的行为与其他两个方法有所不同。它针对前n个字符，而其他两个方法针对从第n个位置直到字符串结束。\n#### 4）repeat()\n\n`repeat`方法返回一个新字符串，表示将原字符串重复n次。\n```\n\'x\'.repeat(3) // \"xxx\"\n\'hello\'.repeat(2) // \"hellohello\"\n\'na\'.repeat(0) // \"\"\n\n//参数如果是小数，会被取整\n\'na\'.repeat(2.9) // \"nana\"\n\n//如果repeat的参数是负数或者Infinity，会报错。\n\'na\'.repeat(Infinity)\n// RangeError\n\'na\'.repeat(-1)\n// RangeError\n\n//参数是 0 到-1 之间的小数，则等同于 0\n\'na\'.repeat(-0.9) // \"\"\n\n//参数NaN等同于 0。\n\'na\'.repeat(NaN) // \"\"\n\n//如果repeat的参数是字符串，则会先转换成数字。\n\'na\'.repeat(\'na\') // \"\"\n\'na\'.repeat(\'3\') // \"nanana\"\n```\n#### 5）padStart()，padEnd()\n\nES2017 引入了字符串补全长度的功能。如果某个字符串不够指定长度，会在头部或尾部补全。padStart()用于头部补全，padEnd()用于尾部补全。\n```\n\'x\'.padStart(5, \'ab\') // \'ababx\'\n\'x\'.padStart(4, \'ab\') // \'abax\'\n\n\'x\'.padEnd(5, \'ab\') // \'xabab\'\n\'x\'.padEnd(4, \'ab\') // \'xaba\'\n\n//如果原字符串的长度，等于或大于最大长度，则字符串补全不生效，返回原字符串\n\'xxx\'.padStart(2, \'ab\') // \'xxx\'\n\'xxx\'.padEnd(2, \'ab\') // \'xxx\'\n\n//如果省略第二个参数，默认使用空格补全长度\n\'x\'.padStart(4) // \'   x\'\n\'x\'.padEnd(4) // \'x   \'\n```\n### 4.数值的扩展\n#### 1）Number.isFinite(), Number.isNaN()\nES6 在Number对象上，新提供了Number.isFinite()和Number.isNaN()两个方法。\n\nNumber.isFinite()用来检查一个数值是否为有限的（finite），即不是Infinity。\n```\nNumber.isFinite(15); // true\nNumber.isFinite(0.8); // true\nNumber.isFinite(NaN); // false\nNumber.isFinite(Infinity); // false\nNumber.isFinite(-Infinity); // false\nNumber.isFinite(\'foo\'); // false\nNumber.isFinite(\'15\'); // false\nNumber.isFinite(true); // false\n```\nNumber.isNaN()用来检查一个值是否为NaN\n```\nNumber.isNaN(NaN) // true\nNumber.isNaN(15) // false\nNumber.isNaN(\'15\') // false\nNumber.isNaN(true) // false\nNumber.isNaN(9/NaN) // true\nNumber.isNaN(\'true\' / 0) // true\nNumber.isNaN(\'true\' / \'true\') // true\n```\n它们与传统的全局方法`isFinite()`和`isNaN()`的区别在于，传统方法先调用`Number()`将非数值的值转为数值，再进行判断，而这两个新方法只对数值有效，`Number.isFinite()`对于非数值一律返回`false`, `Number.isNaN()`只有对于`NaN`才返回`true`，非`NaN`一律返回`false`。\n\n#### 2）Number.isInteger()\n\nNumber.isInteger()用来判断一个数值是否为整数\n```\nNumber.isInteger(5) // true\nNumber.isInteger(5.1) // false\n\n//JavaScript 内部，整数和浮点数采用的是同样的储存方法，所以 5 和 5.0 被视为同一个值\nNumber.isInteger(5) // true\nNumber.isInteger(5.0) // true\n```\n### 5. Math 对象的扩展\n#### 1）Math.trunc() \n`Math.trunc`方法用于去除一个数的小数部分，返回整数部分\n```\nMath.trunc(4.1) // 4\nMath.trunc(4.9) // 4\nMath.trunc(-4.1) // -4\nMath.trunc(-4.9) // -4\nMath.trunc(-0.1234) // -0\n```\n\n\n#### 2）Math.sign() \n\n`Math.sign`方法用来判断一个数到底是正数、负数、还是零。对于非数值，会先将其转换为数值。\n\n它会返回五种值：\n- 参数为正数，返回+1；\n- 参数为负数，返回-1；\n- 参数为 0，返回0；\n- 参数为-0，返回-0;\n- 其他值，返回NaN。\n```\nMath.sign(-5) // -1\nMath.sign(5) // +1\nMath.sign(0) // +0\nMath.sign(-0) // -0\nMath.sign(NaN) // NaN\n```\n### 6.函数的扩展\n#### 1）函数参数的默认值\n\nES6 允许为函数的参数设置默认值，即直接写在参数定义的后面\n```\nfunction log(x, y = \'World\') {\n  console.log(x, y);\n}\n\nlog(\'Hello\') // Hello World\nlog(\'Hello\', \'China\') // Hello China\nlog(\'Hello\', \'\') // Hello\n```\n#### 2）rest 展开运算符\nES6 引入 rest 参数（形式为...变量名），用于获取函数的多余参数，这样就不需要使用arguments对象了。rest 参数搭配的变量是一个数组，该变量将多余的参数放入数组中。\n```\nfunction example(...values){\n    console.log(values)// console: [1,2,3,4]\n}\n\nexample(1,2,3,4) \nvar a = [1,2,3]\nvar b = [...a,4,5,6] //b = [1,2,3,4,5,6]\n```\n#### 3） 箭头函数\n\nES6 提供了新的方式 `=>` 来定义函数\n```\nvar func = parm => parm\n等同于\nvar func = function (parm){\n    return parm\n}\n```\n\n如果函数没有参数或有多个参数，那么：\n```\nvar func = () => //some code\n等同于\nvar func = function (){\n	some code\n}\n\nvar func = (parm1,parm2) => //some code\n等同于\nvar func = function (parm1,parm2){\n	some code\n}\n```\n\n如果箭头函数的函数体只包含一行代码，则可以不需要写大括号以及 return 语句返回（如果有返回值）\n```\nvar sum = (num1,num2) => num1+num2\n等同于\nvar sum = (num1,num2) => {return num1+num2}\n等同于\nvar sum = function(num1,num2){return num1+num2}\n```\n\n箭头函数使得表达更加简洁\n```\n[1,2,3].map( item=> 2 * item)\n等同于\n[1,2,3].map(function(item){\n    return item * 2\n})\n\n[1,3,2].sort((a,b) => a - b)\n```\n### 7.数组的扩展\n\n#### 1）扩展运算符\n\n扩展运算符（spread）是三个点（...）。它好比 rest 参数的逆运算，将一个数组转为用逗号分隔的参数序列。\n```\nconsole.log(...[1, 2, 3])\n// 1 2 3\n\nconsole.log(1, ...[2, 3, 4], 5)\n// 1 2 3 4 5\n```\n#### 2）扩展运算符的应用\n\n- **复制数组**\n\n数组是复合的数据类型，直接复制的话，只是复制了指向底层数据结构的指针，而不是克隆一个全新的数组。\n```\nconst a = [1, 2];\nconst b = a;\n\nb[0] = 2;\na // [2, 2]\n```\n上面代码中，a2并不是a1的克隆，而是指向同一份数据的另一个指针。修改a2，会直接导致a1的变化。\n\nES5 只能用变通方法来复制数组\n```\nconst a = [1, 2];\nconst b = a.concat();\n\nb[0] = 2;\na // [1, 2]\n```\n\n扩展运算符提供了复制数组的简便写法\n```\nconst a1 = [1, 2];\n// 写法一\nconst a2 = [...a1];\n// 写法二\nconst [...a2] = a1;\n```\n- **合并数组**\n\n扩展运算符提供了数组合并的新写法\n```\nconst arr1 = [\'a\', \'b\'];\nconst arr2 = [\'c\'];\nconst arr3 = [\'d\', \'e\'];\n\n// ES5 的合并数组\narr1.concat(arr2, arr3);\n// [ \'a\', \'b\', \'c\', \'d\', \'e\' ]\n\n// ES6 的合并数组\n[...arr1, ...arr2, ...arr3]\n// [ \'a\', \'b\', \'c\', \'d\', \'e\' ]\n```\n- **字符串**\n\n扩展运算符还可以将字符串转为真正的数组\n```\n[...\'hello\']\n// [ \"h\", \"e\", \"l\", \"l\", \"o\" ]\n```\n#### 3） Array.from() \n\nArray.from方法用于将两类对象转为真正的数组：类似数组的对象（array-like object）和可遍历（iterable）的对象（包括 ES6 新增的数据结构 Set 和 Map）。\n```\nlet arrayLike = {\n    \'0\': \'a\',\n    \'1\': \'b\',\n    \'2\': \'c\',\n    length: 3\n};\n\n// ES5的写法\nvar arr1 = [].slice.call(arrayLike); // [\'a\', \'b\', \'c\']\n\n// ES6的写法\nlet arr2 = Array.from(arrayLike); // [\'a\', \'b\', \'c\']\n\nArray.from(\'hello\')\n// [\'h\', \'e\', \'l\', \'l\', \'o\']\n\nlet namesSet = new Set([\'a\', \'b\'])\nArray.from(namesSet) // [\'a\', \'b\']\n```\n#### 4）Array.of() \n\nArray.of方法用于将一组值，转换为数组\n```\nArray.of(3, 11, 8) // [3,11,8]\nArray.of(3) // [3]\nArray.of(3).length // 1\n```\n#### 5）数组实例的 find() 和 findIndex()\n\n数组实例的`find`方法，用于找出第一个符合条件的数组成员。它的参数是一个回调函数，所有数组成员依次执行该回调函数，直到找出第一个返回值为`true`的成员，然后返回该成员。如果没有符合条件的成员，则返回`undefined`。\n```\n[1, 4, -5, 10].find((n) => n < 0)\n// -5\n\n//find方法的回调函数可以接受三个参数，依次为当前的值、当前的位置和原数组\n[1, 5, 10, 15].find(function(value, index, arr) {\n  return value > 9;\n}) // 10\n```\n\n数组实例的`findIndex`方法的用法与`find`方法非常类似，返回第一个符合条件的数组成员的位置，如果所有成员都不符合条件，则返回`-1`\n```\n[1, 5, 10, 15].findIndex(function(value, index, arr) {\n  return value > 9;\n}) // 2\n```\n#### 6）数组实例的 includes()\n\nArray.prototype.includes方法返回一个布尔值，表示某个数组是否包含给定的值，与字符串的includes方法类似。ES2016 引入了该方法。\n```\n[1, 2, 3].includes(2)     // true\n[1, 2, 3].includes(4)     // false\n[1, 2, NaN].includes(NaN) // true\n```\n该方法的第二个参数表示搜索的起始位置，默认为0\n```\n[1, 2, 3].includes(3, 3);  // false\n[1, 2, 3].includes(3, -1); // true\n```\n## 推荐资料\n- [ECMAScript 6 入门](http://es6.ruanyifeng.com/#docs/destructuring)\n\n# 学习目标\n\n1. 了解ES6是什么\n2. 掌握学习内容中的ES6的新特性\n3. 根据推荐资料中的内容自学ES的其它特性（数组的拓展，Module）\n\n# 学习内容\n\n## 一、ECMAScript 6 简介\n\nECMAScript(ES6) 是JavaScript语言的下一代标准，已经在2015年6月正式发布了；在 JavaScript 的基础上做了重大的更新，提供了更优雅的语法和特性。\n\n#### ECMAScript 和 JavaScript 的关系\n\nECMAScript 和 JavaScript 的关系是，前者是后者# 学习目标\n\n1. 了解ES6是什么\n2. 掌握学习内容中的ES6的新特性\n3. 根据推荐资料中的内容自学ES的其它特性（数组的拓展，Module）\n\n# 学习内容\n\n## 一、ECMAScript 6 简介\n\nECMAScript(ES6) 是JavaScript语言的下一代标准，已经在2015年6月正式发布了；在 JavaScript 的基础上做了重大的更新，提供了更优雅的语法和特性。\n\n#### ECMAScript 和 JavaScript 的关系\n\nECMAScript 和 JavaScript 的关系是，前者是后者的规格，后者是前者的一种实现（另外的ECMAScript 方言还有 Jscript 和 ActionScript ）。日常场合，这两个词是可以互换的。那为什么不叫 JavaScript 为换名字了呢？原因如下：\n\n1. 商标，1996年11月，JavaScript的创造者Netscape公司，决定将JavaScript提交给国际标准化组织ECMA，希望这种语言能够成为国际标准。根据授权协议，只有Netscape公司(Javascript 的创造者)可以合法地使用JavaScript这个名字，且 JavaScript 本身也已经被 Netscape 公司注册为商标\n2. 想体现这门语言的制定者是 ECMA，不是 Netscape，这样有利于保证这门语言的开放性和中立性。\n\n## 二、ES6 新特性\n###  1. let 和 const\n\nES6提供了两种新的声明变量的方式：let 和 const。\n#### 1）作用域\n\n let 和 const 相比于 var 声明的变量有块作用域，let 和 const 只在于当前的块作用域中有效。而 var 声明的变量是在函数作用域内有效。\n```\n{\n  let a = 1;  // a 只能在当前块中被访问\n  var b = 1;\n}\na // ReferenceError: a is not defined.\nb // 1\n```\nconst 和 let 的区别则在于， const 声明变量的同时必须立即给一个初始值，且无法在对该值进行修改。如果该初始值是一个对象，那么该对象的值是可以被修改的。\n\n#### 2）变量提升\n\n 变量如果在var 前使用，就会出现「变量提升」现象，值为undefined。let 声明的变量一定要在声明后使用，否则报错。\n```\n// var 的情况\nconsole.log(a); // 输出undefined\nvar a = 1;\n\n// let 的情况\nconsole.log(b); // 报错ReferenceError\nlet b = 1;\n```\n上述代码，`a`变量用`var`声明，会进行变量提升，脚本刚开始执行就已经存在变量`a`,但是变量`a`没有值，所以输出`undefined`；`b`变量用`let`声明，不会发生变量提升，在声明它之前，变量b是不存在的，这时如果用到它，就会抛出一个错误。\n#### 3）const 本质\n\nconst实际上保证的，并不是变量的值不得改动，而是变量指向的那个内存地址所保存的数据不得改动。\n```\nconst user = {};\n\n// 为 user 添加一个属性，可以成功\nuser.age = 23;\nuser.age // 23\n\n// 将 user 指向另一个对象，就会报错\nuser = {}; // TypeError: \"user\" is read-only\n```\n上面代码中，常量user储存的是一个地址，这个地址指向一个对象。不可变的只是这个地址，即不能把user指向另一个地址，但对象本身是可变的，所以依然可以为其添加新属性。\n\n### 2. 变量的解构赋值\n\nES6 允许按照一定模式，从数组和对象中提取值，对变量进行赋值，这被称为解构。\n```\n//以前变量赋值只能直接指定\nlet a = 1;\nlet b = 2;\nlet c = 3;\n//ES6 允许写成下面这样\nlet [a, b, c] = [1, 2, 3];\n```\n\n#### 1）数组的解构\n```\nvar [a,b,c] = [1,2,3] // 结果 a=1 b=2 c=3\nvar [a,[b,c]] = [1,[2,3]] // 结果 a=1 b=2 c=3\n\n//解构不成功\nvar [a] = [];  // a = undefined   \nvar [a, b] = [1]; //a=1 b=undefined\n\n//不完全解构\nvar [a] = [1,2]; //a=1\n\n//默认值\nvar [a=1] = [] //a=1\n```\n**如果等号的右边不是数组（或者严格地说，不是可遍历的结构），那么将会报错**\n```javascript\nlet [a] = 1;\nlet [a] = false;\nlet [a] = NaN;\nlet [a] = undefined;\nlet [a] = null;\nlet [a] = {};\n```\n#### 2）对象的解构\n```\nvar { b, a } = { a: \"aaa\", b: \"bbb\" };\na // \"aaa\"\nb // \"bbb\"\n\nvar { c } = { a: \"aaa\", b: \"bbb\" };\nc // undefined\n\n//变量名与属性名不一致，必须写成下面这样\nlet { a: hello } = { a: \'aaa\', hello: \'bbb\' };\nhello // \"aaa\"\n\n//对象的解构赋值的内部机制，是先找到同名属性，然后再赋给对应的变量\nlet { a: hello } = { a: \"aaa\", hello: \"bbb\" };\nhello // \"aaa\"\na // error: foo is not defined\n\n//对象的解构也可以指定默认值\nvar {x = 3} = {};\nx // 3\nvar {x, y = 5} = {x: 1};\nx // 1\ny // 5\n```\n#### 3）字符串的解构赋值\n\n字符串也可以解构赋值。这是因为此时，字符串被转换成了一个类似数组的对象。\n```\nconst [a, b, c, d, e] = \'hello\';\na // \"h\"\nb // \"e\"\nc // \"l\"\nd // \"l\"\ne // \"o\"\n\n//类似数组的对象都有一个length属性，因此还可以对这个属性解构赋值\nlet {length : len} = \'hello\';\nlen // 5\n```\n### 3.字符串拓展\n#### 1）模版字符串\n\n模板字符串（template string）是增强版的字符串，用反引号（`）标识。它可以当作普通字符串使用，也可以用来定义多行字符串（类似 pre 标签的作用），或者在字符串中嵌入变量。\n```\n// 普通字符串 想要换行需要加上 \'\\n\'\n`In JavaScript \'\\n\' is a line-feed.`\n\n// 多行字符串\n`In JavaScript this is\n not legal.`\n\n// 字符串中嵌入变量\nvar name = \"ac\", time = \"today\";\n`Hello ${name}, how are you ${time}?` // Hello ac, how are you today? \n```\n#### 2）字符串的遍历器接口\n\nES6 为字符串添加了遍历器接口，使得字符串可以被for...of循环遍历\n```\nfor (let codePoint of \'hello\') {\n  console.log(codePoint)\n}\n// \"h\"\n// \"e\"\n// \"l\"\n// \"l\"\n// \"o\"\n```\n#### 3）includes(), startsWith(), endsWith() \n\n在这之前，JavaScript 只有indexOf方法，可以用来确定一个字符串是否包含在另一个字符串中。\n\n**ES6 又提供了三种新方法：**\n- includes()：返回布尔值，表示是否找到了参数字符串。\n- startsWith()：返回布尔值，表示参数字符串是否在原字符串的头部。\n- endsWith()：返回布尔值，表示参数字符串是否在原字符串的尾部。\n```\nlet s = \'Hello world!\';\ns.startsWith(\'Hello\') // true\ns.endsWith(\'!\') // true\ns.includes(\'o\') // true\n这三个方法都支持第二个参数，表示开始搜索的位置。\n\nlet s = \'Hello world!\';\ns.startsWith(\'world\', 6) // true\ns.endsWith(\'Hello\', 5) // true\ns.includes(\'Hello\', 6) // false\n```\n上面代码表示，使用第二个参数n时，endsWith的行为与其他两个方法有所不同。它针对前n个字符，而其他两个方法针对从第n个位置直到字符串结束。\n#### 4）repeat()\n\n`repeat`方法返回一个新字符串，表示将原字符串重复n次。\n```\n\'x\'.repeat(3) // \"xxx\"\n\'hello\'.repeat(2) // \"hellohello\"\n\'na\'.repeat(0) // \"\"\n\n//参数如果是小数，会被取整\n\'na\'.repeat(2.9) // \"nana\"\n\n//如果repeat的参数是负数或者Infinity，会报错。\n\'na\'.repeat(Infinity)\n// RangeError\n\'na\'.repeat(-1)\n// RangeError\n\n//参数是 0 到-1 之间的小数，则等同于 0\n\'na\'.repeat(-0.9) // \"\"\n\n//参数NaN等同于 0。\n\'na\'.repeat(NaN) // \"\"\n\n//如果repeat的参数是字符串，则会先转换成数字。\n\'na\'.repeat(\'na\') // \"\"\n\'na\'.repeat(\'3\') // \"nanana\"\n```\n#### 5）padStart()，padEnd()\n\nES2017 引入了字符串补全长度的功能。如果某个字符串不够指定长度，会在头部或尾部补全。padStart()用于头部补全，padEnd()用于尾部补全。\n```\n\'x\'.padStart(5, \'ab\') // \'ababx\'\n\'x\'.padStart(4, \'ab\') // \'abax\'\n\n\'x\'.padEnd(5, \'ab\') // \'xabab\'\n\'x\'.padEnd(4, \'ab\') // \'xaba\'\n\n//如果原字符串的长度，等于或大于最大长度，则字符串补全不生效，返回原字符串\n\'xxx\'.padStart(2, \'ab\') // \'xxx\'\n\'xxx\'.padEnd(2, \'ab\') // \'xxx\'\n\n//如果省略第二个参数，默认使用空格补全长度\n\'x\'.padStart(4) // \'   x\'\n\'x\'.padEnd(4) // \'x   \'\n```\n### 4.数值的扩展\n#### 1）Number.isFinite(), Number.isNaN()\nES6 在Number对象上，新提供了Number.isFinite()和Number.isNaN()两个方法。\n\nNumber.isFinite()用来检查一个数值是否为有限的（finite），即不是Infinity。\n```\nNumber.isFinite(15); // true\nNumber.isFinite(0.8); // true\nNumber.isFinite(NaN); // false\nNumber.isFinite(Infinity); // false\nNumber.isFinite(-Infinity); // false\nNumber.isFinite(\'foo\'); // false\nNumber.isFinite(\'15\'); // false\nNumber.isFinite(true); // false\n```\nNumber.isNaN()用来检查一个值是否为NaN\n```\nNumber.isNaN(NaN) // true\nNumber.isNaN(15) // false\nNumber.isNaN(\'15\') // false\nNumber.isNaN(true) // false\nNumber.isNaN(9/NaN) // true\nNumber.isNaN(\'true\' / 0) // true\nNumber.isNaN(\'true\' / \'true\') // true\n```\n它们与传统的全局方法`isFinite()`和`isNaN()`的区别在于，传统方法先调用`Number()`将非数值的值转为数值，再进行判断，而这两个新方法只对数值有效，`Number.isFinite()`对于非数值一律返回`false`, `Number.isNaN()`只有对于`NaN`才返回`true`，非`NaN`一律返回`false`。\n\n#### 2）Number.isInteger()\n\nNumber.isInteger()用来判断一个数值是否为整数\n```\nNumber.isInteger(5) // true\nNumber.isInteger(5.1) // false\n\n//JavaScript 内部，整数和浮点数采用的是同样的储存方法，所以 5 和 5.0 被视为同一个值\nNumber.isInteger(5) // true\nNumber.isInteger(5.0) // true\n```\n### 5. Math 对象的扩展\n#### 1）Math.trunc() \n`Math.trunc`方法用于去除一个数的小数部分，返回整数部分\n```\nMath.trunc(4.1) // 4\nMath.trunc(4.9) // 4\nMath.trunc(-4.1) // -4\nMath.trunc(-4.9) // -4\nMath.trunc(-0.1234) // -0\n```\n\n\n#### 2）Math.sign() \n\n`Math.sign`方法用来判断一个数到底是正数、负数、还是零。对于非数值，会先将其转换为数值。\n\n它会返回五种值：\n- 参数为正数，返回+1；\n- 参数为负数，返回-1；\n- 参数为 0，返回0；\n- 参数为-0，返回-0;\n- 其他值，返回NaN。\n```\nMath.sign(-5) // -1\nMath.sign(5) // +1\nMath.sign(0) // +0\nMath.sign(-0) // -0\nMath.sign(NaN) // NaN\n```\n### 6.函数的扩展\n#### 1）函数参数的默认值\n\nES6 允许为函数的参数设置默认值，即直接写在参数定义的后面\n```\nfunction log(x, y = \'World\') {\n  console.log(x, y);\n}\n\nlog(\'Hello\') // Hello World\nlog(\'Hello\', \'China\') // Hello China\nlog(\'Hello\', \'\') // Hello\n```\n#### 2）rest 展开运算符\nES6 引入 rest 参数（形式为...变量名），用于获取函数的多余参数，这样就不需要使用arguments对象了。rest 参数搭配的变量是一个数组，该变量将多余的参数放入数组中。\n```\nfunction example(...values){\n    console.log(values)// console: [1,2,3,4]\n}\n\nexample(1,2,3,4) \nvar a = [1,2,3]\nvar b = [...a,4,5,6] //b = [1,2,3,4,5,6]\n```\n#### 3） 箭头函数\n\nES6 提供了新的方式 `=>` 来定义函数\n```\nvar func = parm => parm\n等同于\nvar func = function (parm){\n    return parm\n}\n```\n\n如果函数没有参数或有多个参数，那么：\n```\nvar func = () => //some code\n等同于\nvar func = function (){\n	some code\n}\n\nvar func = (parm1,parm2) => //some code\n等同于\nvar func = function (parm1,parm2){\n	some code\n}\n```\n\n如果箭头函数的函数体只包含一行代码，则可以不需要写大括号以及 return 语句返回（如果有返回值）\n```\nvar sum = (num1,num2) => num1+num2\n等同于\nvar sum = (num1,num2) => {return num1+num2}\n等同于\nvar sum = function(num1,num2){return num1+num2}\n```\n\n箭头函数使得表达更加简洁\n```\n[1,2,3].map( item=> 2 * item)\n等同于\n[1,2,3].map(function(item){\n    return item * 2\n})\n\n[1,3,2].sort((a,b) => a - b)\n```\n### 7.数组的扩展\n\n#### 1）扩展运算符\n\n扩展运算符（spread）是三个点（...）。它好比 rest 参数的逆运算，将一个数组转为用逗号分隔的参数序列。\n```\nconsole.log(...[1, 2, 3])\n// 1 2 3\n\nconsole.log(1, ...[2, 3, 4], 5)\n// 1 2 3 4 5\n```\n#### 2）扩展运算符的应用\n\n- **复制数组**\n\n数组是复合的数据类型，直接复制的话，只是复制了指向底层数据结构的指针，而不是克隆一个全新的数组。\n```\nconst a = [1, 2];\nconst b = a;\n\nb[0] = 2;\na // [2, 2]\n```\n上面代码中，a2并不是a1的克隆，而是指向同一份数据的另一个指针。修改a2，会直接导致a1的变化。\n\nES5 只能用变通方法来复制数组\n```\nconst a = [1, 2];\nconst b = a.concat();\n\nb[0] = 2;\na // [1, 2]\n```\n\n扩展运算符提供了复制数组的简便写法\n```\nconst a1 = [1, 2];\n// 写法一\nconst a2 = [...a1];\n// 写法二\nconst [...a2] = a1;\n```\n- **合并数组**\n\n扩展运算符提供了数组合并的新写法\n```\nconst arr1 = [\'a\', \'b\'];\nconst arr2 = [\'c\'];\nconst arr3 = [\'d\', \'e\'];\n\n// ES5 的合并数组\narr1.concat(arr2, arr3);\n// [ \'a\', \'b\', \'c\', \'d\', \'e\' ]\n\n// ES6 的合并数组\n[...arr1, ...arr2, ...arr3]\n// [ \'a\', \'b\', \'c\', \'d\', \'e\' ]\n```\n- **字符串**\n\n扩展运算符还可以将字符串转为真正的数组\n```\n[...\'hello\']\n// [ \"h\", \"e\", \"l\", \"l\", \"o\" ]\n```\n#### 3） Array.from() \n\nArray.from方法用于将两类对象转为真正的数组：类似数组的对象（array-like object）和可遍历（iterable）的对象（包括 ES6 新增的数据结构 Set 和 Map）。\n```\nlet arrayLike = {\n    \'0\': \'a\',\n    \'1\': \'b\',\n    \'2\': \'c\',\n    length: 3\n};\n\n// ES5的写法\nvar arr1 = [].slice.call(arrayLike); // [\'a\', \'b\', \'c\']\n\n// ES6的写法\nlet arr2 = Array.from(arrayLike); // [\'a\', \'b\', \'c\']\n\nArray.from(\'hello\')\n// [\'h\', \'e\', \'l\', \'l\', \'o\']\n\nlet namesSet = new Set([\'a\', \'b\'])\nArray.from(namesSet) // [\'a\', \'b\']\n```\n#### 4）Array.of() \n\nArray.of方法用于将一组值，转换为数组\n```\nArray.of(3, 11, 8) // [3,11,8]\nArray.of(3) // [3]\nArray.of(3).length // 1\n```\n#### 5）数组实例的 find() 和 findIndex()\n\n数组实例的`find`方法，用于找出第一个符合条件的数组成员。它的参数是一个回调函数，所有数组成员依次执行该回调函数，直到找出第一个返回值为`true`的成员，然后返回该成员。如果没有符合条件的成员，则返回`undefined`。\n```\n[1, 4, -5, 10].find((n) => n < 0)\n// -5\n\n//find方法的回调函数可以接受三个参数，依次为当前的值、当前的位置和原数组\n[1, 5, 10, 15].find(function(value, index, arr) {\n  return value > 9;\n}) // 10\n```\n\n数组实例的`findIndex`方法的用法与`find`方法非常类似，返回第一个符合条件的数组成员的位置，如果所有成员都不符合条件，则返回`-1`\n```\n[1, 5, 10, 15].findIndex(function(value, index, arr) {\n  return value > 9;\n}) // 2\n```\n#### 6）数组实例的 includes()\n\nArray.prototype.includes方法返回一个布尔值，表示某个数组是否包含给定的值，与字符串的includes方法类似。ES2016 引入了该方法。\n```\n[1, 2, 3].includes(2)     // true\n[1, 2, 3].includes(4)     // false\n[1, 2, NaN].includes(NaN) // true\n```\n该方法的第二个参数表示搜索的起始位置，默认为0\n```\n[1, 2, 3].includes(3, 3);  // false\n[1, 2, 3].includes(3, -1); // true\n```\n## 推荐资料\n- [ECMAScript 6 入门](http://es6.ruanyifeng.com/#docs/destructuring)\n\n# 学习目标\n\n1. 了解ES6是什么\n2. 掌握学习内容中的ES6的新特性\n3. 根据推荐资料中的内容自学ES的其它特性（数组的拓展，Module）\n\n# 学习内容\n\n## 一、ECMAScript 6 简介\n\nECMAScript(ES6) 是JavaScript语言的下一代标准，已经在2015年6月正式发布了；在 JavaScript 的基础上做了重大的更新，提供了更优雅的语法和特性。\n\n#### ECMAScript 和 JavaScript 的关系\n\nECMAScript 和 JavaScript 的关系是，前者是后者','付费',0,0,2,1,1,0,0),
	(109,'OOCL_admin',NULL,NULL,NULL,2671,'### OOCL','付费',1,1,5,1,1,0,0),
	(110,'XIN',NULL,NULL,NULL,2675,'### sad','付费',1,1,6,1,1,0,0),
	(111,'测试训练营',NULL,NULL,NULL,2660,'巴拉巴拉','付费',1,0,1,1,1,0,0),
	(112,'测试训练营',NULL,NULL,NULL,2660,'# 训练营介绍','付费',0,0,1,1,1,0,0),
	(113,'CCC',NULL,NULL,NULL,5,NULL,'付费',0,0,8,1,1,0,0),
	(114,'AAA',NULL,NULL,NULL,5,NULL,'付费',1,1,9,1,1,0,0),
	(116,'TW校园培训演示 - 马欢欢 no',NULL,'2017-12-22 00:00:00','2018-01-15 00:00:00',5,'\n#### 资源与工具\n\n- [如何使用 GitHub](https://www.zhihu.com/question/20070065)\n- [GitHub pages 搭建](https://pages.github.com/)\n- 廖雪峰的 Git 在线教程：<http://www.liaoxuefeng.com/wiki/0013739516305929606dd18361248578c67b8067c8c017b000>\n- Git 的基础内容的学习： <https://try.github.io/>\n测试\n\n\n#### 本节练习\n- 先注册一个GitHub账号，在GitHub中新建一个库，尝试`git clone`到本地进行修改，并`git push`上传到Github。\n- 编写一个静态页面，上传到自己的 GitHub Pages 中并回复链接地址。    \n\n','付费',0,0,1,0,1,0,0),
	(117,'copy-TW校园培训演示 - 马欢欢',NULL,'2017-12-22 00:00:00','2018-01-15 00:00:00',5,'\n#### 资源与工具\n\n- [如何使用 GitHub](https://www.zhihu.com/question/20070065)\n- [GitHub pages 搭建](https://pages.github.com/)\n- 廖雪峰的 Git 在线教程：<http://www.liaoxuefeng.com/wiki/0013739516305929606dd18361248578c67b8067c8c017b000>\n- Git 的基础内容的学习： <https://try.github.io/>\n\n\n\n#### 本节练习\n- 先注册一个GitHub账号，在GitHub中新建一个库，尝试`git clone`到本地进行修改，并`git push`上传到Github。\n- 编写一个静态页面，上传到自己的 GitHub Pages 中并回复链接地址。    \n\n','付费',0,1,7,1,1,0,0),
	(118,'copy-TW校园培训演示 - 马欢欢',NULL,'2017-12-22 00:00:00','2018-01-15 00:00:00',5,'\n#### 资源与工具\n\n- [如何使用 GitHub](https://www.zhihu.com/question/20070065)\n- [GitHub pages 搭建](https://pages.github.com/)\n- 廖雪峰的 Git 在线教程：<http://www.liaoxuefeng.com/wiki/0013739516305929606dd18361248578c67b8067c8c017b000>\n- Git 的基础内容的学习： <https://try.github.io/>\n\n\n\n#### 本节练习\n- 先注册一个GitHub账号，在GitHub中新建一个库，尝试`git clone`到本地进行修改，并`git push`上传到Github。\n- 编写一个静态页面，上传到自己的 GitHub Pages 中并回复链接地址。    \n\n','付费',0,0,9,1,1,0,0),
	(119,'copy-douqingTest',NULL,'2018-02-23 00:00:00','2018-02-28 00:00:00',5,'douqingqingqingqing','付费',0,0,8,1,1,0,0),
	(120,'SolarSystem学习',NULL,NULL,NULL,2660,'通过练习了解更多宇宙知识\n### 太阳系天体\n\n###### 太阳\n太阳质量占太阳系总质量的99.86%，它以自己强大的引力将太阳系里的所有天体牢牢地吸引在它的周围，使它们不离不散、井然有序地绕自己旋转。同时，太阳又作为一颗普通恒星，带领它的成员，万古不息地绕银河系的中心运动。  太阳的半径为696000千米，质量为1.989×10^30kg，中心温度约15000000 ℃。   如果一个人站在太阳表面，那么他的体重将会是在地球上的20倍。 现代星云假说根据观测资料和理论计算，提出：太阳系原始星云是巨大的星际云瓦解的一个小云，一开始就在自转，并在自身引力作用下收缩，中心部分形成太阳，外部演化成星云盘，星云盘以后形成行星。目前，现代星云说又存在不同学派，这些学派之间还存在着许多差别，有待进一步研究和证实。\n \n\n###### 金星\n金星是离太阳的第二颗行星，夜空中亮度仅次于月球。 金星上没有水，大气中严重缺氧，二氧化碳占97%以上，空气中有一层厚达20千米至30千米的浓硫酸云，地面温度从不低于400℃，是个名副其实的“炼狱”般世界。金星地面的大气压强为地球的90倍，相当于地球海洋中900米深度时的压强。金星大气主要由二氧化碳等温室气体组成，失控的温室效应，是导致金星极端气候的主要原因。 由于金星没有内禀磁层保护，诱发磁层中磁场重联释放的巨大能量，使得金星大气被加热后加速逃逸。科学界认为，金星上大气的逃逸，是造成金星上缺水而被富含二氧化碳的稠密大气所笼罩，从而导致严重的温室效应的原因\n\n\n###### 木星\n木星是离太阳第五颗行星，而且是最大的一颗，比所有其他的行星的合质量大2倍（地球的318倍），直径142987km。它是气态行星没有实体表面，由90%的氢和10%的氦（原子数之比, 75/25%的质量比）及微量的甲烷、水、氨水和“石头”组成。这与形成整个太阳系的原始的太阳系星云的组成十分相似。木星可能有一个石质的内核，相当于10－15个地球的质量。内核上则是大部分的行星物质集结地，以液态氢的形式存在。液态金属氢由离子化的质子与电子组成（类似于太阳的内部，不过温度低多了）。木星共有67颗木卫。按距离木星中心由近及远的次序为：木卫十六、木卫十四、木卫五、木卫十五、木卫一、木卫二、木卫三、木卫四、木卫十三、木卫六、木卫十、木卫七、木卫十二、木卫十一、木卫八和木卫九。  \n\n\n###### 水星\n水星是最接近太阳的行星。水星的半径约为2440公里，在八大行星中是最小的。水星昼夜温差极大，白天摄氏 430 度，晚上约可达零下170 度，是太阳系八大行星中温差最大的一个行星。  水星的外大气层非常稀薄，是由水星表面和太阳风中的原子和离子构成。 科学家确认水星表面含有丰富的碳，认为碳是水星表面呈黑色的原因，水星表面的岩石是由低重量百分比的石墨碳构成火星是地球的近邻，是太阳系由内往外数第四颗行星。直径6794km，体积为地球的15%，质量为地球的11%。\n\n\n###### 火星\n火星表面是一个荒凉的世界，空气中二氧化碳占了95%。火星大气十分稀薄，密度还不到地球大气的1%，因而根本无法保存热量。这导致火星表面温度极低，很少超过0℃，在夜晚，最低温度则可达到-123℃。火星被称为红色的行星，这是因为它表面布满了氧化物，因而呈现出铁锈红色。其表面的大部分地区都是含有大量的红色氧化物的大沙漠，还有赭色的砾石地和凝固的熔岩流。火星上常常有猛烈的大风，大风扬起沙尘能形成可以覆盖火星全球的特大型沙尘暴。每次沙尘暴可持续数个星期。火星两极的冰冠和火星大气中含有水份。从火星表面获得的探测数据证明，在远古时期，火星曾经有过液态的水，而且水量特别大。\n\n###### 土星\n土星是离太阳第六颗行星，直径120536㎞，体积仅次于木星。主要由氢组成，还有少量的氦与微量元素，内部的核心包括岩石和冰，外围由数层金属氢和气体包裹着。地球距离土星13亿公里。土星的引力比地球强2.5倍，能够牵引太阳系内其它行星，使地球处于一个椭圆轨道中运行，并且与太阳保持适当距离，适宜生命繁衍。当土星轨道倾斜20度将使地球轨道比金星轨道更接近太阳，同时，这将导致火星完全离开太阳系。 土星是已知唯一密度小于水的行星，假如能够将土星放入一个巨大的浴池之中，它将可以漂浮起来。土星有一个巨大的磁气圈和一个狂风肆虐的大气层，赤道附近的风速可达1800千米/时。在环绕土星运行的31颗卫星中间，土卫六是最大的一颗，比水星和月球还大，也是太阳系中唯一拥有浓厚大气层的卫星。\n\n###### 天王星\n天王星是离太阳第七颗行星，51118km。体积约为地球的65倍，在九大行星中仅次于木星和土星。天王星的大气层中83%是氢，15%为氦，2%为甲烷以及少量的乙炔和碳氢化合物。上层大气层的甲烷吸收红光，使天王星呈现蓝绿色。大气在固定纬度集结成云层，类似于木星和土星在纬线上鲜艳的条状色带。天王星云层的平均温度为零下193摄氏度。质量为8.6810±13×10²⁵kg，相当于地球质量的14.63倍。密度较小，只有1.24克/立方厘米，为海王星密度值的74.7%。\n\n######  海王星\n海王星是离太阳的第八颗行星，直径49532千米。海王星绕太阳运转的轨道半径为45亿千米，公转一周需要165年。从1846年发现到今天，海王星还没有走完一个全程。海王星的直径和天王星类似，质量比天王星略大一些。海王星和天王星的主要大气成分都是氢和氦，内部结构也极为相近，所以说海王星与天王星是一对孪生兄弟。 海王星有太阳系最强烈的风，测量到的时速高达2100公里。海王星云顶的温度是－218 °C，是太阳系最冷的地区之一。海王星核心的温度约为7000 °C，可以和太阳的表面比较。海王星在1846年9月23日被发现，是唯一利用数学预测而非有计划的观测发现的行星。 ','付费',0,0,1,1,0,0,0),
	(121,'训练营复制',NULL,NULL,NULL,2660,NULL,'付费',0,0,1,1,1,0,0),
	(122,'copy-训练营复制',NULL,NULL,NULL,5,NULL,'付费',1,0,5,1,1,0,0),
	(123,'copy-训练营复制',NULL,NULL,NULL,5,NULL,'付费',0,0,9,1,1,0,0),
	(124,'copy-训练营复制',NULL,NULL,NULL,5,NULL,'付费',0,0,9,1,1,0,0),
	(125,'copy-训练营复制',NULL,NULL,NULL,5,NULL,'付费',0,0,8,1,1,0,0),
	(126,'copy-训练营复制',NULL,NULL,NULL,5,NULL,'付费',0,1,8,1,1,0,0),
	(128,'copy-训练营复制',NULL,NULL,NULL,5,NULL,'付费',0,1,3,1,1,0,0),
	(129,'好多task',NULL,NULL,NULL,2660,'好多task测试','付费',0,0,1,1,1,0,0),
	(130,'copy-哈哈哈',NULL,NULL,NULL,5,NULL,'付费',1,1,10,1,1,0,0),
	(131,'copy-SolarSystem学习',NULL,NULL,NULL,2710,NULL,'付费',0,0,10,1,1,0,0),
	(133,'copy-流程演示训练营',NULL,'2018-10-03 00:00:00','2018-10-02 00:00:00',2710,'测试训练营','付费',0,0,10,1,1,0,0),
	(134,'copy-OOCL_admin',NULL,NULL,NULL,2729,'### OOCL','付费',0,0,2,1,1,0,0),
	(135,'copy-OOCL_admin',NULL,NULL,NULL,2729,'### OOCL','付费',0,0,7,1,1,0,0),
	(136,'',NULL,NULL,NULL,5,NULL,'付费',0,0,2,1,1,0,0),
	(137,'AAA123',NULL,NULL,NULL,5,'# AAA\n- fasdfs123\n- AAA\n','付费',1,1,1,1,1,1,1),
	(140,'copy-结对编程',NULL,NULL,NULL,5,NULL,'付费',0,0,3,NULL,1,0,0),
	(184,'结对编程',NULL,NULL,NULL,5,NULL,'付费',1,1,1,NULL,0,0,0),
	(185,'',NULL,NULL,NULL,2660,NULL,'付费',0,0,1,NULL,0,0,0),
	(186,'',NULL,NULL,NULL,5,NULL,'付费',0,0,4,NULL,1,0,0),
	(187,'copy-AAA',NULL,NULL,NULL,5,'# AAA\n- fasdfs\n- AAA\n','付费',0,1,4,NULL,1,0,0),
	(188,'vscode逻辑题',NULL,NULL,NULL,2660,'vscode中加入逻辑题','付费',1,0,1,NULL,1,0,0),
	(189,'copy-vscode逻辑题',NULL,NULL,NULL,5,'vscode中加入逻辑题','付费',0,0,3,NULL,1,0,0),
	(190,'copy-AAA',NULL,NULL,NULL,5,'# AAA\n- fasdfs\n- AAA\n','付费',0,0,9,NULL,1,0,0),
	(191,'copy-vscode逻辑题',NULL,NULL,NULL,5,'vscode中加入逻辑题测试','付费',0,0,1,NULL,1,0,1),
	(192,'copy-AAA',NULL,NULL,NULL,5,'# AAA\n- fasdfs\n- AAA\n','付费',0,0,3,NULL,1,0,0),
	(193,'copy-vscode逻辑题',NULL,NULL,NULL,5,'vscode中加入逻辑题','付费',0,0,1,NULL,1,0,0),
	(194,'copy-copy-vscode逻辑题',NULL,NULL,NULL,5,'vscode中加入逻辑题','付费',0,0,1,NULL,1,0,0),
	(195,'copy-vscode逻辑题1',NULL,NULL,NULL,5,'vscode中加入逻辑题 nonono','付费',0,0,1,NULL,1,0,0),
	(196,'copy-哈哈哈',NULL,NULL,NULL,5,NULL,'付费',0,0,1,NULL,1,1,0);

/*!40000 ALTER TABLE `program` ENABLE KEYS */;
UNLOCK TABLES;


# Dump of table quizNote
# ------------------------------------------------------------

DROP TABLE IF EXISTS `quizNote`;

CREATE TABLE `quizNote` (
  `id` int(11) NOT NULL AUTO_INCREMENT,
  `studentId` int(11) DEFAULT NULL,
  `tutorId` int(11) DEFAULT NULL,
  `programId` int(11) DEFAULT NULL,
  `taskId` int(11) DEFAULT NULL,
  `assignmentId` int(11) DEFAULT NULL,
  `quizId` int(11) DEFAULT NULL,
  `quizType` varchar(100) DEFAULT NULL,
  `noteContent` varchar(500) DEFAULT NULL,
  PRIMARY KEY (`id`)
) ENGINE=InnoDB DEFAULT CHARSET=utf8;

LOCK TABLES `quizNote` WRITE;
/*!40000 ALTER TABLE `quizNote` DISABLE KEYS */;

INSERT INTO `quizNote` (`id`, `studentId`, `tutorId`, `programId`, `taskId`, `assignmentId`, `quizId`, `quizType`, `noteContent`)
VALUES
	(1,5,21,116,228,1067,70,'SIMPLE_CODING_QUIZ','做完啦'),
	(2,5,21,60,75,526,90,'SUBJECTIVE_QUIZ','other\n'),
	(3,5,21,1,27,321,76,'SUBJECTIVE_QUIZ','而热天');

/*!40000 ALTER TABLE `quizNote` ENABLE KEYS */;
UNLOCK TABLES;


# Dump of table quizSubmission
# ------------------------------------------------------------

DROP TABLE IF EXISTS `quizSubmission`;

CREATE TABLE `quizSubmission` (
  `id` int(11) NOT NULL AUTO_INCREMENT,
  `assignmentId` int(10) DEFAULT NULL,
  `quizId` int(11) DEFAULT NULL,
  `userId` int(11) DEFAULT NULL,
  `userAnswer` varchar(255) DEFAULT NULL,
  `submitTime` timestamp NULL DEFAULT CURRENT_TIMESTAMP,
  `isCorrent` int(11) DEFAULT NULL,
  PRIMARY KEY (`id`)
) ENGINE=InnoDB DEFAULT CHARSET=utf8;



# Dump of table quizSuggestion
# ------------------------------------------------------------

DROP TABLE IF EXISTS `quizSuggestion`;

CREATE TABLE `quizSuggestion` (
  `id` int(11) NOT NULL AUTO_INCREMENT,
  `sectionId` int(11) DEFAULT NULL,
  `toUserId` int(11) DEFAULT NULL,
  `content` varchar(10000) DEFAULT NULL,
  `createTime` timestamp NULL DEFAULT CURRENT_TIMESTAMP,
  `assignmentId` int(11) DEFAULT NULL,
  `quizId` int(11) DEFAULT NULL,
  `fromUserId` int(11) DEFAULT NULL,
  `parentId` int(11) DEFAULT '0',
  PRIMARY KEY (`id`)
) ENGINE=InnoDB DEFAULT CHARSET=utf8;

LOCK TABLES `quizSuggestion` WRITE;
/*!40000 ALTER TABLE `quizSuggestion` DISABLE KEYS */;

INSERT INTO `quizSuggestion` (`id`, `sectionId`, `toUserId`, `content`, `createTime`, `assignmentId`, `quizId`, `fromUserId`, `parentId`)
VALUES
	(1,229,26,'[baidu](https://www.baidu.com)',NULL,229,39,5,0),
	(2,240,26,'![](http://upload-images.jianshu.io/upload_images/3126293-ed3b61db112bd3c9.png?imageMogr2/auto-orient/strip%7CimageView2/2/w/1240)',NULL,240,15,5,0),
	(3,240,26,'\n# Live demo\n\nChanges are automatically rendered as you type.\n\n* Implements [GitHub Flavored Markdown](https://github.github.com/gfm/)\n* Renders actual, \"native\" React DOM elements\n* Allows you to escape or skip HTML (try toggling the checkboxes above)\n* If you escape or skip the HTML, no `dangerouslySetInnerHTML` is used! Yay!\n\n## HTML block below\n\n<blockquote>\n  This blockquote will change based on the HTML settings above.\n</blockquote>\n\n## How about some code?\n```js\nvar React = require(\'react\');\nvar Markdown = require(\'react-markdown\');\n\nReact.render(\n  <Markdown source=\"# Your markdown here\" />,\n  document.getElementById(\'content\')\n);\n```\n\nPretty neat, eh?\n\n## Tables?\n\n| Feature | Support |\n| ------ | ----------- |\n| tables | ✔ |\n| alignment | ✔ |\n| wewt | ✔ |\n\n## More info?\n\nRead usage information and more on [GitHub](//github.com/rexxars/react-markdown)\n\n---------------\n\nA component by [VaffelNinja](http://vaffel.ninja) / Espen Hovlandsdal\n',NULL,240,15,5,0),
	(4,240,26,'### test\n```\nconst va = \"sdas\"\n```',NULL,240,15,5,0),
	(5,240,26,'### test\n\n```',NULL,240,15,5,0),
	(6,240,26,'这么神奇',NULL,240,15,5,0),
	(7,240,32,'### 快交作业啦',NULL,240,15,5,0),
	(8,229,26,'- ajdf\n\n### nskdjfsd\n\n## sd\n# asdfsad\n\n#### sadfsdafsa',NULL,229,39,5,0),
	(9,230,32,'大风过后',NULL,230,40,5,0),
	(10,229,32,'# 快 魁岸',NULL,229,39,5,0),
	(11,229,32,'再来一次asdfasd',NULL,229,39,5,0),
	(12,240,32,'作业啦作业啦作业啦作业啦',NULL,240,15,5,0),
	(14,240,32,'再来一次',NULL,240,15,5,0),
	(15,240,31,'哈哈哈哈123213',NULL,240,15,5,0),
	(21,240,31,'我的填','2018-02-07 10:46:06',240,15,5,0),
	(22,230,31,'俩度分离啊123','2018-02-08 01:16:33',230,40,5,0),
	(25,260,31,'提交作业啦','2018-03-22 09:26:44',260,10,5,0);

/*!40000 ALTER TABLE `quizSuggestion` ENABLE KEYS */;
UNLOCK TABLES;


# Dump of table reviewQuiz
# ------------------------------------------------------------

DROP TABLE IF EXISTS `reviewQuiz`;

CREATE TABLE `reviewQuiz` (
  `id` int(11) NOT NULL AUTO_INCREMENT,
  `studentId` int(11) DEFAULT NULL,
  `tutorId` int(11) DEFAULT NULL,
  `grade` int(11) DEFAULT NULL,
  `taskId` int(11) DEFAULT NULL,
  `sectionId` int(11) DEFAULT NULL,
  `status` varchar(10000) DEFAULT NULL,
  `excellence` int(11) DEFAULT NULL,
  `createTime` timestamp NULL DEFAULT CURRENT_TIMESTAMP,
  `quizId` int(11) DEFAULT NULL,
  `assignmentId` int(11) DEFAULT NULL,
  `supplement` varchar(10000) DEFAULT NULL,
  `supplementTime` timestamp NULL DEFAULT NULL,
  PRIMARY KEY (`id`),
  UNIQUE KEY `studentId` (`studentId`,`assignmentId`)
) ENGINE=InnoDB DEFAULT CHARSET=utf8;

LOCK TABLES `reviewQuiz` WRITE;
/*!40000 ALTER TABLE `reviewQuiz` DISABLE KEYS */;

INSERT INTO `reviewQuiz` (`id`, `studentId`, `tutorId`, `grade`, `taskId`, `sectionId`, `status`, `excellence`, `createTime`, `quizId`, `assignmentId`, `supplement`, `supplementTime`)
VALUES
	(1,32,31,100,6,79,'已完成',1,'2017-12-22 01:07:59',149,79,NULL,NULL),
	(4,31,NULL,100,16,280,'已完成',1,NULL,264,280,NULL,NULL),
	(5,32,NULL,100,16,280,'已完成',1,NULL,264,280,NULL,NULL),
	(8,32,31,100,8,240,'已完成',1,'2018-01-22 01:17:48',15,240,NULL,NULL),
	(12,26,31,11,6,79,'已完成',0,'2018-02-03 09:56:11',149,79,NULL,NULL),
	(16,31,5,100,4,229,'优秀',0,'2018-02-05 07:31:24',39,229,NULL,NULL),
	(21,31,5,90,5,230,'优秀',0,'2018-02-07 06:19:25',40,230,NULL,NULL),
	(22,31,31,0,8,240,'已完成',0,'2018-02-07 06:19:46',15,240,NULL,NULL),
	(23,31,31,90,6,79,'已完成',1,'2018-02-07 06:20:39',149,79,NULL,NULL),
	(24,5,NULL,0,16,280,'已完成',0,NULL,264,280,NULL,NULL),
	(30,5,5,9,21,307,'已完成',1,'2018-03-22 09:33:15',69,307,'qq',NULL),
	(31,5,NULL,0,10,248,'已完成',0,NULL,248,248,NULL,NULL),
	(38,5,2660,10,NULL,NULL,'已完成',NULL,'2018-02-05 07:31:24',39,229,'\n![](https://s3.cn-north-1.amazonaws.com.cn/tws-upload/images/temp/1531906342494-TWU_62_Kick_Off.jpg)','2018-11-30 01:10:56'),
	(39,5,5,21,NULL,NULL,'已完成',NULL,NULL,15,240,NULL,NULL),
	(40,35,NULL,0,29,NULL,'已完成',NULL,NULL,NULL,326,NULL,NULL),
	(41,35,NULL,0,30,NULL,'已完成',NULL,NULL,NULL,328,NULL,NULL),
	(42,35,34,NULL,31,NULL,'已完成',NULL,NULL,75,329,NULL,NULL),
	(43,35,34,50,31,NULL,'已完成',NULL,NULL,76,425,NULL,NULL),
	(44,35,NULL,NULL,32,NULL,'已提交',NULL,NULL,6,331,NULL,NULL),
	(45,5,NULL,50,1,NULL,'已完成',NULL,NULL,NULL,278,NULL,NULL),
	(46,5,NULL,NULL,NULL,NULL,'已提交',NULL,NULL,43,332,NULL,NULL),
	(47,5,NULL,25,39,NULL,'已完成',NULL,'2018-07-05 07:20:53',NULL,338,NULL,NULL),
	(48,5,NULL,NULL,44,NULL,'已提交',NULL,NULL,1,343,NULL,NULL),
	(50,32,5,100,4,NULL,'优秀',NULL,'2018-02-05 07:31:24',39,229,NULL,NULL),
	(51,5,NULL,50,4,NULL,'已完成',NULL,'2018-07-09 04:46:09',NULL,325,'1. 222111asdfasdf','2018-11-30 01:12:57'),
	(52,5,5,12,5,NULL,'已完成',NULL,'2018-07-09 04:46:43',40,230,NULL,NULL),
	(53,5,NULL,NULL,34,NULL,'已提交',NULL,NULL,1,333,NULL,NULL),
	(54,5,NULL,NULL,47,NULL,'已提交',NULL,NULL,15,347,'asdfasdf\nasdfasdfa\nasdfasdf',NULL),
	(55,5,NULL,0,30,NULL,'已完成',NULL,'2018-07-11 14:37:18',NULL,328,'asdfasdfaasdfasdf\nasdfasdfsdafas',NULL),
	(56,5,5,60,46,NULL,'已完成',NULL,'2018-07-11 14:39:08',40,346,'1. sadada\n2. asdffsd\n阿斯顿发\n3. asdfas\n4. 是的发送到阿斯顿发顺丰\n5.adfasdfasd','2019-01-18 09:30:47'),
	(57,5,NULL,NULL,46,NULL,'已提交',NULL,NULL,1,352,NULL,NULL),
	(58,1,5,88,46,NULL,'优秀',NULL,'2018-07-12 01:37:28',40,346,'fasdfasdfasdfasdf',NULL),
	(59,1,NULL,NULL,51,NULL,'已提交',NULL,NULL,43,353,'asdfasdf',NULL),
	(61,5,NULL,NULL,51,NULL,'已提交',NULL,NULL,40,353,'##  测试提交\n\nfasdfas',NULL),
	(62,5,5,NULL,53,NULL,'已完成',NULL,NULL,1,355,NULL,NULL),
	(64,5,NULL,NULL,52,NULL,'已提交',NULL,'2018-07-12 12:15:46',1,435,'asdfasdf',NULL),
	(65,1,NULL,NULL,54,NULL,'已提交',NULL,NULL,25,359,'asfasdfasf',NULL),
	(68,5,5,0,NULL,NULL,'已完成',NULL,'2018-07-13 04:03:18',41,363,NULL,NULL),
	(69,5,NULL,0,NULL,NULL,'已完成',NULL,'2018-07-13 04:21:19',41,364,NULL,NULL),
	(70,5,NULL,0,56,NULL,'已完成',NULL,'2018-07-13 04:28:26',41,366,NULL,NULL),
	(71,5,NULL,0,56,NULL,'已完成',NULL,'2018-07-13 04:30:00',40,367,NULL,NULL),
	(72,5,NULL,0,56,NULL,'已完成',NULL,'2018-07-13 05:54:29',46,369,NULL,NULL),
	(73,5,NULL,0,NULL,NULL,'已完成',NULL,'2018-07-13 06:03:23',47,370,NULL,NULL),
	(74,5,NULL,0,NULL,NULL,'已完成',NULL,'2018-07-13 07:07:43',48,371,NULL,NULL),
	(75,5,NULL,NULL,59,NULL,'已提交',NULL,NULL,1,373,NULL,NULL),
	(76,5,NULL,0,NULL,NULL,'已完成',NULL,'2018-07-13 10:24:10',51,376,NULL,NULL),
	(77,5,NULL,0,NULL,NULL,'已完成',NULL,'2018-07-13 10:58:37',51,377,NULL,NULL),
	(78,5,NULL,0,1,NULL,'已完成',NULL,'2018-07-13 11:01:54',51,424,NULL,NULL),
	(79,5,NULL,0,1,NULL,'已完成',NULL,'2018-07-13 13:54:52',51,277,NULL,NULL),
	(80,5,NULL,NULL,52,NULL,'已提交',NULL,'2018-07-16 01:44:35',2,436,NULL,NULL),
	(81,5,5,12,52,NULL,'已完成',NULL,'2018-07-16 01:44:44',85,354,NULL,NULL),
	(82,5,NULL,NULL,54,NULL,'已提交',NULL,NULL,25,359,NULL,NULL),
	(84,5,5,100,49,NULL,'优秀',NULL,'2018-07-16 09:57:09',69,349,'1234',NULL),
	(86,5,NULL,NULL,47,NULL,'已提交',NULL,NULL,23,447,NULL,NULL),
	(87,5,5,NULL,52,NULL,'已完成',NULL,'2018-07-20 01:30:50',3,437,NULL,NULL),
	(88,5,5,99,47,NULL,'优秀',NULL,NULL,25,445,NULL,NULL),
	(89,5,NULL,100,1,NULL,'已完成',NULL,'2018-07-20 08:50:04',263,279,'\n![](https://s3.cn-north-1.amazonaws.com.cn/tws-upload/images/temp/1532076617042-33c99bd0-964d-420d-8e28-30c323025179.png)',NULL),
	(90,32,NULL,0,1,NULL,'已完成',NULL,'2018-07-20 08:52:17',NULL,279,'cuolecuole',NULL),
	(91,5,5,23,47,NULL,'已完成',NULL,NULL,27,397,'你好我是admin 我要答题\n',NULL),
	(92,5,NULL,NULL,74,NULL,'已提交',NULL,NULL,1,411,NULL,NULL),
	(93,5,5,11,52,NULL,'已完成',NULL,'2018-08-08 06:30:45',84,434,'发啊啊啊啊啊啊啊 我是‘发啊啊啊啊啊啊啊’的答案',NULL),
	(94,5,5,33,52,NULL,'已完成',NULL,'2018-08-08 06:31:21',86,441,NULL,NULL),
	(95,5,5,23,52,NULL,'已完成',NULL,'2018-08-08 06:31:40',87,440,NULL,NULL),
	(96,5,NULL,NULL,52,NULL,'已提交',NULL,'2018-08-08 06:31:54',88,439,NULL,NULL),
	(97,5,NULL,NULL,52,NULL,'已提交',NULL,'2018-08-08 06:32:02',89,438,NULL,NULL),
	(98,5,NULL,NULL,14,NULL,'已提交',NULL,NULL,31,448,NULL,NULL),
	(99,5,NULL,NULL,14,NULL,'已提交',NULL,'2018-08-09 09:28:20',32,449,NULL,NULL),
	(100,5,NULL,NULL,14,NULL,'已提交',NULL,NULL,33,450,NULL,NULL),
	(101,5,5,90,47,NULL,'优秀',NULL,'2018-08-02 00:00:00',27,385,NULL,NULL),
	(102,5,NULL,0,75,NULL,'已完成',NULL,'2018-08-14 06:22:21',NULL,451,NULL,NULL),
	(103,5,NULL,NULL,14,NULL,'已提交',NULL,NULL,3,454,NULL,NULL),
	(104,5,NULL,NULL,14,NULL,'已提交',NULL,NULL,4,455,NULL,NULL),
	(105,5,NULL,NULL,14,NULL,'已提交',NULL,NULL,4,456,NULL,NULL),
	(106,5,NULL,NULL,14,NULL,'已提交',NULL,NULL,5,457,NULL,NULL),
	(107,5,NULL,NULL,14,NULL,'已提交',NULL,NULL,6,458,NULL,NULL),
	(108,5,NULL,NULL,14,NULL,'已提交',NULL,NULL,7,459,NULL,NULL),
	(109,5,NULL,NULL,14,NULL,'已提交',NULL,NULL,8,460,NULL,NULL),
	(840,5,NULL,0,86,NULL,'已完成',NULL,'2019-09-04 07:14:58',NULL,937,NULL,NULL),
	(841,5,NULL,NULL,229,NULL,'已提交',NULL,'2019-10-08 06:33:24',108,1020,NULL,NULL),
	(842,5,NULL,NULL,225,NULL,'已提交',NULL,'2019-10-08 07:11:11',53,998,NULL,NULL),
	(843,5,NULL,NULL,359,NULL,'已提交',NULL,'2019-10-15 03:19:12',46,1301,NULL,NULL),
	(844,5,NULL,0,359,NULL,'已完成',NULL,'2019-10-15 03:19:32',NULL,1304,NULL,NULL),
	(852,34,NULL,NULL,4,NULL,'已提交',NULL,'2019-10-22 09:29:38',85,558,NULL,NULL),
	(853,5,NULL,NULL,151,NULL,'已提交',NULL,'2019-10-25 07:50:14',25,799,NULL,NULL),
	(854,34,NULL,NULL,4,NULL,'已提交',NULL,'2019-10-25 07:52:56',90,557,NULL,NULL),
	(855,34,5,0,799,NULL,'已完成',NULL,'2019-10-25 07:53:24',25,799,NULL,NULL),
	(856,34,NULL,NULL,171,NULL,'已提交',NULL,'2019-10-25 07:53:56',14,859,NULL,NULL),
	(862,34,5,100,4,NULL,'优秀',NULL,'2019-10-28 03:13:46',86,559,NULL,NULL),
	(863,34,NULL,NULL,4,NULL,'已提交',NULL,'2019-10-28 03:14:09',14,855,NULL,NULL),
	(864,34,NULL,NULL,4,NULL,'已提交',NULL,'2019-10-29 02:58:18',39,229,NULL,NULL),
	(865,34,NULL,NULL,5,NULL,'已提交',NULL,'2019-10-29 02:58:41',40,230,NULL,NULL),
	(867,34,NULL,NULL,46,NULL,'已提交',NULL,'2019-10-29 03:37:35',1,520,'# 补充说明\n\n## 补充说明\n\n### 补充说明\n\n','2019-10-29 03:40:08'),
	(868,21,NULL,0,4,NULL,'已完成',NULL,'2019-10-30 02:09:29',NULL,566,NULL,NULL),
	(869,21,NULL,0,4,NULL,'已完成',NULL,'2019-10-30 02:09:29',NULL,929,NULL,NULL),
	(870,21,NULL,0,4,NULL,'已完成',NULL,'2019-10-30 02:09:29',NULL,930,NULL,NULL),
	(871,21,NULL,0,57,NULL,'已完成',NULL,'2019-10-30 02:09:29',NULL,370,NULL,NULL),
	(872,21,NULL,0,28,NULL,'已完成',NULL,'2019-10-30 02:09:29',NULL,357,NULL,NULL),
	(873,21,NULL,0,28,NULL,'已完成',NULL,'2019-10-30 02:09:29',NULL,364,NULL,NULL),
	(874,21,NULL,0,56,NULL,'已完成',NULL,'2019-10-30 02:09:29',NULL,365,NULL,NULL),
	(875,21,NULL,0,56,NULL,'已完成',NULL,'2019-10-30 02:09:29',NULL,366,NULL,NULL),
	(876,21,NULL,0,56,NULL,'已完成',NULL,'2019-10-30 02:09:29',NULL,367,NULL,NULL),
	(877,21,NULL,0,56,NULL,'已完成',NULL,'2019-10-30 02:09:29',NULL,368,NULL,NULL),
	(878,21,NULL,0,56,NULL,'已完成',NULL,'2019-10-30 02:09:29',NULL,369,NULL,NULL),
	(879,11,NULL,0,4,NULL,'已完成',NULL,'2019-10-30 02:17:52',44,930,NULL,NULL),
	(880,34,NULL,0,1,NULL,'已完成',NULL,'2019-10-30 06:05:53',NULL,279,NULL,NULL),
	(881,34,NULL,NULL,4,NULL,'已提交',NULL,'2019-10-30 07:44:10',20,856,NULL,NULL),
	(882,34,NULL,NULL,4,NULL,'已提交',NULL,'2019-10-30 08:00:55',16,858,NULL,NULL),
	(883,34,NULL,0,4,NULL,'已完成',NULL,'2019-10-31 06:44:23',NULL,325,NULL,NULL),
	(884,34,NULL,NULL,4,NULL,'已提交',NULL,'2019-10-31 06:44:28',24,560,NULL,NULL);

/*!40000 ALTER TABLE `reviewQuiz` ENABLE KEYS */;
UNLOCK TABLES;


# Dump of table schema_version
# ------------------------------------------------------------

DROP TABLE IF EXISTS `schema_version`;

CREATE TABLE `schema_version` (
  `installed_rank` int(11) NOT NULL,
  `version` varchar(50) DEFAULT NULL,
  `description` varchar(200) NOT NULL,
  `type` varchar(20) NOT NULL,
  `script` varchar(1000) NOT NULL,
  `checksum` int(11) DEFAULT NULL,
  `installed_by` varchar(100) NOT NULL,
  `installed_on` timestamp NOT NULL DEFAULT CURRENT_TIMESTAMP,
  `execution_time` int(11) NOT NULL,
  `success` tinyint(1) NOT NULL,
  PRIMARY KEY (`installed_rank`),
  KEY `schema_version_s_idx` (`success`)
) ENGINE=InnoDB DEFAULT CHARSET=utf8;

LOCK TABLES `schema_version` WRITE;
/*!40000 ALTER TABLE `schema_version` DISABLE KEYS */;

INSERT INTO `schema_version` (`installed_rank`, `version`, `description`, `type`, `script`, `checksum`, `installed_by`, `installed_on`, `execution_time`, `success`)
VALUES
	(1,'1','create program table','SQL','V1__create_program_table.sql',1050218275,'ProgramCenter','2017-12-13 02:26:54',68,1),
	(2,'2','create topic table','SQL','V2__create_topic_table.sql',-219185145,'ProgramCenter','2017-12-13 02:26:55',65,1),
	(3,'3','create task table','SQL','V3__create_task_table.sql',-1461030040,'ProgramCenter','2017-12-13 02:26:55',66,1),
	(4,'4','create user-program table','SQL','V4__create_user-program_table.sql',1658732349,'ProgramCenter','2017-12-13 02:26:56',66,1),
	(5,'5','create tutor-program table','SQL','V5__create_tutor-program_table.sql',-1463973301,'ProgramCenter','2017-12-13 02:26:56',70,1),
	(6,'6','create task-suggestion table','SQL','V6__create_task-suggestion_table.sql',-1359989543,'ProgramCenter','2017-12-13 02:26:56',65,1),
	(7,'7','create assignment-Comment table','SQL','V7__create_assignment-Comment_table.sql',1777547564,'ProgramCenter','2017-12-13 02:26:57',67,1),
	(8,'8','create review-quiz table','SQL','V8__create_review-quiz_table.sql',1840153744,'ProgramCenter','2017-12-13 02:26:57',66,1),
	(9,'9','create task-feeling table','SQL','V9__create_task-feeling_table.sql',-1166817981,'ProgramCenter','2017-12-13 02:26:57',72,1),
	(10,'10','create section-suggestion table','SQL','V10__create_section-suggestion_table.sql',438609519,'ProgramCenter','2017-12-13 02:26:58',69,1),
	(11,'11','create section-comment table','SQL','V11__create_section-comment_table.sql',1401339497,'ProgramCenter','2017-12-13 02:26:58',83,1),
	(12,'12','create section video address table','SQL','V12__create_section_video_address_table.sql',-1422971858,'ProgramCenter','2017-12-26 06:11:59',108,1),
	(13,'13','create follow table','SQL','V13__create_follow_table.sql',1238152538,'ProgramCenter','2018-03-08 10:47:02',296,1),
	(14,'14','delete unused assignemnt table','SQL','V14__delete_unused_assignemnt_table.sql',1608519218,'ProgramCenter','2018-05-17 10:05:45',167,1),
	(15,'15','create assignment table','SQL','V15__create_assignment_table.sql',-1984765831,'ProgramCenter','2018-05-17 10:05:46',65,1),
	(16,'16','add assignment-quiz-table','SQL','V16__add_assignment-quiz-table.sql',-428572850,'ProgramCenter','2018-05-17 10:05:46',64,1),
	(17,'17','modify review quiz table','SQL','V17__modify_review_quiz_table.sql',-1135344194,'ProgramCenter','2018-05-17 10:05:47',353,1),
	(18,'18','modify assignment table','SQL','V18__modify_assignment_table.sql',300033764,'ProgramCenter','2018-05-17 10:05:47',72,1),
	(19,'19','modify section suggestion to quiz suggestion','SQL','V19__modify_section_suggestion_to_quiz_suggestion.sql',-1237945343,'ProgramCenter','2018-05-17 10:05:48',336,1),
	(20,'20','modify section comment table','SQL','V20__modify_section_comment_table.sql',1939304064,'ProgramCenter','2018-05-17 10:05:49',316,1),
	(21,'21','modify quiz suggestion from and to column table','SQL','V21__modify_quiz_suggestion_from_and_to_column_table.sql',-209735107,'ProgramCenter','2018-07-07 17:22:23',712,1),
	(22,'22','add parent id in quiz suggestion table','SQL','V22__add_parent_id_in_quiz_suggestion_table.sql',553275296,'ProgramCenter','2018-07-10 09:46:36',193,1),
	(23,'23','modify review-quiz table','SQL','V23__modify_review-quiz_table.sql',1200876178,'ProgramCenter','2018-07-11 14:34:28',425,1),
	(24,'24','create tag table','SQL','V24__create_tag_table.sql',589664405,'ProgramCenter','2018-07-27 10:22:09',150,1),
	(25,'25','create user tag table','SQL','V25__create_user_tag_table.sql',-378797733,'ProgramCenter','2018-07-27 10:22:09',29,1),
	(26,'26','create my workspace table','SQL','V26__create_my_workspace_table.sql',1759686136,'ProgramCenter','2018-08-08 06:51:44',23,1),
	(27,'27','add enable link in program table','SQL','V27__add_enable_link_in_program_table.sql',860493594,'ProgramCenter','2018-08-13 10:35:10',171,1),
	(28,'28','add order number in assignment table','SQL','V28__add_order_number_in_assignment_table.sql',1187803979,'ProgramCenter','2018-10-25 01:24:17',82,1),
	(29,'29','add order number in assignment quiz table','SQL','V29__add_order_number_in_assignment_quiz_table.sql',1131737987,'ProgramCenter','2018-10-25 01:24:17',70,1),
	(30,'30','add visible in assignment table','SQL','V30__add_visible_in_assignment_table.sql',1284515074,'ProgramCenter','2018-11-01 09:44:55',664,1),
	(31,'31','create conceal comment table','SQL','V31__create_conceal_comment_table.sql',1984683340,'ProgramCenter','2018-11-07 08:39:07',133,1),
	(32,'32','create assignment quiz tag table','SQL','V32__create_assignment_quiz_tag_table.sql',-2054045229,'ProgramCenter','2018-11-12 07:45:24',146,1),
	(33,'33','create user assignment quiz tag table','SQL','V33__create_user_assignment_quiz_tag_table.sql',-2014062630,'ProgramCenter','2018-11-12 07:45:24',27,1),
	(34,'34','alter user assignment quiz tag table','SQL','V34__alter_user_assignment_quiz_tag_table.sql',1045439403,'ProgramCenter','2018-11-20 01:46:01',238,1),
	(35,'35','add color and programId in tag table','SQL','V35__add_color_and_programId_in_tag_table.sql',-28114610,'ProgramCenter','2018-11-21 03:43:15',285,1),
	(36,'36','create assignment quiz Mark table','SQL','V36__create_assignment_quiz_Mark_table.sql',-59548701,'ProgramCenter','2018-11-21 03:43:15',32,1),
	(37,'37','create group table','SQL','V37__create_group_table.sql',1974112672,'ProgramCenter','2018-11-21 03:43:15',25,1),
	(38,'38','create user group table','SQL','V38__create_user_group_table.sql',-265617181,'ProgramCenter','2018-11-21 03:43:15',28,1),
	(39,'39','add supplement time in reviewquiz table','SQL','V39__add_supplement_time_in_reviewquiz_table.sql',249328011,'ProgramCenter','2018-11-27 09:57:05',217,1),
	(40,'40','create task-content-read table','SQL','V40__create_task-content-read_table.sql',-1015149558,'ProgramCenter','2019-01-15 09:58:05',57,1),
	(41,'41','migrate organizationId','SQL','V41__migrate_organizationId.sql',1600238572,'ProgramCenter','2019-02-12 09:56:47',82,1),
	(42,'42','alter program and task table indtroduction column','SQL','V42__alter_program_and_task_table_indtroduction_column.sql',-1252185576,'ProgramCenter','2019-02-21 02:42:57',114,1),
	(43,'43','add is show integration in program table','SQL','V43__add_is_show_integration_in_program_table.sql',-1240026442,'ProgramCenter','2019-04-13 05:42:48',133,1),
	(44,'44','delete duplication review quiz','SQL','V44__delete_duplication_review_quiz.sql',-1111809910,'ProgramCenter','2019-05-09 10:24:42',21,1),
	(45,'45','alert review quiz unique key','SQL','V45__alert_review_quiz_unique_key.sql',1258197550,'ProgramCenter','2019-05-09 10:24:42',58,1),
	(46,'46','add available column in program','SQL','V46__add_available_column_in_program.sql',962339106,'ProgramCenter','2019-06-17 03:05:28',34,1),
	(47,'47','create user assignment duration table','SQL','V47__create_user_assignment_duration_table.sql',1320429990,'ProgramCenter','2019-07-07 09:34:19',63,1),
	(48,'48','create quiz note table','SQL','V48__create_quiz_note_table.sql',680448720,'ProgramCenter','2019-07-24 00:34:26',59,1),
	(49,'49','add readOnly and expired column in program','SQL','V49__add_readOnly_and_expired_column_in_program.sql',2100730591,'ProgramCenter','2019-08-16 17:05:47',198,1);

/*!40000 ALTER TABLE `schema_version` ENABLE KEYS */;
UNLOCK TABLES;


# Dump of table sectionVideoAddress
# ------------------------------------------------------------

DROP TABLE IF EXISTS `sectionVideoAddress`;

CREATE TABLE `sectionVideoAddress` (
  `id` int(11) NOT NULL AUTO_INCREMENT,
  `taskId` int(11) DEFAULT NULL,
  `sectionId` int(11) DEFAULT NULL,
  `videoAddress` varchar(1000) DEFAULT NULL,
  `createTime` timestamp NULL DEFAULT CURRENT_TIMESTAMP,
  PRIMARY KEY (`id`)
) ENGINE=InnoDB DEFAULT CHARSET=utf8;

LOCK TABLES `sectionVideoAddress` WRITE;
/*!40000 ALTER TABLE `sectionVideoAddress` DISABLE KEYS */;

INSERT INTO `sectionVideoAddress` (`id`, `taskId`, `sectionId`, `videoAddress`, `createTime`)
VALUES
	(1,8,240,'https://media.w3.org/2010/05/sintel/trailer.mp4',NULL);

/*!40000 ALTER TABLE `sectionVideoAddress` ENABLE KEYS */;
UNLOCK TABLES;


# Dump of table tag
# ------------------------------------------------------------

DROP TABLE IF EXISTS `tag`;

CREATE TABLE `tag` (
  `id` int(11) NOT NULL AUTO_INCREMENT,
  `name` varchar(225) DEFAULT NULL,
  `createTime` timestamp NULL DEFAULT CURRENT_TIMESTAMP,
  `creatorId` int(11) DEFAULT NULL,
  `programId` int(11) DEFAULT NULL,
  `color` varchar(100) DEFAULT NULL,
  PRIMARY KEY (`id`)
) ENGINE=InnoDB DEFAULT CHARSET=utf8;

LOCK TABLES `tag` WRITE;
/*!40000 ALTER TABLE `tag` DISABLE KEYS */;

INSERT INTO `tag` (`id`, `name`, `createTime`, `creatorId`, `programId`, `color`)
VALUES
	(1,'11','2018-08-08 14:49:28',5,NULL,NULL),
	(2,'22','2018-08-14 08:24:10',5,NULL,NULL),
	(3,'学员 tag比那集',NULL,5,60,'#FF78CB'),
	(5,'事实上',NULL,5,60,'#00C2E0'),
	(6,'天呐',NULL,5,60,'#51E898'),
	(7,'test','2018-11-21 06:27:28',5,60,'default'),
	(8,'哈哈哈w ','2018-11-21 06:28:15',5,60,'#C377E0'),
	(9,'123423','2018-11-30 06:34:26',5,1,'#61BD4F'),
	(14,'123','2019-06-10 07:06:20',5,137,'default'),
	(15,'优秀','2019-10-21 08:06:09',5,116,'#EB5A46'),
	(16,'安安','2019-10-25 03:39:39',5,59,'default'),
	(17,'大树','2019-11-01 09:29:48',5,58,'#61BD4F');

/*!40000 ALTER TABLE `tag` ENABLE KEYS */;
UNLOCK TABLES;


# Dump of table task
# ------------------------------------------------------------

DROP TABLE IF EXISTS `task`;

CREATE TABLE `task` (
  `id` int(11) NOT NULL AUTO_INCREMENT,
  `topicId` int(11) DEFAULT NULL,
  `programId` int(11) DEFAULT NULL,
  `paperId` int(11) DEFAULT NULL,
  `title` varchar(5000) DEFAULT NULL,
  `content` text,
  `orderNumber` int(11) DEFAULT NULL,
  `deadLine` timestamp NULL DEFAULT NULL,
  `createTime` timestamp NULL DEFAULT CURRENT_TIMESTAMP,
  `link` varchar(2000) DEFAULT NULL,
  `visible` int(11) DEFAULT NULL,
  `type` varchar(250) DEFAULT NULL,
  PRIMARY KEY (`id`)
) ENGINE=InnoDB DEFAULT CHARSET=utf8;

LOCK TABLES `task` WRITE;
/*!40000 ALTER TABLE `task` DISABLE KEYS */;

INSERT INTO `task` (`id`, `topicId`, `programId`, `paperId`, `title`, `content`, `orderNumber`, `deadLine`, `createTime`, `link`, `visible`, `type`)
VALUES
	(1,1,1,198,'1 教学方法','# 1 教学方法',0,'2018-02-28 00:00:00',NULL,'qqqqqqq3333333wwwwwwwwwwwfdghjk',1,'选修'),
	(2,1,1,197,'2 软件和工具的安装','## 软件和工具的安装',1,'2017-03-02 00:00:00',NULL,'qqqq',1,'必修'),
	(4,2,1,156,'如何提问','qwerqw',0,'2018-02-27 00:00:00',NULL,'',1,'必修'),
	(5,2,1,157,'Markdown 使用','# Markdown 使用',1,'2017-03-02 00:00:00',NULL,NULL,1,'必修'),
	(8,2,1,164,'编程题','我是一个编程题',3,'2017-03-02 00:00:00',NULL,NULL,1,''),
	(10,1,1,172,'测试',NULL,2,'2017-03-02 00:00:00',NULL,NULL,1,''),
	(14,5,4,184,'js基础1','锻炼javascript基础1',14,'2017-03-02 00:00:00',NULL,NULL,0,'必修'),
	(16,2,1,199,'选择题答案测试',NULL,2,'2017-03-02 00:00:00',NULL,NULL,1,''),
	(18,8,5,200,' test',' test test',18,'2017-03-02 00:00:00',NULL,'wwwwwwwww',1,'选修'),
	(19,10,6,223,'test','fafjdakfadfjadf',19,'2017-03-02 00:00:00',NULL,'http://douqing.test.om',0,'选修'),
	(20,5,4,217,'如何提问',NULL,20,'2017-03-02 00:00:00',NULL,NULL,1,''),
	(21,2,1,217,'主观题测试',NULL,21,'2017-03-02 00:00:00',NULL,NULL,1,''),
	(24,16,39,226,'',NULL,24,'2017-03-02 00:00:00',NULL,NULL,0,''),
	(25,10,6,227,'',NULL,25,'2017-03-02 00:00:00',NULL,NULL,0,''),
	(26,10,6,NULL,'',NULL,26,'2017-03-02 00:00:00',NULL,NULL,0,''),
	(27,3,1,228,'zhangpei-test',NULL,27,'2017-03-02 00:00:00',NULL,NULL,1,''),
	(28,14,1,229,'逻辑题',NULL,28,'2017-03-02 00:00:00',NULL,NULL,1,''),
	(29,18,59,NULL,'基础知识','测试-基础知识\n',2,'2017-03-02 00:00:00',NULL,NULL,1,'必修'),
	(31,18,59,NULL,'编程题','编程题目\n',4,'2017-03-02 00:00:00',NULL,NULL,1,'必修'),
	(32,18,59,NULL,'编程题目2',NULL,5,'2017-03-02 00:00:00',NULL,NULL,1,''),
	(33,2,1,NULL,'pre-pos',NULL,33,'2017-03-02 00:00:00',NULL,NULL,1,''),
	(34,18,59,NULL,' 单语言编程题测试',NULL,7,'2017-03-02 00:00:00',NULL,NULL,1,''),
	(43,21,3,NULL,'111','# 学习目标\n\n1. 了解ES6是什么\n2. 掌握学习内容中的ES6的新特性\n3. 根据推荐资料中的内容自学ES的其它特性（数组的拓展，Module）\n\n# 学习内容\n\n## 一、ECMAScript 6 简介\n\nECMAScript(ES6) 是JavaScript语言的下一代标准，已经在2015年6月正式发布了；在 JavaScript 的基础上做了重大的更新，提供了更优雅的语法和特性。\n\n#### ECMAScript 和 JavaScript 的关系\n\nECMAScript 和 JavaScript 的关系是，前者是后者的规格，后者是前者的一种实现（另外的ECMAScript 方言还有 Jscript 和 ActionScript ）。日常场合，这两个词是可以互换的。那为什么不叫 JavaScript 为换名字了呢？原因如下：\n\n1. 商标，1996年11月，JavaScript的创造者Netscape公司，决定将JavaScript提交给国际标准化组织ECMA，希望这种语言能够成为国际标准。根据授权协议，只有Netscape公司(Javascript 的创造者)可以合法地使用JavaScript这个名字，且 JavaScript 本身也已经被 Netscape 公司注册为商标\n2. 想体现这门语言的制定者是 ECMA，不是 Netscape，这样有利于保证这门语言的开放性和中立性。\n\n## 二、ES6 新特性\n###  1. let 和 const\n\nES6提供了两种新的声明变量的方式：let 和 const。\n#### 1）作用域\n\n let 和 const 相比于 var 声明的变量有块作用域，let 和 const 只在于当前的块作用域中有效。而 var 声明的变量是在函数作用域内有效。\n```\n{\n  let a = 1;  // a 只能在当前块中被访问\n  var b = 1;\n}\na // ReferenceError: a is not defined.\nb // 1\n```\nconst 和 let 的区别则在于， const 声明变量的同时必须立即给一个初始值，且无法在对该值进行修改。如果该初始值是一个对象，那么该对象的值是可以被修改的。\n\n#### 2）变量提升\n\n 变量如果在var 前使用，就会出现「变量提升」现象，值为undefined。let 声明的变量一定要在声明后使用，否则报错。\n```\n// var 的情况\nconsole.log(a); // 输出undefined\nvar a = 1;\n\n// let 的情况\nconsole.log(b); // 报错ReferenceError\nlet b = 1;\n```\n上述代码，`a`变量用`var`声明，会进行变量提升，脚本刚开始执行就已经存在变量`a`,但是变量`a`没有值，所以输出`undefined`；`b`变量用`let`声明，不会发生变量提升，在声明它之前，变量b是不存在的，这时如果用到它，就会抛出一个错误。\n#### 3）const 本质\n\nconst实际上保证的，并不是变量的值不得改动，而是变量指向的那个内存地址所保存的数据不得改动。\n```\nconst user = {};\n\n// 为 user 添加一个属性，可以成功\nuser.age = 23;\nuser.age // 23\n\n// 将 user 指向另一个对象，就会报错\nuser = {}; // TypeError: \"user\" is read-only\n```\n上面代码中，常量user储存的是一个地址，这个地址指向一个对象。不可变的只是这个地址，即不能把user指向另一个地址，但对象本身是可变的，所以依然可以为其添加新属性。\n\n### 2. 变量的解构赋值\n\nES6 允许按照一定模式，从数组和对象中提取值，对变量进行赋值，这被称为解构。\n```\n//以前变量赋值只能直接指定\nlet a = 1;\nlet b = 2;\nlet c = 3;\n//ES6 允许写成下面这样\nlet [a, b, c] = [1, 2, 3];\n```\n\n#### 1）数组的解构\n```\nvar [a,b,c] = [1,2,3] // 结果 a=1 b=2 c=3\nvar [a,[b,c]] = [1,[2,3]] // 结果 a=1 b=2 c=3\n\n//解构不成功\nvar [a] = [];  // a = undefined   \nvar [a, b] = [1]; //a=1 b=undefined\n\n//不完全解构\nvar [a] = [1,2]; //a=1\n\n//默认值\nvar [a=1] = [] //a=1\n```\n**如果等号的右边不是数组（或者严格地说，不是可遍历的结构），那么将会报错**\n```javascript\nlet [a] = 1;\nlet [a] = false;\nlet [a] = NaN;\nlet [a] = undefined;\nlet [a] = null;\nlet [a] = {};\n```\n#### 2）对象的解构\n```\nvar { b, a } = { a: \"aaa\", b: \"bbb\" };\na // \"aaa\"\nb // \"bbb\"\n\nvar { c } = { a: \"aaa\", b: \"bbb\" };\nc // undefined\n\n//变量名与属性名不一致，必须写成下面这样\nlet { a: hello } = { a: \'aaa\', hello: \'bbb\' };\nhello // \"aaa\"\n\n//对象的解构赋值的内部机制，是先找到同名属性，然后再赋给对应的变量\nlet { a: hello } = { a: \"aaa\", hello: \"bbb\" };\nhello // \"aaa\"\na // error: foo is not defined\n\n//对象的解构也可以指定默认值\nvar {x = 3} = {};\nx // 3\nvar {x, y = 5} = {x: 1};\nx // 1\ny // 5\n```\n#### 3）字符串的解构赋值\n\n字符串也可以解构赋值。这是因为此时，字符串被转换成了一个类似数组的对象。\n```\nconst [a, b, c, d, e] = \'hello\';\na // \"h\"\nb // \"e\"\nc // \"l\"\nd // \"l\"\ne // \"o\"\n\n//类似数组的对象都有一个length属性，因此还可以对这个属性解构赋值\nlet {length : len} = \'hello\';\nlen // 5\n```\n### 3.字符串拓展\n#### 1）模版字符串\n\n模板字符串（template string）是增强版的字符串，用反引号（`）标识。它可以当作普通字符串使用，也可以用来定义多行字符串（类似 pre 标签的作用），或者在字符串中嵌入变量。\n```\n// 普通字符串 想要换行需要加上 \'\\n\'\n`In JavaScript \'\\n\' is a line-feed.`\n\n// 多行字符串\n`In JavaScript this is\n not legal.`\n\n// 字符串中嵌入变量\nvar name = \"ac\", time = \"today\";\n`Hello ${name}, how are you ${time}?` // Hello ac, how are you today? \n```\n#### 2）字符串的遍历器接口\n\nES6 为字符串添加了遍历器接口，使得字符串可以被for...of循环遍历\n```\nfor (let codePoint of \'hello\') {\n  console.log(codePoint)\n}\n// \"h\"\n// \"e\"\n// \"l\"\n// \"l\"\n// \"o\"\n```\n#### 3）includes(), startsWith(), endsWith() \n\n在这之前，JavaScript 只有indexOf方法，可以用来确定一个字符串是否包含在另一个字符串中。\n\n**ES6 又提供了三种新方法：**\n- includes()：返回布尔值，表示是否找到了参数字符串。\n- startsWith()：返回布尔值，表示参数字符串是否在原字符串的头部。\n- endsWith()：返回布尔值，表示参数字符串是否在原字符串的尾部。\n```\nlet s = \'Hello world!\';\ns.startsWith(\'Hello\') // true\ns.endsWith(\'!\') // true\ns.includes(\'o\') // true\n这三个方法都支持第二个参数，表示开始搜索的位置。\n\nlet s = \'Hello world!\';\ns.startsWith(\'world\', 6) // true\ns.endsWith(\'Hello\', 5) // true\ns.includes(\'Hello\', 6) // false\n```\n上面代码表示，使用第二个参数n时，endsWith的行为与其他两个方法有所不同。它针对前n个字符，而其他两个方法针对从第n个位置直到字符串结束。\n#### 4）repeat()\n\n`repeat`方法返回一个新字符串，表示将原字符串重复n次。\n```\n\'x\'.repeat(3) // \"xxx\"\n\'hello\'.repeat(2) // \"hellohello\"\n\'na\'.repeat(0) // \"\"\n\n//参数如果是小数，会被取整\n\'na\'.repeat(2.9) // \"nana\"\n\n//如果repeat的参数是负数或者Infinity，会报错。\n\'na\'.repeat(Infinity)\n// RangeError\n\'na\'.repeat(-1)\n// RangeError\n\n//参数是 0 到-1 之间的小数，则等同于 0\n\'na\'.repeat(-0.9) // \"\"\n\n//参数NaN等同于 0。\n\'na\'.repeat(NaN) // \"\"\n\n//如果repeat的参数是字符串，则会先转换成数字。\n\'na\'.repeat(\'na\') // \"\"\n\'na\'.repeat(\'3\') // \"nanana\"\n```\n#### 5）padStart()，padEnd()\n\nES2017 引入了字符串补全长度的功能。如果某个字符串不够指定长度，会在头部或尾部补全。padStart()用于头部补全，padEnd()用于尾部补全。\n```\n\'x\'.padStart(5, \'ab\') // \'ababx\'\n\'x\'.padStart(4, \'ab\') // \'abax\'\n\n\'x\'.padEnd(5, \'ab\') // \'xabab\'\n\'x\'.padEnd(4, \'ab\') // \'xaba\'\n\n//如果原字符串的长度，等于或大于最大长度，则字符串补全不生效，返回原字符串\n\'xxx\'.padStart(2, \'ab\') // \'xxx\'\n\'xxx\'.padEnd(2, \'ab\') // \'xxx\'\n\n//如果省略第二个参数，默认使用空格补全长度\n\'x\'.padStart(4) // \'   x\'\n\'x\'.padEnd(4) // \'x   \'\n```\n### 4.数值的扩展\n#### 1）Number.isFinite(), Number.isNaN()\nES6 在Number对象上，新提供了Number.isFinite()和Number.isNaN()两个方法。\n\nNumber.isFinite()用来检查一个数值是否为有限的（finite），即不是Infinity。\n```\nNumber.isFinite(15); // true\nNumber.isFinite(0.8); // true\nNumber.isFinite(NaN); // false\nNumber.isFinite(Infinity); // false\nNumber.isFinite(-Infinity); // false\nNumber.isFinite(\'foo\'); // false\nNumber.isFinite(\'15\'); // false\nNumber.isFinite(true); // false\n```\nNumber.isNaN()用来检查一个值是否为NaN\n```\nNumber.isNaN(NaN) // true\nNumber.isNaN(15) // false\nNumber.isNaN(\'15\') // false\nNumber.isNaN(true) // false\nNumber.isNaN(9/NaN) // true\nNumber.isNaN(\'true\' / 0) // true\nNumber.isNaN(\'true\' / \'true\') // true\n```\n它们与传统的全局方法`isFinite()`和`isNaN()`的区别在于，传统方法先调用`Number()`将非数值的值转为数值，再进行判断，而这两个新方法只对数值有效，`Number.isFinite()`对于非数值一律返回`false`, `Number.isNaN()`只有对于`NaN`才返回`true`，非`NaN`一律返回`false`。\n\n#### 2）Number.isInteger()\n\nNumber.isInteger()用来判断一个数值是否为整数\n```\nNumber.isInteger(5) // true\nNumber.isInteger(5.1) // false\n\n//JavaScript 内部，整数和浮点数采用的是同样的储存方法，所以 5 和 5.0 被视为同一个值\nNumber.isInteger(5) // true\nNumber.isInteger(5.0) // true\n```\n### 5. Math 对象的扩展\n#### 1）Math.trunc() \n`Math.trunc`方法用于去除一个数的小数部分，返回整数部分\n```\nMath.trunc(4.1) // 4\nMath.trunc(4.9) // 4\nMath.trunc(-4.1) // -4\nMath.trunc(-4.9) // -4\nMath.trunc(-0.1234) // -0\n```\n\n\n#### 2）Math.sign() \n\n`Math.sign`方法用来判断一个数到底是正数、负数、还是零。对于非数值，会先将其转换为数值。\n\n它会返回五种值：\n- 参数为正数，返回+1；\n- 参数为负数，返回-1；\n- 参数为 0，返回0；\n- 参数为-0，返回-0;\n- 其他值，返回NaN。\n```\nMath.sign(-5) // -1\nMath.sign(5) // +1\nMath.sign(0) // +0\nMath.sign(-0) // -0\nMath.sign(NaN) // NaN\n```\n### 6.函数的扩展\n#### 1）函数参数的默认值\n\nES6 允许为函数的参数设置默认值，即直接写在参数定义的后面\n```\nfunction log(x, y = \'World\') {\n  console.log(x, y);\n}\n\nlog(\'Hello\') // Hello World\nlog(\'Hello\', \'China\') // Hello China\nlog(\'Hello\', \'\') // Hello\n```\n#### 2）rest 展开运算符\nES6 引入 rest 参数（形式为...变量名），用于获取函数的多余参数，这样就不需要使用arguments对象了。rest 参数搭配的变量是一个数组，该变量将多余的参数放入数组中。\n```\nfunction example(...values){\n    console.log(values)// console: [1,2,3,4]\n}\n\nexample(1,2,3,4) \nvar a = [1,2,3]\nvar b = [...a,4,5,6] //b = [1,2,3,4,5,6]\n```\n#### 3） 箭头函数\n\nES6 提供了新的方式 `=>` 来定义函数\n```\nvar func = parm => parm\n等同于\nvar func = function (parm){\n    return parm\n}\n```\n\n如果函数没有参数或有多个参数，那么：\n```\nvar func = () => //some code\n等同于\nvar func = function (){\n	some code\n}\n\nvar func = (parm1,parm2) => //some code\n等同于\nvar func = function (parm1,parm2){\n	some code\n}\n```\n\n如果箭头函数的函数体只包含一行代码，则可以不需要写大括号以及 return 语句返回（如果有返回值）\n```\nvar sum = (num1,num2) => num1+num2\n等同于\nvar sum = (num1,num2) => {return num1+num2}\n等同于\nvar sum = function(num1,num2){return num1+num2}\n```\n\n箭头函数使得表达更加简洁\n```\n[1,2,3].map( item=> 2 * item)\n等同于\n[1,2,3].map(function(item){\n    return item * 2\n})\n\n[1,3,2].sort((a,b) => a - b)\n```\n### 7.数组的扩展\n\n#### 1）扩展运算符\n\n扩展运算符（spread）是三个点（...）。它好比 rest 参数的逆运算，将一个数组转为用逗号分隔的参数序列。\n```\nconsole.log(...[1, 2, 3])\n// 1 2 3\n\nconsole.log(1, ...[2, 3, 4], 5)\n// 1 2 3 4 5\n```\n#### 2）扩展运算符的应用\n\n- **复制数组**\n\n数组是复合的数据类型，直接复制的话，只是复制了指向底层数据结构的指针，而不是克隆一个全新的数组。\n```\nconst a = [1, 2];\nconst b = a;\n\nb[0] = 2;\na // [2, 2]\n```\n上面代码中，a2并不是a1的克隆，而是指向同一份数据的另一个指针。修改a2，会直接导致a1的变化。\n\nES5 只能用变通方法来复制数组\n```\nconst a = [1, 2];\nconst b = a.concat();\n\nb[0] = 2;\na // [1, 2]\n```\n\n扩展运算符提供了复制数组的简便写法\n```\nconst a1 = [1, 2];\n// 写法一\nconst a2 = [...a1];\n// 写法二\nconst [...a2] = a1;\n```\n- **合并数组**\n\n扩展运算符提供了数组合并的新写法\n```\nconst arr1 = [\'a\', \'b\'];\nconst arr2 = [\'c\'];\nconst arr3 = [\'d\', \'e\'];\n\n// ES5 的合并数组\narr1.concat(arr2, arr3);\n// [ \'a\', \'b\', \'c\', \'d\', \'e\' ]\n\n// ES6 的合并数组\n[...arr1, ...arr2, ...arr3]\n// [ \'a\', \'b\', \'c\', \'d\', \'e\' ]\n```\n- **字符串**\n\n扩展运算符还可以将字符串转为真正的数组\n```\n[...\'hello\']\n// [ \"h\", \"e\", \"l\", \"l\", \"o\" ]\n```\n#### 3） Array.from() \n\nArray.from方法用于将两类对象转为真正的数组：类似数组的对象（array-like object）和可遍历（iterable）的对象（包括 ES6 新增的数据结构 Set 和 Map）。\n```\nlet arrayLike = {\n    \'0\': \'a\',\n    \'1\': \'b\',\n    \'2\': \'c\',\n    length: 3\n};\n\n// ES5的写法\nvar arr1 = [].slice.call(arrayLike); // [\'a\', \'b\', \'c\']\n\n// ES6的写法\nlet arr2 = Array.from(arrayLike); // [\'a\', \'b\', \'c\']\n\nArray.from(\'hello\')\n// [\'h\', \'e\', \'l\', \'l\', \'o\']\n\nlet namesSet = new Set([\'a\', \'b\'])\nArray.from(namesSet) // [\'a\', \'b\']\n```\n#### 4）Array.of() \n\nArray.of方法用于将一组值，转换为数组\n```\nArray.of(3, 11, 8) // [3,11,8]\nArray.of(3) // [3]\nArray.of(3).length // 1\n```\n#### 5）数组实例的 find() 和 findIndex()\n\n数组实例的`find`方法，用于找出第一个符合条件的数组成员。它的参数是一个回调函数，所有数组成员依次执行该回调函数，直到找出第一个返回值为`true`的成员，然后返回该成员。如果没有符合条件的成员，则返回`undefined`。\n```\n[1, 4, -5, 10].find((n) => n < 0)\n// -5\n\n//find方法的回调函数可以接受三个参数，依次为当前的值、当前的位置和原数组\n[1, 5, 10, 15].find(function(value, index, arr) {\n  return value > 9;\n}) // 10\n```\n\n数组实例的`findIndex`方法的用法与`find`方法非常类似，返回第一个符合条件的数组成员的位置，如果所有成员都不符合条件，则返回`-1`\n```\n[1, 5, 10, 15].findIndex(function(value, index, arr) {\n  return value > 9;\n}) // 2\n```\n#### 6）数组实例的 includes()\n\nArray.prototype.includes方法返回一个布尔值，表示某个数组是否包含给定的值，与字符串的includes方法类似。ES2016 引入了该方法。\n```\n[1, 2, 3].includes(2)     // true\n[1, 2, 3].includes(4)     // false\n[1, 2, NaN].includes(NaN) // true\n```\n该方法的第二个参数表示搜索的起始位置，默认为0\n```\n[1, 2, 3].includes(3, 3);  // false\n[1, 2, 3].includes(3, -1); // true\n```\n## 推荐资料\n- [ECMAScript 6 入门](http://es6.ruanyifeng.com/#docs/destructuring)\n\n# 学习目标\n\n1. 了解ES6是什么\n2. 掌握学习内容中的ES6的新特性\n3. 根据推荐资料中的内容自学ES的其它特性（数组的拓展，Module）\n\n# 学习内容\n\n## 一、ECMAScript 6 简介\n\nECMAScript(ES6) 是JavaScript语言的下一代标准，已经在2015年6月正式发布了；在 JavaScript 的基础上做了重大的更新，提供了更优雅的语法和特性。\n\n#### ECMAScript 和 JavaScript 的关系\n\nECMAScript 和 JavaScript 的关系是，前者是后者',43,'2017-03-02 00:00:00',NULL,NULL,0,''),
	(46,23,58,0,'主观题','# 主观题目测试用',0,'2017-03-02 00:00:00',NULL,NULL,1,'必修'),
	(47,18,59,0,'编程题','我是一个编程题',0,'2017-03-02 00:00:00',NULL,NULL,1,''),
	(48,18,59,0,'选择题答案测试',NULL,3,'2017-03-02 00:00:00',NULL,NULL,1,''),
	(49,18,59,0,'主观题测试',NULL,1,'2017-03-02 00:00:00',NULL,NULL,1,''),
	(50,18,59,0,'pre-pos',NULL,6,'2017-03-02 00:00:00',NULL,NULL,1,''),
	(56,26,1,NULL,'逻辑题任务卡',NULL,56,'2017-03-02 00:00:00',NULL,NULL,1,''),
	(57,2,1,NULL,'zaixian cehsi',NULL,57,'2017-03-02 00:00:00',NULL,NULL,1,''),
	(58,27,1,NULL,'logic task',NULL,58,'2017-03-02 00:00:00',NULL,NULL,0,''),
	(75,36,60,NULL,'测试251','# 学习目标\n\n1. 了解ES6是什么\n2. 掌握学习内容中的ES6的新特性\n3. 根据推荐资料中的内容自学ES的其它特性（数组的拓展，Module）\n\n# 学习内容\n\n## 1. ECMAScript 6 简介\n\nECMAScript(ES6) 是JavaScript语言的下一代标准，已经在2015年6月正式发布了；在 JavaScript 的基础上做了重大的更新，提供了更优雅的语法和特性。\n\n#### ECMAScript 和 JavaScript 的关系\n\nECMAScript 和 JavaScript 的关系是，前者是后者的规格，后者是前者的一种实现（另外的ECMAScript 方言还有 Jscript 和 ActionScript ）。日常场合，这两个词是可以互换的。那为什么不叫 JavaScript 为换名字了呢？原因如下：\n\n1. 商标，1996年11月，JavaScript的创造者Netscape公司，决定将JavaScript提交给国际标准化组织ECMA，希望这种语言能够成为国际标准。根据授权协议，只有Netscape公司(Javascript 的创造者)可以合法地使用JavaScript这个名字，且 JavaScript 本身也已经被 Netscape 公司注册为商标\n2. 想体现这门语言的制定者是 ECMA，不是 Netscape，这样有利于保证这门语言的开放性和中立性。\n\n## 2. ES6 新特性\n\n###  let 和 const\n\nES6提供了两种新的声明变量的方式：let 和 const。其中\n\nlet 和 const 相比于 var 声明的变量有块作用域，let 和 const 只在于当前的块作用域中有效。而 var 声明的变量是在函数作用域内有效。\n\n```\n{\n  let a = 1;  // a 只能在当前块中被访问\n  var b = 1;\n}\na // ReferenceError: a is not defined.\nb // 1\n```\n\nconst 和 let 的区别则在于， const 声明变量的同时必须立即给一个初始值，且无法在对该值进行修改。如果该初始值是一个对象，那么该对象的值是可以被修改的。\n\n### 变量的解构赋值\n\n按照一定的模式，从数组或对象中提取值，对变量进行赋值的操作。\n\n#### 数组的解构\n\n```\nvar [a,b,c] = [1,2,3] // 结果 a=1 b=2 c=3\nvar [a,[b,c]] = [1,[2,3]] // 结果 a=1 b=2 c=3\n\n//解构不成功\nvar [a] = [];  // a = undefined   \nvar [a, b] = [1]; //a=1 b=a = undefined\n\n//不完全解构\nvar [a] = [1,2]; //a=1\n\n//默认值\nvar [a=1] = [] //a=1\n```\n\n**如果等号的右边不是数组（或者严格地说，不是可遍历的结构），那么将会报错**\n```javascript\nlet [a] = 1;\nlet [a] = false;\nlet [a] = NaN;\nlet [a] = undefined;\nlet [a] = null;\nlet [a] = {};\n```\n\n\n#### 对象的解构\n\n```\nvar { b, a } = { a: \"aaa\", b: \"bbb\" };\na // \"aaa\"\nb // \"bbb\"\n```\n\n\n\n\n\n### 字符串拓展\n\n#### 模版字符串\n\n模板字符串（template string）是增强版的字符串，用反引号（`）标识。它可以当作普通字符串使用，也可以用来定义多行字符串（类似 pre 标签的作用），或者在字符串中嵌入变量。\n\n```\n// 普通字符串 想要换行需要加上 \'\\n\'\n`In JavaScript \'\\n\' is a line-feed.`\n\n// 多行字符串\n`In JavaScript this is\n not legal.`\n\n// 字符串中嵌入变量\nvar name = \"ac\", time = \"today\";\n`Hello ${name}, how are you ${time}?` // Hello ac, how are you today? \n```\n\n#### rest 展开运算符\n```\nfunction example(...values){\n    console.log(values)// console: [1,2,3,4]\n}\n\nexample(1,2,3,4) \n\n\nvar a = [1,2,3]\n\nvar b = [...a,4,5,6] //b = [1,2,3,4,5,6]\n```\n\n\n### 箭头函数\n\nES6 提供了新的方式 `=>` 来定义函数\n\n```\nvar func = parm => parm\n等同于\nvar func = function (parm){\n    return parm\n}\n```\n\n如果函数没有参数或有多个参数，那么：\n\n```\nvar func = () => //some code\n等同于\nvar func = function (){\n	some code\n}\n\nvar func = (parm1,parm2) => //some code\n等同于\nvar func = function (parm1,parm2){\n	some code\n}\n```\n\n如果箭头函数的函数体只包含一行代码，则可以不需要写大括号以及 return 语句返回（如果有返回值）\n```\nvar sum = (num1,num2) => num1+num2\n等同于\nvar sum = (num1,num2) => {return num1+num2}\n等同于\nvar sum = function(num1,num2){return num1+num2}\n```\n\n箭头函数使得表达更加简洁\n```\n[1,2,3].map( item=> 2 * item)\n等同于\n[1,2,3].map(function(item){\n    return item * 2\n})\n\n[1,3,2].sort((a,b) => a - b)\n```\n\n## 推荐资料\n\n- [ECMAScript 6 入门](http://es6.ruanyifeng.com/#docs/destructuring)\n\n',75,'2017-03-02 00:00:00',NULL,NULL,1,''),
	(76,37,60,NULL,'测试2','ss',76,'2017-03-02 00:00:00',NULL,NULL,1,''),
	(77,37,60,NULL,'发斯蒂芬','asdf',77,'2017-03-02 00:00:00',NULL,NULL,0,''),
	(78,38,61,NULL,'Lf主题1-任务卡1',NULL,78,'2017-03-02 00:00:00',NULL,NULL,0,''),
	(81,40,63,NULL,'如何识别需求',NULL,81,'2017-03-02 00:00:00',NULL,NULL,0,''),
	(86,46,65,NULL,'求和','kljlkjlkjlkjljasldf案件司法局阿里山的房间爱上当减肥啦\n![](https://s3.cn-north-1.amazonaws.com.cn/tws-upload/images/temp/1545121833604-5c469748-35ac-45e6-8c42-73907e52642a.png)',86,'2018-12-19 00:00:00',NULL,'http://staging.school.thoughtworks.cn/learn/program-center/instructor/index.html#/program/65',1,'选修'),
	(89,46,65,NULL,'1',NULL,89,'2017-03-02 00:00:00',NULL,NULL,1,''),
	(90,48,67,NULL,'任务卡1','任务卡描述',90,'2017-03-02 00:00:00',NULL,NULL,1,''),
	(93,52,69,0,'任务卡1','任务卡描述',90,'2017-03-02 00:00:00',NULL,NULL,1,''),
	(94,53,70,0,'任务卡1','任务卡描述',90,'2017-03-02 00:00:00',NULL,NULL,1,''),
	(95,54,71,0,'任务卡1','任务卡描述',90,'2017-03-02 00:00:00',NULL,NULL,1,''),
	(99,57,74,0,'任务卡1','任务卡描述',90,'2017-03-02 00:00:00',NULL,NULL,1,''),
	(100,58,75,0,'如何识别需求',NULL,81,'2017-03-02 00:00:00',NULL,NULL,0,''),
	(101,58,75,0,'如何识别需求',NULL,81,'2017-03-02 00:00:00',NULL,NULL,0,''),
	(102,60,75,0,'如何识别需求',NULL,81,'2017-03-02 00:00:00',NULL,NULL,0,''),
	(124,75,65,NULL,'集合运算合集',NULL,124,'2017-03-02 00:00:00',NULL,NULL,1,''),
	(125,76,83,0,'求和',NULL,86,'2017-03-02 00:00:00',NULL,NULL,1,''),
	(126,76,83,0,'1',NULL,89,'2017-03-02 00:00:00',NULL,NULL,1,''),
	(127,77,83,0,'集合运算合集',NULL,124,'2017-03-02 00:00:00',NULL,NULL,1,''),
	(140,85,92,0,'基础知识','测试-基础知识\n',2,'2017-03-02 00:00:00',NULL,NULL,1,'必修'),
	(141,85,92,0,'编程题','编程题目\n',5,'2017-03-02 00:00:00',NULL,NULL,1,'必修'),
	(142,85,92,0,'编程题目2',NULL,4,'2017-03-02 00:00:00',NULL,NULL,1,''),
	(143,85,92,0,' 单语言编程题测试',NULL,7,'2017-03-02 00:00:00',NULL,NULL,1,''),
	(144,85,92,0,'编程题','我是一个编程题',0,'2017-03-02 00:00:00',NULL,NULL,1,''),
	(145,85,92,0,'选择题答案测试',NULL,3,'2017-03-02 00:00:00',NULL,NULL,1,''),
	(147,85,92,0,'pre-pos',NULL,6,'2017-03-02 00:00:00',NULL,NULL,1,''),
	(148,85,92,0,'如何提问','123123',0,'2018-02-27 00:00:00',NULL,'http://fanyi.baidu.com/translate?aldtype=16047&query=%E5%A4%9A%E9%80%89%E9%A2%98&keyfrom=baidu&smartresult=dict&lang=auto2zh#zh/en/%E5%A4%9A%E9%80%89%E9%A2%98',0,'必修'),
	(149,86,92,0,'online coding',NULL,74,'2017-03-02 00:00:00',NULL,NULL,1,''),
	(151,28,58,NULL,'单栈编程题目','单栈编程题目\n',151,'2017-03-02 00:00:00',NULL,NULL,1,''),
	(152,89,58,0,'如何提问',NULL,0,'2018-02-27 00:00:00',NULL,'http://fanyi.baidu.com/translate?aldtype=16047&query=%E5%A4%9A%E9%80%89%E9%A2%98&keyfrom=baidu&smartresult=dict&lang=auto2zh#zh/en/%E5%A4%9A%E9%80%89%E9%A2%98',1,'必修'),
	(153,89,58,0,'online coding',NULL,74,'2017-03-02 00:00:00',NULL,NULL,1,''),
	(154,90,58,0,'如何提问',NULL,0,'2018-02-27 00:00:00',NULL,'http://fanyi.baidu.com/translate?aldtype=16047&query=%E5%A4%9A%E9%80%89%E9%A2%98&keyfrom=baidu&smartresult=dict&lang=auto2zh#zh/en/%E5%A4%9A%E9%80%89%E9%A2%98',0,'必修'),
	(155,90,58,0,'online coding',NULL,74,'2017-03-02 00:00:00',NULL,NULL,1,''),
	(156,92,94,0,'基础知识','测试-基础知识\n',2,'2017-03-02 00:00:00',NULL,NULL,0,'必修'),
	(157,92,94,0,'编程题','编程题目\n',4,'2017-03-02 00:00:00',NULL,NULL,0,'必修'),
	(158,92,94,0,'编程题目2',NULL,5,'2017-03-02 00:00:00',NULL,NULL,0,''),
	(159,92,94,0,' 单语言编程题测试',NULL,7,'2017-03-02 00:00:00',NULL,NULL,0,''),
	(160,92,94,0,'编程题','我是一个编程题',0,'2017-03-02 00:00:00',NULL,'http://staging.school.thoughtworks.cn/learn/program-center/instructor/index.html#/',1,''),
	(161,92,94,0,'选择题答案测试',NULL,3,'2017-03-02 00:00:00',NULL,NULL,0,''),
	(162,92,94,0,'主观题测试',NULL,1,'2017-03-02 00:00:00',NULL,'http://staging.school.thoughtworks.cn/learn/program-center/instructor/index.html#/sdfqsdfasfasdfasdfasdfasf',0,''),
	(163,92,94,0,'pre-pos',NULL,6,'2017-03-02 00:00:00',NULL,NULL,0,''),
	(164,93,94,0,'如何提问',NULL,0,'2018-02-27 00:00:00',NULL,'http://fanyi.baidu.com/translate?aldtype=16047&query=%E5%A4%9A%E9%80%89%E9%A2%98&keyfrom=baidu&smartresult=dict&lang=auto2zh#zh/en/%E5%A4%9A%E9%80%89%E9%A2%98',0,'必修'),
	(165,93,94,0,'online coding',NULL,74,'2017-03-02 00:00:00',NULL,NULL,1,''),
	(166,91,93,NULL,'1-11','### 111',166,'2017-03-02 00:00:00',NULL,NULL,1,'必修'),
	(167,91,93,NULL,'1-2',NULL,167,'2017-03-02 00:00:00',NULL,NULL,0,''),
	(168,96,60,NULL,'simple coding quiz',NULL,168,'2017-03-02 00:00:00',NULL,NULL,1,''),
	(169,96,60,NULL,'js',NULL,169,'2017-03-02 00:00:00',NULL,NULL,1,''),
	(170,97,60,NULL,'online coding',NULL,170,'2017-03-02 00:00:00',NULL,NULL,1,''),
	(171,99,58,NULL,'简单',NULL,171,'2017-03-02 00:00:00',NULL,NULL,1,''),
	(172,100,58,NULL,'单栈编程题',NULL,172,'2017-03-02 00:00:00',NULL,NULL,1,''),
	(173,101,98,0,'基础知识','测试-基础知识\n',2,'2017-03-02 00:00:00',NULL,NULL,1,'必修'),
	(174,101,98,0,'编程题','编程题目\n',4,'2017-03-02 00:00:00',NULL,NULL,1,'必修'),
	(175,101,98,0,'编程题目2',NULL,5,'2017-03-02 00:00:00',NULL,NULL,1,''),
	(176,101,98,0,' 单语言编程题测试',NULL,7,'2017-03-02 00:00:00',NULL,NULL,1,''),
	(177,101,98,0,'编程题','我是一个编程题',0,'2017-03-02 00:00:00',NULL,'http://staging.school.thoughtworks.cn/learn/program-center/instructor/index.html#/',1,''),
	(178,101,98,0,'选择题答案测试',NULL,3,'2017-03-02 00:00:00',NULL,NULL,1,''),
	(179,101,98,0,'主观题测试',NULL,1,'2017-03-02 00:00:00',NULL,'http://staging.school.thoughtworks.cn/learn/program-center/instructor/index.html#/sdfqsdfasfasdfasdfasdfasf',1,''),
	(180,101,98,0,'pre-pos',NULL,6,'2017-03-02 00:00:00',NULL,NULL,1,''),
	(181,102,98,0,'如何提问',NULL,0,'2018-02-27 00:00:00',NULL,'http://fanyi.baidu.com/translate?aldtype=16047&query=%E5%A4%9A%E9%80%89%E9%A2%98&keyfrom=baidu&smartresult=dict&lang=auto2zh#zh/en/%E5%A4%9A%E9%80%89%E9%A2%98',0,'必修'),
	(182,102,98,0,'online coding',NULL,74,'2017-03-02 00:00:00',NULL,NULL,1,''),
	(186,92,94,NULL,'按时发斯蒂芬','发生的发生',186,'2018-12-12 00:00:00',NULL,NULL,0,'选修'),
	(187,104,100,0,'基础知识','测试-基础知识\n',2,'2017-03-02 00:00:00',NULL,NULL,0,'必修'),
	(188,104,100,0,'编程题','编程题目\n',4,'2017-03-02 00:00:00',NULL,NULL,0,'必修'),
	(189,104,100,0,'编程题目2',NULL,5,'2017-03-02 00:00:00',NULL,NULL,0,''),
	(190,104,100,0,' 单语言编程题测试',NULL,7,'2017-03-02 00:00:00',NULL,NULL,0,''),
	(191,104,100,0,'编程题','# 训练营使用流程-学员端\n\n1.  在 **APP中心** 点击 训练营\n\n![image](http://upload-images.jianshu.io/upload_images/1616232-a100fd091f8544b2.png!thumbnail?imageMogr2/auto-orient/strip%7CimageView2/2/w/1240)\n\n2.  在 我的训练营 中查看自己参与的训练营\n\n![image](http://upload-images.jianshu.io/upload_images/1616232-ba7de62b11ffacc7.png!thumbnail?imageMogr2/auto-orient/strip%7CimageView2/2/w/1240)\n\n3.  点击某一期训练营可以看到：\n\n*   训练营介绍\n\n![image](http://upload-images.jianshu.io/upload_images/1616232-3877f677cd04872b.png!thumbnail?imageMogr2/auto-orient/strip%7CimageView2/2/w/1240)\n\n*   任务卡积分榜\n\n![image](http://upload-images.jianshu.io/upload_images/1616232-d60477630dbce7ca.png!thumbnail?imageMogr2/auto-orient/strip%7CimageView2/2/w/1240)\n\n4. 任务卡\n\n*   任务卡视图\n\n![image](http://upload-images.jianshu.io/upload_images/1616232-7175d449a46e7e45.png!thumbnail?imageMogr2/auto-orient/strip%7CimageView2/2/w/1240)\n\n*   作业视图\n\n![image](http://upload-images.jianshu.io/upload_images/1616232-38b68ec36d806ee0.png!thumbnail?imageMogr2/auto-orient/strip%7CimageView2/2/w/1240)\n\n5.  在任务卡视图中点击某个任务卡名查看任务卡详情\n\n![image](http://upload-images.jianshu.io/upload_images/1616232-f7bc3f895baa290e.png!thumbnail?imageMogr2/auto-orient/strip%7CimageView2/2/w/1240)\n\n6.  在作业视图或在任务卡详情点击 作业名查看该作业的详情\n\n![image](http://upload-images.jianshu.io/upload_images/1616232-1839c5a7fb9baef1.png!thumbnail?imageMogr2/auto-orient/strip%7CimageView2/2/w/1240)\n7. 学员在提交作业后，且助教对作业进行打分评价后\n![image](http://upload-images.jianshu.io/upload_images/1616232-d5ac0bfe33c98e87.png!thumbnail?imageMogr2/auto-orient/strip%7CimageView2/2/w/1240)\n\n<video width=\"100%\" id=\"video\" controls=\"controls\" preload=\"auto\" src=\"https://s3.cn-north-1.amazonaws.com.cn/tws-courses-resource/system-introduction/%E5%AE%8C%E6%88%90%E4%B8%80%E5%BC%A0%E4%BB%BB%E5%8A%A1%E5%8D%A1.mp4\" type=\"video/mp4\">\n      <p>抱歉，你的浏览器不支持在线视频播放。</p>\n</video>\n\n8.  查看优秀作业\n![image](http://upload-images.jianshu.io/upload_images/1616232-accd9c8011fb5f67.png!thumbnail?imageMogr2/auto-orient/strip%7CimageView2/2/w/1240)\n\n> 注意：\n*   如果做的是选择题，那么在提交作业后，系统会立即打分，不需要助教评分\n*   只有编程题可以重复提交答案\n*   选择题、填空题和编程题 有正确答案，部分编程题还会有高手视频\n\n---\n# 训练营使用流程-助教端\n### 训练营使用\n1.  在 **APP中心** 点击 训练营\n\n![image](http://upload-images.jianshu.io/upload_images/1616232-4283251186179d12.png!thumbnail?imageMogr2/auto-orient/strip%7CimageView2/2/w/1240)\n\n2.  在 辅导的训练营 中查看自己辅导的训练营\n\n![image](http://upload-images.jianshu.io/upload_images/1616232-132caca98a7b406e.png!thumbnail?imageMogr2/auto-orient/strip%7CimageView2/2/w/1240)\n\n3.  点击进入我辅导的训练营\n\n![image.png](https://upload-images.jianshu.io/upload_images/1616232-158fc39fde37e428.png?imageMogr2/auto-orient/strip%7CimageView2/2/w/1240)\n\n> 关注学员视频教程\n\n<video width=\"100%\" id=\"video\" controls=\"controls\" preload=\"auto\" src=\"https://s3.cn-north-1.amazonaws.com.cn/tws-courses-resource/%E5%85%B3%E6%B3%A8%E5%AD%A6%E5%91%98.mp4\" type=\"video/mp4\">\n      <p>抱歉，你的浏览器不支持在线视频播放。</p>\n</video>\n\n\n4. 查看某学员的作业的详情，\n\n- 可以直接在 我辅导的训练营下方的作业列表中，点击具体的作业下的学员查看\n\n- 点击我关注的学员的名字，进入该学员的作业完成情况列表\n\n![image](http://upload-images.jianshu.io/upload_images/1616232-a8233babfa69de38.png!thumbnail?imageMogr2/auto-orient/strip%7CimageView2/2/w/1240)\n\n5.  查看学员的作业完成情况，并评价打分\n\n![image.png](https://upload-images.jianshu.io/upload_images/1616232-60f95889713712fc.png?imageMogr2/auto-orient/strip%7CimageView2/2/w/1240)\n> 查看学员任务卡进度视频教程\n\n<video width=\"100%\" id=\"video\" controls=\"controls\" preload=\"auto\" src=\"https://s3.cn-north-1.amazonaws.com.cn/tws-courses-resource/%E6%9F%A5%E7%9C%8B%E5%AD%A6%E5%91%98%E4%BB%BB%E5%8A%A1%E5%8D%A1%E8%BF%9B%E5%BA%A6.mp4\" type=\"video/mp4\">\n      <p>抱歉，你的浏览器不支持在线视频播放。</p>\n</video>\n\n> 检查作业并评分视频教程\n\n<video width=\"100%\" id=\"video\" controls=\"controls\" preload=\"auto\" src=\"https://s3.cn-north-1.amazonaws.com.cn/tws-courses-resource/%E6%A3%80%E6%9F%A5%E4%BD%9C%E4%B8%9A%E5%B9%B6%E8%AF%84%E5%88%86.mp4\" type=\"video/mp4\">\n      <p>抱歉，你的浏览器不支持在线视频播放。</p>\n</video>\n\n6.  查看任务卡的作业列表\n\n![image](http://upload-images.jianshu.io/upload_images/1616232-a852ad138fdf1513.png!thumbnail?imageMogr2/auto-orient/strip%7CimageView2/2/w/1240)\n\n\n\n> 注意：\n*  作业状态有四种（优秀、已完成、已提交(评阅中)、未完成）\n*   在学员未提交作业前，助教无法对作业进行评分\n*   如果学员做的是选择题，那么系统会自动打分和状态，助教无法对系统的判定做修改',0,'2017-03-02 00:00:00',NULL,'http://staging.school.thoughtworks.cn/learn/program-center/instructor/index.html#/',1,''),
	(192,104,100,0,'选择题答案测试',NULL,3,'2017-03-02 00:00:00',NULL,NULL,0,''),
	(193,104,100,0,'主观题测试',NULL,1,'2017-03-02 00:00:00',NULL,'http://staging.school.thoughtworks.cn/learn/program-center/instructor/index.html#/sdfqsdfasfasdfasdfasdfasf',0,''),
	(194,104,100,0,'pre-pos',NULL,6,'2017-03-02 00:00:00',NULL,NULL,0,''),
	(195,104,100,0,'按时发斯蒂芬','发生的发生',186,'2018-12-12 00:00:00',NULL,NULL,0,'选修'),
	(196,105,100,0,'如何提问',NULL,0,'2018-02-27 00:00:00',NULL,'http://fanyi.baidu.com/translate?aldtype=16047&query=%E5%A4%9A%E9%80%89%E9%A2%98&keyfrom=baidu&smartresult=dict&lang=auto2zh#zh/en/%E5%A4%9A%E9%80%89%E9%A2%98',0,'必修'),
	(197,105,100,0,'online coding',NULL,74,'2017-03-02 00:00:00',NULL,NULL,1,''),
	(202,96,60,NULL,'测试镜像',NULL,202,'2017-03-02 00:00:00',NULL,NULL,1,''),
	(203,104,100,NULL,'',NULL,203,'2017-03-02 00:00:00',NULL,NULL,0,''),
	(205,111,103,NULL,'任务卡1','### 任务卡1\n\n这是一个任务卡描述',205,'2019-02-21 00:00:00',NULL,NULL,1,'必修'),
	(206,111,103,NULL,'组织2 任务卡2','# 学习目标\n\n1. 了解ES6是什么\n2. 掌握学习内容中的ES6的新特性\n3. 根据推荐资料中的内容自学ES的其它特性（数组的拓展，Module）\n\n# 学习内容\n\n## 一、ECMAScript 6 简介\n\nECMAScript(ES6) 是JavaScript语言的下一代标准，已经在2015年6月正式发布了；在 JavaScript 的基础上做了重大的更新，提供了更优雅的语法和特性。\n\n#### ECMAScript 和 JavaScript 的关系\n\nECMAScript 和 JavaScript 的关系是，前者是后者的规格，后者是前者的一种实现（另外的ECMAScript 方言还有 Jscript 和 ActionScript ）。日常场合，这两个词是可以互换的。那为什么不叫 JavaScript 为换名字了呢？原因如下：\n\n1. 商标，1996年11月，JavaScript的创造者Netscape公司，决定将JavaScript提交给国际标准化组织ECMA，希望这种语言能够成为国际标准。根据授权协议，只有Netscape公司(Javascript 的创造者)可以合法地使用JavaScript这个名字，且 JavaScript 本身也已经被 Netscape 公司注册为商标\n2. 想体现这门语言的制定者是 ECMA，不是 Netscape，这样有利于保证这门语言的开放性和中立性。\n\n## 二、ES6 新特性\n###  1. let 和 const\n\nES6提供了两种新的声明变量的方式：let 和 const。\n#### 1）作用域\n\n let 和 const 相比于 var 声明的变量有块作用域，let 和 const 只在于当前的块作用域中有效。而 var 声明的变量是在函数作用域内有效。\n```\n{\n  let a = 1;  // a 只能在当前块中被访问\n  var b = 1;\n}\na // ReferenceError: a is not defined.\nb // 1\n```\nconst 和 let 的区别则在于， const 声明变量的同时必须立即给一个初始值，且无法在对该值进行修改。如果该初始值是一个对象，那么该对象的值是可以被修改的。\n\n#### 2）变量提升\n\n 变量如果在var 前使用，就会出现「变量提升」现象，值为undefined。let 声明的变量一定要在声明后使用，否则报错。\n```\n// var 的情况\nconsole.log(a); // 输出undefined\nvar a = 1;\n\n// let 的情况\nconsole.log(b); // 报错ReferenceError\nlet b = 1;\n```\n上述代码，`a`变量用`var`声明，会进行变量提升，脚本刚开始执行就已经存在变量`a`,但是变量`a`没有值，所以输出`undefined`；`b`变量用`let`声明，不会发生变量提升，在声明它之前，变量b是不存在的，这时如果用到它，就会抛出一个错误。\n#### 3）const 本质\n\nconst实际上保证的，并不是变量的值不得改动，而是变量指向的那个内存地址所保存的数据不得改动。\n```\nconst user = {};\n\n// 为 user 添加一个属性，可以成功\nuser.age = 23;\nuser.age // 23\n\n// 将 user 指向另一个对象，就会报错\nuser = {}; // TypeError: \"user\" is read-only\n```\n上面代码中，常量user储存的是一个地址，这个地址指向一个对象。不可变的只是这个地址，即不能把user指向另一个地址，但对象本身是可变的，所以依然可以为其添加新属性。\n\n### 2. 变量的解构赋值\n\nES6 允许按照一定模式，从数组和对象中提取值，对变量进行赋值，这被称为解构。\n```\n//以前变量赋值只能直接指定\nlet a = 1;\nlet b = 2;\nlet c = 3;\n//ES6 允许写成下面这样\nlet [a, b, c] = [1, 2, 3];\n```\n\n#### 1）数组的解构\n```\nvar [a,b,c] = [1,2,3] // 结果 a=1 b=2 c=3\nvar [a,[b,c]] = [1,[2,3]] // 结果 a=1 b=2 c=3\n\n//解构不成功\nvar [a] = [];  // a = undefined   \nvar [a, b] = [1]; //a=1 b=undefined\n\n//不完全解构\nvar [a] = [1,2]; //a=1\n\n//默认值\nvar [a=1] = [] //a=1\n```\n**如果等号的右边不是数组（或者严格地说，不是可遍历的结构），那么将会报错**\n```javascript\nlet [a] = 1;\nlet [a] = false;\nlet [a] = NaN;\nlet [a] = undefined;\nlet [a] = null;\nlet [a] = {};\n```\n#### 2）对象的解构\n```\nvar { b, a } = { a: \"aaa\", b: \"bbb\" };\na // \"aaa\"\nb // \"bbb\"\n\nvar { c } = { a: \"aaa\", b: \"bbb\" };\nc // undefined\n\n//变量名与属性名不一致，必须写成下面这样\nlet { a: hello } = { a: \'aaa\', hello: \'bbb\' };\nhello // \"aaa\"\n\n//对象的解构赋值的内部机制，是先找到同名属性，然后再赋给对应的变量\nlet { a: hello } = { a: \"aaa\", hello: \"bbb\" };\nhello // \"aaa\"\na // error: foo is not defined\n\n//对象的解构也可以指定默认值\nvar {x = 3} = {};\nx // 3\nvar {x, y = 5} = {x: 1};\nx // 1\ny // 5\n```\n#### 3）字符串的解构赋值\n\n字符串也可以解构赋值。这是因为此时，字符串被转换成了一个类似数组的对象。\n```\nconst [a, b, c, d, e] = \'hello\';\na // \"h\"\nb // \"e\"\nc // \"l\"\nd // \"l\"\ne // \"o\"\n\n//类似数组的对象都有一个length属性，因此还可以对这个属性解构赋值\nlet {length : len} = \'hello\';\nlen // 5\n```\n### 3.字符串拓展\n#### 1）模版字符串\n\n模板字符串（template string）是增强版的字符串，用反引号（`）标识。它可以当作普通字符串使用，也可以用来定义多行字符串（类似 pre 标签的作用），或者在字符串中嵌入变量。\n```\n// 普通字符串 想要换行需要加上 \'\\n\'\n`In JavaScript \'\\n\' is a line-feed.`\n\n// 多行字符串\n`In JavaScript this is\n not legal.`\n\n// 字符串中嵌入变量\nvar name = \"ac\", time = \"today\";\n`Hello ${name}, how are you ${time}?` // Hello ac, how are you today? \n```\n#### 2）字符串的遍历器接口\n\nES6 为字符串添加了遍历器接口，使得字符串可以被for...of循环遍历\n```\nfor (let codePoint of \'hello\') {\n  console.log(codePoint)\n}\n// \"h\"\n// \"e\"\n// \"l\"\n// \"l\"\n// \"o\"\n```\n#### 3）includes(), startsWith(), endsWith() \n\n在这之前，JavaScript 只有indexOf方法，可以用来确定一个字符串是否包含在另一个字符串中。\n\n**ES6 又提供了三种新方法：**\n- includes()：返回布尔值，表示是否找到了参数字符串。\n- startsWith()：返回布尔值，表示参数字符串是否在原字符串的头部。\n- endsWith()：返回布尔值，表示参数字符串是否在原字符串的尾部。\n```\nlet s = \'Hello world!\';\ns.startsWith(\'Hello\') // true\ns.endsWith(\'!\') // true\ns.includes(\'o\') // true\n这三个方法都支持第二个参数，表示开始搜索的位置。\n\nlet s = \'Hello world!\';\ns.startsWith(\'world\', 6) // true\ns.endsWith(\'Hello\', 5) // true\ns.includes(\'Hello\', 6) // false\n```\n上面代码表示，使用第二个参数n时，endsWith的行为与其他两个方法有所不同。它针对前n个字符，而其他两个方法针对从第n个位置直到字符串结束。\n#### 4）repeat()\n\n`repeat`方法返回一个新字符串，表示将原字符串重复n次。\n```\n\'x\'.repeat(3) // \"xxx\"\n\'hello\'.repeat(2) // \"hellohello\"\n\'na\'.repeat(0) // \"\"\n\n//参数如果是小数，会被取整\n\'na\'.repeat(2.9) // \"nana\"\n\n//如果repeat的参数是负数或者Infinity，会报错。\n\'na\'.repeat(Infinity)\n// RangeError\n\'na\'.repeat(-1)\n// RangeError\n\n//参数是 0 到-1 之间的小数，则等同于 0\n\'na\'.repeat(-0.9) // \"\"\n\n//参数NaN等同于 0。\n\'na\'.repeat(NaN) // \"\"\n\n//如果repeat的参数是字符串，则会先转换成数字。\n\'na\'.repeat(\'na\') // \"\"\n\'na\'.repeat(\'3\') // \"nanana\"\n```\n#### 5）padStart()，padEnd()\n\nES2017 引入了字符串补全长度的功能。如果某个字符串不够指定长度，会在头部或尾部补全。padStart()用于头部补全，padEnd()用于尾部补全。\n```\n\'x\'.padStart(5, \'ab\') // \'ababx\'\n\'x\'.padStart(4, \'ab\') // \'abax\'\n\n\'x\'.padEnd(5, \'ab\') // \'xabab\'\n\'x\'.padEnd(4, \'ab\') // \'xaba\'\n\n//如果原字符串的长度，等于或大于最大长度，则字符串补全不生效，返回原字符串\n\'xxx\'.padStart(2, \'ab\') // \'xxx\'\n\'xxx\'.padEnd(2, \'ab\') // \'xxx\'\n\n//如果省略第二个参数，默认使用空格补全长度\n\'x\'.padStart(4) // \'   x\'\n\'x\'.padEnd(4) // \'x   \'\n```\n### 4.数值的扩展\n#### 1）Number.isFinite(), Number.isNaN()\nES6 在Number对象上，新提供了Number.isFinite()和Number.isNaN()两个方法。\n\nNumber.isFinite()用来检查一个数值是否为有限的（finite），即不是Infinity。\n```\nNumber.isFinite(15); // true\nNumber.isFinite(0.8); // true\nNumber.isFinite(NaN); // false\nNumber.isFinite(Infinity); // false\nNumber.isFinite(-Infinity); // false\nNumber.isFinite(\'foo\'); // false\nNumber.isFinite(\'15\'); // false\nNumber.isFinite(true); // false\n```\nNumber.isNaN()用来检查一个值是否为NaN\n```\nNumber.isNaN(NaN) // true\nNumber.isNaN(15) // false\nNumber.isNaN(\'15\') // false\nNumber.isNaN(true) // false\nNumber.isNaN(9/NaN) // true\nNumber.isNaN(\'true\' / 0) // true\nNumber.isNaN(\'true\' / \'true\') // true\n```\n它们与传统的全局方法`isFinite()`和`isNaN()`的区别在于，传统方法先调用`Number()`将非数值的值转为数值，再进行判断，而这两个新方法只对数值有效，`Number.isFinite()`对于非数值一律返回`false`, `Number.isNaN()`只有对于`NaN`才返回`true`，非`NaN`一律返回`false`。\n\n#### 2）Number.isInteger()\n\nNumber.isInteger()用来判断一个数值是否为整数\n```\nNumber.isInteger(5) // true\nNumber.isInteger(5.1) // false\n\n//JavaScript 内部，整数和浮点数采用的是同样的储存方法，所以 5 和 5.0 被视为同一个值\nNumber.isInteger(5) // true\nNumber.isInteger(5.0) // true\n```\n### 5. Math 对象的扩展\n#### 1）Math.trunc() \n`Math.trunc`方法用于去除一个数的小数部分，返回整数部分\n```\nMath.trunc(4.1) // 4\nMath.trunc(4.9) // 4\nMath.trunc(-4.1) // -4\nMath.trunc(-4.9) // -4\nMath.trunc(-0.1234) // -0\n```\n\n\n#### 2）Math.sign() \n\n`Math.sign`方法用来判断一个数到底是正数、负数、还是零。对于非数值，会先将其转换为数值。\n\n它会返回五种值：\n- 参数为正数，返回+1；\n- 参数为负数，返回-1；\n- 参数为 0，返回0；\n- 参数为-0，返回-0;\n- 其他值，返回NaN。\n```\nMath.sign(-5) // -1\nMath.sign(5) // +1\nMath.sign(0) // +0\nMath.sign(-0) // -0\nMath.sign(NaN) // NaN\n```\n### 6.函数的扩展\n#### 1）函数参数的默认值\n\nES6 允许为函数的参数设置默认值，即直接写在参数定义的后面\n```\nfunction log(x, y = \'World\') {\n  console.log(x, y);\n}\n\nlog(\'Hello\') // Hello World\nlog(\'Hello\', \'China\') // Hello China\nlog(\'Hello\', \'\') // Hello\n```\n#### 2）rest 展开运算符\nES6 引入 rest 参数（形式为...变量名），用于获取函数的多余参数，这样就不需要使用arguments对象了。rest 参数搭配的变量是一个数组，该变量将多余的参数放入数组中。\n```\nfunction example(...values){\n    console.log(values)// console: [1,2,3,4]\n}\n\nexample(1,2,3,4) \nvar a = [1,2,3]\nvar b = [...a,4,5,6] //b = [1,2,3,4,5,6]\n```\n#### 3） 箭头函数\n\nES6 提供了新的方式 `=>` 来定义函数\n```\nvar func = parm => parm\n等同于\nvar func = function (parm){\n    return parm\n}\n```\n\n如果函数没有参数或有多个参数，那么：\n```\nvar func = () => //some code\n等同于\nvar func = function (){\n	some code\n}\n\nvar func = (parm1,parm2) => //some code\n等同于\nvar func = function (parm1,parm2){\n	some code\n}\n```\n\n如果箭头函数的函数体只包含一行代码，则可以不需要写大括号以及 return 语句返回（如果有返回值）\n```\nvar sum = (num1,num2) => num1+num2\n等同于\nvar sum = (num1,num2) => {return num1+num2}\n等同于\nvar sum = function(num1,num2){return num1+num2}\n```\n\n箭头函数使得表达更加简洁\n```\n[1,2,3].map( item=> 2 * item)\n等同于\n[1,2,3].map(function(item){\n    return item * 2\n})\n\n[1,3,2].sort((a,b) => a - b)\n```\n### 7.数组的扩展\n\n#### 1）扩展运算符\n\n扩展运算符（spread）是三个点（...）。它好比 rest 参数的逆运算，将一个数组转为用逗号分隔的参数序列。\n```\nconsole.log(...[1, 2, 3])\n// 1 2 3\n\nconsole.log(1, ...[2, 3, 4], 5)\n// 1 2 3 4 5\n```\n#### 2）扩展运算符的应用\n\n- **复制数组**\n\n数组是复合的数据类型，直接复制的话，只是复制了指向底层数据结构的指针，而不是克隆一个全新的数组。\n```\nconst a = [1, 2];\nconst b = a;\n\nb[0] = 2;\na // [2, 2]\n```\n上面代码中，a2并不是a1的克隆，而是指向同一份数据的另一个指针。修改a2，会直接导致a1的变化。\n\nES5 只能用变通方法来复制数组\n```\nconst a = [1, 2];\nconst b = a.concat();\n\nb[0] = 2;\na // [1, 2]\n```\n\n扩展运算符提供了复制数组的简便写法\n```\nconst a1 = [1, 2];\n// 写法一\nconst a2 = [...a1];\n// 写法二\nconst [...a2] = a1;\n```\n- **合并数组**\n\n扩展运算符提供了数组合并的新写法\n```\nconst arr1 = [\'a\', \'b\'];\nconst arr2 = [\'c\'];\nconst arr3 = [\'d\', \'e\'];\n\n// ES5 的合并数组\narr1.concat(arr2, arr3);\n// [ \'a\', \'b\', \'c\', \'d\', \'e\' ]\n\n// ES6 的合并数组\n[...arr1, ...arr2, ...arr3]\n// [ \'a\', \'b\', \'c\', \'d\', \'e\' ]\n```\n- **字符串**\n\n扩展运算符还可以将字符串转为真正的数组\n```\n[...\'hello\']\n// [ \"h\", \"e\", \"l\", \"l\", \"o\" ]\n```\n#### 3） Array.from() \n\nArray.from方法用于将两类对象转为真正的数组：类似数组的对象（array-like object）和可遍历（iterable）的对象（包括 ES6 新增的数据结构 Set 和 Map）。\n```\nlet arrayLike = {\n    \'0\': \'a\',\n    \'1\': \'b\',\n    \'2\': \'c\',\n    length: 3\n};\n\n// ES5的写法\nvar arr1 = [].slice.call(arrayLike); // [\'a\', \'b\', \'c\']\n\n// ES6的写法\nlet arr2 = Array.from(arrayLike); // [\'a\', \'b\', \'c\']\n\nArray.from(\'hello\')\n// [\'h\', \'e\', \'l\', \'l\', \'o\']\n\nlet namesSet = new Set([\'a\', \'b\'])\nArray.from(namesSet) // [\'a\', \'b\']\n```\n#### 4）Array.of() \n\nArray.of方法用于将一组值，转换为数组\n```\nArray.of(3, 11, 8) // [3,11,8]\nArray.of(3) // [3]\nArray.of(3).length // 1\n```\n#### 5）数组实例的 find() 和 findIndex()\n\n数组实例的`find`方法，用于找出第一个符合条件的数组成员。它的参数是一个回调函数，所有数组成员依次执行该回调函数，直到找出第一个返回值为`true`的成员，然后返回该成员。如果没有符合条件的成员，则返回`undefined`。\n```\n[1, 4, -5, 10].find((n) => n < 0)\n// -5\n\n//find方法的回调函数可以接受三个参数，依次为当前的值、当前的位置和原数组\n[1, 5, 10, 15].find(function(value, index, arr) {\n  return value > 9;\n}) // 10\n```\n\n数组实例的`findIndex`方法的用法与`find`方法非常类似，返回第一个符合条件的数组成员的位置，如果所有成员都不符合条件，则返回`-1`\n```\n[1, 5, 10, 15].findIndex(function(value, index, arr) {\n  return value > 9;\n}) // 2\n```\n#### 6）数组实例的 includes()\n\nArray.prototype.includes方法返回一个布尔值，表示某个数组是否包含给定的值，与字符串的includes方法类似。ES2016 引入了该方法。\n```\n[1, 2, 3].includes(2)     // true\n[1, 2, 3].includes(4)     // false\n[1, 2, NaN].includes(NaN) // true\n```\n该方法的第二个参数表示搜索的起始位置，默认为0\n```\n[1, 2, 3].includes(3, 3);  // false\n[1, 2, 3].includes(3, -1); // true\n```\n## 推荐资料\n- [ECMAScript 6 入门](http://es6.ruanyifeng.com/#docs/destructuring)\n\n# 学习目标\n\n1. 了解ES6是什么\n2. 掌握学习内容中的ES6的新特性\n3. 根据推荐资料中的内容自学ES的其它特性（数组的拓展，Module）\n\n# 学习内容\n\n## 一、ECMAScript 6 简介\n\nECMAScript(ES6) 是JavaScript语言的下一代标准，已经在2015年6月正式发布了；在 JavaScript 的基础上做了重大的更新，提供了更优雅的语法和特性。\n\n#### ECMAScript 和 JavaScript 的关系\n\nECMAScript 和 JavaScript 的关系是，前者是后者111# 学习目标\n\n1. 了解ES6是什么\n2. 掌握学习内容中的ES6的新特性\n3. 根据推荐资料中的内容自学ES的其它特性（数组的拓展，Module）\n\n# 学习内容\n\n## 一、ECMAScript 6 简介\n\nECMAScript(ES6) 是JavaScript语言的下一代标准，已经在2015年6月正式发布了；在 JavaScript 的基础上做了重大的更新，提供了更优雅的语法和特性。\n\n#### ECMAScript 和 JavaScript 的关系\n\nECMAScript 和 JavaScript 的关系是，前者是后者的规格，后者是前者的一种实现（另外的ECMAScript 方言还有 Jscript 和 ActionScript ）。日常场合，这两个词是可以互换的。那为什么不叫 JavaScript 为换名字了呢？原因如下：\n\n1. 商标，1996年11月，JavaScript的创造者Netscape公司，决定将JavaScript提交给国际标准化组织ECMA，希望这种语言能够成为国际标准。根据授权协议，只有Netscape公司(Javascript 的创造者)可以合法地使用JavaScript这个名字，且 JavaScript 本身也已经被 Netscape 公司注册为商标\n2. 想体现这门语言的制定者是 ECMA，不是 Netscape，这样有利于保证这门语言的开放性和中立性。\n\n## 二、ES6 新特性\n###  1. let 和 const\n\nES6提供了两种新的声明变量的方式：let 和 const。\n#### 1）作用域\n\n let 和 const 相比于 var 声明的变量有块作用域，let 和 const 只在于当前的块作用域中有效。而 var 声明的变量是在函数作用域内有效。\n```\n{\n  let a = 1;  // a 只能在当前块中被访问\n  var b = 1;\n}\na // ReferenceError: a is not defined.\nb // 1\n```\nconst 和 let 的区别则在于， const 声明变量的同时必须立即给一个初始值，且无法在对该值进行修改。如果该初始值是一个对象，那么该对象的值是可以被修改的。\n\n#### 2）变量提升\n\n 变量如果在var 前使用，就会出现「变量提升」现象，值为undefined。let 声明的变量一定要在声明后使用，否则报错。\n```\n// var 的情况\nconsole.log(a); // 输出undefined\nvar a = 1;\n\n// let 的情况\nconsole.log(b); // 报错ReferenceError\nlet b = 1;\n```\n上述代码，`a`变量用`var`声明，会进行变量提升，脚本刚开始执行就已经存在变量`a`,但是变量`a`没有值，所以输出`undefined`；`b`变量用`let`声明，不会发生变量提升，在声明它之前，变量b是不存在的，这时如果用到它，就会抛出一个错误。\n#### 3）const 本质\n\nconst实际上保证的，并不是变量的值不得改动，而是变量指向的那个内存地址所保存的数据不得改动。\n```\nconst user = {};\n\n// 为 user 添加一个属性，可以成功\nuser.age = 23;\nuser.age // 23\n\n// 将 user 指向另一个对象，就会报错\nuser = {}; // TypeError: \"user\" is read-only\n```\n上面代码中，常量user储存的是一个地址，这个地址指向一个对象。不可变的只是这个地址，即不能把user指向另一个地址，但对象本身是可变的，所以依然可以为其添加新属性。\n\n### 2. 变量的解构赋值\n\nES6 允许按照一定模式，从数组和对象中提取值，对变量进行赋值，这被称为解构。\n```\n//以前变量赋值只能直接指定\nlet a = 1;\nlet b = 2;\nlet c = 3;\n//ES6 允许写成下面这样\nlet [a, b, c] = [1, 2, 3];\n```\n\n#### 1）数组的解构\n```\nvar [a,b,c] = [1,2,3] // 结果 a=1 b=2 c=3\nvar [a,[b,c]] = [1,[2,3]] // 结果 a=1 b=2 c=3\n\n//解构不成功\nvar [a] = [];  // a = undefined   \nvar [a, b] = [1]; //a=1 b=undefined\n\n//不完全解构\nvar [a] = [1,2]; //a=1\n\n//默认值\nvar [a=1] = [] //a=1\n```\n**如果等号的右边不是数组（或者严格地说，不是可遍历的结构），那么将会报错**\n```javascript\nlet [a] = 1;\nlet [a] = false;\nlet [a] = NaN;\nlet [a] = undefined;\nlet [a] = null;\nlet [a] = {};\n```\n#### 2）对象的解构\n```\nvar { b, a } = { a: \"aaa\", b: \"bbb\" };\na // \"aaa\"\nb // \"bbb\"\n\nvar { c } = { a: \"aaa\", b: \"bbb\" };\nc // undefined\n\n//变量名与属性名不一致，必须写成下面这样\nlet { a: hello } = { a: \'aaa\', hello: \'bbb\' };\nhello // \"aaa\"\n\n//对象的解构赋值的内部机制，是先找到同名属性，然后再赋给对应的变量\nlet { a: hello } = { a: \"aaa\", hello: \"bbb\" };\nhello // \"aaa\"\na // error: foo is not defined\n\n//对象的解构也可以指定默认值\nvar {x = 3} = {};\nx // 3\nvar {x, y = 5} = {x: 1};\nx // 1\ny // 5\n```\n#### 3）字符串的解构赋值\n\n字符串也可以解构赋值。这是因为此时，字符串被转换成了一个类似数组的对象。\n```\nconst [a, b, c, d, e] = \'hello\';\na // \"h\"\nb // \"e\"\nc // \"l\"\nd // \"l\"\ne // \"o\"\n\n//类似数组的对象都有一个length属性，因此还可以对这个属性解构赋值\nlet {length : len} = \'hello\';\nlen // 5\n```\n### 3.字符串拓展\n#### 1）模版字符串\n\n模板字符串（template string）是增强版的字符串，用反引号（`）标识。它可以当作普通字符串使用，也可以用来定义多行字符串（类似 pre 标签的作用），或者在字符串中嵌入变量。\n```\n// 普通字符串 想要换行需要加上 \'\\n\'\n`In JavaScript \'\\n\' is a line-feed.`\n\n// 多行字符串\n`In JavaScript this is\n not legal.`\n\n// 字符串中嵌入变量\nvar name = \"ac\", time = \"today\";\n`Hello ${name}, how are you ${time}?` // Hello ac, how are you today? \n```\n#### 2）字符串的遍历器接口\n\nES6 为字符串添加了遍历器接口，使得字符串可以被for...of循环遍历\n```\nfor (let codePoint of \'hello\') {\n  console.log(codePoint)\n}\n// \"h\"\n// \"e\"\n// \"l\"\n// \"l\"\n// \"o\"\n```\n#### 3）includes(), startsWith(), endsWith() \n\n在这之前，JavaScript 只有indexOf方法，可以用来确定一个字符串是否包含在另一个字符串中。\n\n**ES6 又提供了三种新方法：**\n- includes()：返回布尔值，表示是否找到了参数字符串。\n- startsWith()：返回布尔值，表示参数字符串是否在原字符串的头部。\n- endsWith()：返回布尔值，表示参数字符串是否在原字符串的尾部。\n```\nlet s = \'Hello world!\';\ns.startsWith(\'Hello\') // true\ns.endsWith(\'!\') // true\ns.includes(\'o\') // true\n这三个方法都支持第二个参数，表示开始搜索的位置。\n\nlet s = \'Hello world!\';\ns.startsWith(\'world\', 6) // true\ns.endsWith(\'Hello\', 5) // true\ns.includes(\'Hello\', 6) // false\n```\n上面代码表示，使用第二个参数n时，endsWith的行为与其他两个方法有所不同。它针对前n个字符，而其他两个方法针对从第n个位置直到字符串结束。\n#### 4）repeat()\n\n`repeat`方法返回一个新字符串，表示将原字符串重复n次。\n```\n\'x\'.repeat(3) // \"xxx\"\n\'hello\'.repeat(2) // \"hellohello\"\n\'na\'.repeat(0) // \"\"\n\n//参数如果是小数，会被取整\n\'na\'.repeat(2.9) // \"nana\"\n\n//如果repeat的参数是负数或者Infinity，会报错。\n\'na\'.repeat(Infinity)\n// RangeError\n\'na\'.repeat(-1)\n// RangeError\n\n//参数是 0 到-1 之间的小数，则等同于 0\n\'na\'.repeat(-0.9) // \"\"\n\n//参数NaN等同于 0。\n\'na\'.repeat(NaN) // \"\"\n\n//如果repeat的参数是字符串，则会先转换成数字。\n\'na\'.repeat(\'na\') // \"\"\n\'na\'.repeat(\'3\') // \"nanana\"\n```\n#### 5）padStart()，padEnd()\n\nES2017 引入了字符串补全长度的功能。如果某个字符串不够指定长度，会在头部或尾部补全。padStart()用于头部补全，padEnd()用于尾部补全。\n```\n\'x\'.padStart(5, \'ab\') // \'ababx\'\n\'x\'.padStart(4, \'ab\') // \'abax\'\n\n\'x\'.padEnd(5, \'ab\') // \'xabab\'\n\'x\'.padEnd(4, \'ab\') // \'xaba\'\n\n//如果原字符串的长度，等于或大于最大长度，则字符串补全不生效，返回原字符串\n\'xxx\'.padStart(2, \'ab\') // \'xxx\'\n\'xxx\'.padEnd(2, \'ab\') // \'xxx\'\n\n//如果省略第二个参数，默认使用空格补全长度\n\'x\'.padStart(4) // \'   x\'\n\'x\'.padEnd(4) // \'x   \'\n```\n### 4.数值的扩展\n#### 1）Number.isFinite(), Number.isNaN()\nES6 在Number对象上，新提供了Number.isFinite()和Number.isNaN()两个方法。\n\nNumber.isFinite()用来检查一个数值是否为有限的（finite），即不是Infinity。\n```\nNumber.isFinite(15); // true\nNumber.isFinite(0.8); // true\nNumber.isFinite(NaN); // false\nNumber.isFinite(Infinity); // false\nNumber.isFinite(-Infinity); // false\nNumber.isFinite(\'foo\'); // false\nNumber.isFinite(\'15\'); // false\nNumber.isFinite(true); // false\n```\nNumber.isNaN()用来检查一个值是否为NaN\n```\nNumber.isNaN(NaN) // true\nNumber.isNaN(15) // false\nNumber.isNaN(\'15\') // false\nNumber.isNaN(true) // false\nNumber.isNaN(9/NaN) // true\nNumber.isNaN(\'true\' / 0) // true\nNumber.isNaN(\'true\' / \'true\') // true\n```\n它们与传统的全局方法`isFinite()`和`isNaN()`的区别在于，传统方法先调用`Number()`将非数值的值转为数值，再进行判断，而这两个新方法只对数值有效，`Number.isFinite()`对于非数值一律返回`false`, `Number.isNaN()`只有对于`NaN`才返回`true`，非`NaN`一律返回`false`。\n\n#### 2）Number.isInteger()\n\nNumber.isInteger()用来判断一个数值是否为整数\n```\nNumber.isInteger(5) // true\nNumber.isInteger(5.1) // false\n\n//JavaScript 内部，整数和浮点数采用的是同样的储存方法，所以 5 和 5.0 被视为同一个值\nNumber.isInteger(5) // true\nNumber.isInteger(5.0) // true\n```\n### 5. Math 对象的扩展\n#### 1）Math.trunc() \n`Math.trunc`方法用于去除一个数的小数部分，返回整数部分\n```\nMath.trunc(4.1) // 4\nMath.trunc(4.9) // 4\nMath.trunc(-4.1) // -4\nMath.trunc(-4.9) // -4\nMath.trunc(-0.1234) // -0\n```\n\n\n#### 2）Math.sign() \n\n`Math.sign`方法用来判断一个数到底是正数、负数、还是零。对于非数值，会先将其转换为数值。\n\n它会返回五种值：\n- 参数为正数，返回+1；\n- 参数为负数，返回-1；\n- 参数为 0，返回0；\n- 参数为-0，返回-0;\n- 其他值，返回NaN。\n```\nMath.sign(-5) // -1\nMath.sign(5) // +1\nMath.sign(0) // +0\nMath.sign(-0) // -0\nMath.sign(NaN) // NaN\n```\n### 6.函数的扩展\n#### 1）函数参数的默认值\n\nES6 允许为函数的参数设置默认值，即直接写在参数定义的后面\n```\nfunction log(x, y = \'World\') {\n  console.log(x, y);\n}\n\nlog(\'Hello\') // Hello World\nlog(\'Hello\', \'China\') // Hello China\nlog(\'Hello\', \'\') // Hello\n```\n#### 2）rest 展开运算符\nES6 引入 rest 参数（形式为...变量名），用于获取函数的多余参数，这样就不需要使用arguments对象了。rest 参数搭配的变量是一个数组，该变量将多余的参数放入数组中。\n```\nfunction example(...values){\n    console.log(values)// console: [1,2,3,4]\n}\n\nexample(1,2,3,4) \nvar a = [1,2,3]\nvar b = [...a,4,5,6] //b = [1,2,3,4,5,6]\n```\n#### 3） 箭头函数\n\nES6 提供了新的方式 `=>` 来定义函数\n```\nvar func = parm => parm\n等同于\nvar func = function (parm){\n    return parm\n}\n```\n\n如果函数没有参数或有多个参数，那么：\n```\nvar func = () => //some code\n等同于\nvar func = function (){\n	some code\n}\n\nvar func = (parm1,parm2) => //some code\n等同于\nvar func = function (parm1,parm2){\n	some code\n}\n```\n\n如果箭头函数的函数体只包含一行代码，则可以不需要写大括号以及 return 语句返回（如果有返回值）\n```\nvar sum = (num1,num2) => num1+num2\n等同于\nvar sum = (num1,num2) => {return num1+num2}\n等同于\nvar sum = function(num1,num2){return num1+num2}\n```\n\n箭头函数使得表达更加简洁\n```\n[1,2,3].map( item=> 2 * item)\n等同于\n[1,2,3].map(function(item){\n    return item * 2\n})\n\n[1,3,2].sort((a,b) => a - b)\n```\n### 7.数组的扩展\n\n#### 1）扩展运算符\n\n扩展运算符（spread）是三个点（...）。它好比 rest 参数的逆运算，将一个数组转为用逗号分隔的参数序列。\n```\nconsole.log(...[1, 2, 3])\n// 1 2 3\n\nconsole.log(1, ...[2, 3, 4], 5)\n// 1 2 3 4 5\n```\n#### 2）扩展运算符的应用\n\n- **复制数组**\n\n数组是复合的数据类型，直接复制的话，只是复制了指向底层数据结构的指针，而不是克隆一个全新的数组。\n```\nconst a = [1, 2];\nconst b = a;\n\nb[0] = 2;\na // [2, 2]\n```\n上面代码中，a2并不是a1的克隆，而是指向同一份数据的另一个指针。修改a2，会直接导致a1的变化。\n\nES5 只能用变通方法来复制数组\n```\nconst a = [1, 2];\nconst b = a.concat();\n\nb[0] = 2;\na // [1, 2]\n```\n\n扩展运算符提供了复制数组的简便写法\n```\nconst a1 = [1, 2];\n// 写法一\nconst a2 = [...a1];\n// 写法二\nconst [...a2] = a1;\n```\n- **合并数组**\n\n扩展运算符提供了数组合并的新写法\n```\nconst arr1 = [\'a\', \'b\'];\nconst arr2 = [\'c\'];\nconst arr3 = [\'d\', \'e\'];\n\n// ES5 的合并数组\narr1.concat(arr2, arr3);\n// [ \'a\', \'b\', \'c\', \'d\', \'e\' ]\n\n// ES6 的合并数组\n[...arr1, ...arr2, ...arr3]\n// [ \'a\', \'b\', \'c\', \'d\', \'e\' ]\n```\n- **字符串**\n\n扩展运算符还可以将字符串转为真正的数组\n```\n[...\'hello\']\n// [ \"h\", \"e\", \"l\", \"l\", \"o\" ]\n```\n#### 3） Array.from() \n\nArray.from方法用于将两类对象转为真正的数组：类似数组的对象（array-like object）和可遍历（iterable）的对象（包括 ES6 新增的数据结构 Set 和 Map）。\n```\nlet arrayLike = {\n    \'0\': \'a\',\n    \'1\': \'b\',\n    \'2\': \'c\',\n    length: 3\n};\n\n// ES5的写法\nvar arr1 = [].slice.call(arrayLike); // [\'a\', \'b\', \'c\']\n\n// ES6的写法\nlet arr2 = Array.from(arrayLike); // [\'a\', \'b\', \'c\']\n\nArray.from(\'hello\')\n// [\'h\', \'e\', \'l\', \'l\', \'o\']\n\nlet namesSet = new Set([\'a\', \'b\'])\nArray.from(namesSet) // [\'a\', \'b\']\n```\n#### 4）Array.of() \n\nArray.of方法用于将一组值，转换为数组\n```\nArray.of(3, 11, 8) // [3,11,8]\nArray.of(3) // [3]\nArray.of(3).length // 1\n```\n#### 5）数组实例的 find() 和 findIndex()\n\n数组实例的`find`方法，用于找出第一个符合条件的数组成员。它的参数是一个回调函数，所有数组成员依次执行该回调函数，直到找出第一个返回值为`true`的成员，然后返回该成员。如果没有符合条件的成员，则返回`undefined`。\n```\n[1, 4, -5, 10].find((n) => n < 0)\n// -5\n\n//find方法的回调函数可以接受三个参数，依次为当前的值、当前的位置和原数组\n[1, 5, 10, 15].find(function(value, index, arr) {\n  return value > 9;\n}) // 10\n```\n\n数组实例的`findIndex`方法的用法与`find`方法非常类似，返回第一个符合条件的数组成员的位置，如果所有成员都不符合条件，则返回`-1`\n```\n[1, 5, 10, 15].findIndex(function(value, index, arr) {\n  return value > 9;\n}) // 2\n```\n#### 6）数组实例的 includes()\n\nArray.prototype.includes方法返回一个布尔值，表示某个数组是否包含给定的值，与字符串的includes方法类似。ES2016 引入了该方法。\n```\n[1, 2, 3].includes(2)     // true\n[1, 2, 3].includes(4)     // false\n[1, 2, NaN].includes(NaN) // true\n```\n该方法的第二个参数表示搜索的起始位置，默认为0\n```\n[1, 2, 3].includes(3, 3);  // false\n[1, 2, 3].includes(3, -1); // true\n```\n## 推荐资料\n- [ECMAScript 6 入门](http://es6.ruanyifeng.com/#docs/destructuring)\n\n# 学习目标\n\n1. 了解ES6是什么\n2. 掌握学习内容中的ES6的新特性\n3. 根据推荐资料中的内容自学ES的其它特性（数组的拓展，Module）\n\n# 学习内容\n\n## 一、ECMAScript 6 简介\n\nECMAScript(ES6) 是JavaScript语言的下一代标准，已经在2015年6月正式发布了；在 JavaScript 的基础上做了重大的更新，提供了更优雅的语法和特性。\n\n#### ECMAScript 和 JavaScript 的关系\n\nECMAScript 和 JavaScript 的关系是，前者是后者',206,'2017-03-02 00:00:00',NULL,NULL,1,''),
	(207,113,107,0,'任务卡1','### 任务卡1\n\n这是一个任务卡描述',205,'2019-02-21 00:00:00',NULL,NULL,1,'必修'),
	(208,113,107,0,'组织2 任务卡2','# 学习目标\n\n1. 了解ES6是什么\n2. 掌握学习内容中的ES6的新特性\n3. 根据推荐资料中的内容自学ES的其它特性（数组的拓展，Module）\n\n# 学习内容\n\n## 一、ECMAScript 6 简介\n\nECMAScript(ES6) 是JavaScript语言的下一代标准，已经在2015年6月正式发布了；在 JavaScript 的基础上做了重大的更新，提供了更优雅的语法和特性。\n\n#### ECMAScript 和 JavaScript 的关系\n\nECMAScript 和 JavaScript 的关系是，前者是后者的规格，后者是前者的一种实现（另外的ECMAScript 方言还有 Jscript 和 ActionScript ）。日常场合，这两个词是可以互换的。那为什么不叫 JavaScript 为换名字了呢？原因如下：\n\n1. 商标，1996年11月，JavaScript的创造者Netscape公司，决定将JavaScript提交给国际标准化组织ECMA，希望这种语言能够成为国际标准。根据授权协议，只有Netscape公司(Javascript 的创造者)可以合法地使用JavaScript这个名字，且 JavaScript 本身也已经被 Netscape 公司注册为商标\n2. 想体现这门语言的制定者是 ECMA，不是 Netscape，这样有利于保证这门语言的开放性和中立性。\n\n## 二、ES6 新特性\n###  1. let 和 const\n\nES6提供了两种新的声明变量的方式：let 和 const。\n#### 1）作用域\n\n let 和 const 相比于 var 声明的变量有块作用域，let 和 const 只在于当前的块作用域中有效。而 var 声明的变量是在函数作用域内有效。\n```\n{\n  let a = 1;  // a 只能在当前块中被访问\n  var b = 1;\n}\na // ReferenceError: a is not defined.\nb // 1\n```\nconst 和 let 的区别则在于， const 声明变量的同时必须立即给一个初始值，且无法在对该值进行修改。如果该初始值是一个对象，那么该对象的值是可以被修改的。\n\n#### 2）变量提升\n\n 变量如果在var 前使用，就会出现「变量提升」现象，值为undefined。let 声明的变量一定要在声明后使用，否则报错。\n```\n// var 的情况\nconsole.log(a); // 输出undefined\nvar a = 1;\n\n// let 的情况\nconsole.log(b); // 报错ReferenceError\nlet b = 1;\n```\n上述代码，`a`变量用`var`声明，会进行变量提升，脚本刚开始执行就已经存在变量`a`,但是变量`a`没有值，所以输出`undefined`；`b`变量用`let`声明，不会发生变量提升，在声明它之前，变量b是不存在的，这时如果用到它，就会抛出一个错误。\n#### 3）const 本质\n\nconst实际上保证的，并不是变量的值不得改动，而是变量指向的那个内存地址所保存的数据不得改动。\n```\nconst user = {};\n\n// 为 user 添加一个属性，可以成功\nuser.age = 23;\nuser.age // 23\n\n// 将 user 指向另一个对象，就会报错\nuser = {}; // TypeError: \"user\" is read-only\n```\n上面代码中，常量user储存的是一个地址，这个地址指向一个对象。不可变的只是这个地址，即不能把user指向另一个地址，但对象本身是可变的，所以依然可以为其添加新属性。\n\n### 2. 变量的解构赋值\n\nES6 允许按照一定模式，从数组和对象中提取值，对变量进行赋值，这被称为解构。\n```\n//以前变量赋值只能直接指定\nlet a = 1;\nlet b = 2;\nlet c = 3;\n//ES6 允许写成下面这样\nlet [a, b, c] = [1, 2, 3];\n```\n\n#### 1）数组的解构\n```\nvar [a,b,c] = [1,2,3] // 结果 a=1 b=2 c=3\nvar [a,[b,c]] = [1,[2,3]] // 结果 a=1 b=2 c=3\n\n//解构不成功\nvar [a] = [];  // a = undefined   \nvar [a, b] = [1]; //a=1 b=undefined\n\n//不完全解构\nvar [a] = [1,2]; //a=1\n\n//默认值\nvar [a=1] = [] //a=1\n```\n**如果等号的右边不是数组（或者严格地说，不是可遍历的结构），那么将会报错**\n```javascript\nlet [a] = 1;\nlet [a] = false;\nlet [a] = NaN;\nlet [a] = undefined;\nlet [a] = null;\nlet [a] = {};\n```\n#### 2）对象的解构\n```\nvar { b, a } = { a: \"aaa\", b: \"bbb\" };\na // \"aaa\"\nb // \"bbb\"\n\nvar { c } = { a: \"aaa\", b: \"bbb\" };\nc // undefined\n\n//变量名与属性名不一致，必须写成下面这样\nlet { a: hello } = { a: \'aaa\', hello: \'bbb\' };\nhello // \"aaa\"\n\n//对象的解构赋值的内部机制，是先找到同名属性，然后再赋给对应的变量\nlet { a: hello } = { a: \"aaa\", hello: \"bbb\" };\nhello // \"aaa\"\na // error: foo is not defined\n\n//对象的解构也可以指定默认值\nvar {x = 3} = {};\nx // 3\nvar {x, y = 5} = {x: 1};\nx // 1\ny // 5\n```\n#### 3）字符串的解构赋值\n\n字符串也可以解构赋值。这是因为此时，字符串被转换成了一个类似数组的对象。\n```\nconst [a, b, c, d, e] = \'hello\';\na // \"h\"\nb // \"e\"\nc // \"l\"\nd // \"l\"\ne // \"o\"\n\n//类似数组的对象都有一个length属性，因此还可以对这个属性解构赋值\nlet {length : len} = \'hello\';\nlen // 5\n```\n### 3.字符串拓展\n#### 1）模版字符串\n\n模板字符串（template string）是增强版的字符串，用反引号（`）标识。它可以当作普通字符串使用，也可以用来定义多行字符串（类似 pre 标签的作用），或者在字符串中嵌入变量。\n```\n// 普通字符串 想要换行需要加上 \'\\n\'\n`In JavaScript \'\\n\' is a line-feed.`\n\n// 多行字符串\n`In JavaScript this is\n not legal.`\n\n// 字符串中嵌入变量\nvar name = \"ac\", time = \"today\";\n`Hello ${name}, how are you ${time}?` // Hello ac, how are you today? \n```\n#### 2）字符串的遍历器接口\n\nES6 为字符串添加了遍历器接口，使得字符串可以被for...of循环遍历\n```\nfor (let codePoint of \'hello\') {\n  console.log(codePoint)\n}\n// \"h\"\n// \"e\"\n// \"l\"\n// \"l\"\n// \"o\"\n```\n#### 3）includes(), startsWith(), endsWith() \n\n在这之前，JavaScript 只有indexOf方法，可以用来确定一个字符串是否包含在另一个字符串中。\n\n**ES6 又提供了三种新方法：**\n- includes()：返回布尔值，表示是否找到了参数字符串。\n- startsWith()：返回布尔值，表示参数字符串是否在原字符串的头部。\n- endsWith()：返回布尔值，表示参数字符串是否在原字符串的尾部。\n```\nlet s = \'Hello world!\';\ns.startsWith(\'Hello\') // true\ns.endsWith(\'!\') // true\ns.includes(\'o\') // true\n这三个方法都支持第二个参数，表示开始搜索的位置。\n\nlet s = \'Hello world!\';\ns.startsWith(\'world\', 6) // true\ns.endsWith(\'Hello\', 5) // true\ns.includes(\'Hello\', 6) // false\n```\n上面代码表示，使用第二个参数n时，endsWith的行为与其他两个方法有所不同。它针对前n个字符，而其他两个方法针对从第n个位置直到字符串结束。\n#### 4）repeat()\n\n`repeat`方法返回一个新字符串，表示将原字符串重复n次。\n```\n\'x\'.repeat(3) // \"xxx\"\n\'hello\'.repeat(2) // \"hellohello\"\n\'na\'.repeat(0) // \"\"\n\n//参数如果是小数，会被取整\n\'na\'.repeat(2.9) // \"nana\"\n\n//如果repeat的参数是负数或者Infinity，会报错。\n\'na\'.repeat(Infinity)\n// RangeError\n\'na\'.repeat(-1)\n// RangeError\n\n//参数是 0 到-1 之间的小数，则等同于 0\n\'na\'.repeat(-0.9) // \"\"\n\n//参数NaN等同于 0。\n\'na\'.repeat(NaN) // \"\"\n\n//如果repeat的参数是字符串，则会先转换成数字。\n\'na\'.repeat(\'na\') // \"\"\n\'na\'.repeat(\'3\') // \"nanana\"\n```\n#### 5）padStart()，padEnd()\n\nES2017 引入了字符串补全长度的功能。如果某个字符串不够指定长度，会在头部或尾部补全。padStart()用于头部补全，padEnd()用于尾部补全。\n```\n\'x\'.padStart(5, \'ab\') // \'ababx\'\n\'x\'.padStart(4, \'ab\') // \'abax\'\n\n\'x\'.padEnd(5, \'ab\') // \'xabab\'\n\'x\'.padEnd(4, \'ab\') // \'xaba\'\n\n//如果原字符串的长度，等于或大于最大长度，则字符串补全不生效，返回原字符串\n\'xxx\'.padStart(2, \'ab\') // \'xxx\'\n\'xxx\'.padEnd(2, \'ab\') // \'xxx\'\n\n//如果省略第二个参数，默认使用空格补全长度\n\'x\'.padStart(4) // \'   x\'\n\'x\'.padEnd(4) // \'x   \'\n```\n### 4.数值的扩展\n#### 1）Number.isFinite(), Number.isNaN()\nES6 在Number对象上，新提供了Number.isFinite()和Number.isNaN()两个方法。\n\nNumber.isFinite()用来检查一个数值是否为有限的（finite），即不是Infinity。\n```\nNumber.isFinite(15); // true\nNumber.isFinite(0.8); // true\nNumber.isFinite(NaN); // false\nNumber.isFinite(Infinity); // false\nNumber.isFinite(-Infinity); // false\nNumber.isFinite(\'foo\'); // false\nNumber.isFinite(\'15\'); // false\nNumber.isFinite(true); // false\n```\nNumber.isNaN()用来检查一个值是否为NaN\n```\nNumber.isNaN(NaN) // true\nNumber.isNaN(15) // false\nNumber.isNaN(\'15\') // false\nNumber.isNaN(true) // false\nNumber.isNaN(9/NaN) // true\nNumber.isNaN(\'true\' / 0) // true\nNumber.isNaN(\'true\' / \'true\') // true\n```\n它们与传统的全局方法`isFinite()`和`isNaN()`的区别在于，传统方法先调用`Number()`将非数值的值转为数值，再进行判断，而这两个新方法只对数值有效，`Number.isFinite()`对于非数值一律返回`false`, `Number.isNaN()`只有对于`NaN`才返回`true`，非`NaN`一律返回`false`。\n\n#### 2）Number.isInteger()\n\nNumber.isInteger()用来判断一个数值是否为整数\n```\nNumber.isInteger(5) // true\nNumber.isInteger(5.1) // false\n\n//JavaScript 内部，整数和浮点数采用的是同样的储存方法，所以 5 和 5.0 被视为同一个值\nNumber.isInteger(5) // true\nNumber.isInteger(5.0) // true\n```\n### 5. Math 对象的扩展\n#### 1）Math.trunc() \n`Math.trunc`方法用于去除一个数的小数部分，返回整数部分\n```\nMath.trunc(4.1) // 4\nMath.trunc(4.9) // 4\nMath.trunc(-4.1) // -4\nMath.trunc(-4.9) // -4\nMath.trunc(-0.1234) // -0\n```\n\n\n#### 2）Math.sign() \n\n`Math.sign`方法用来判断一个数到底是正数、负数、还是零。对于非数值，会先将其转换为数值。\n\n它会返回五种值：\n- 参数为正数，返回+1；\n- 参数为负数，返回-1；\n- 参数为 0，返回0；\n- 参数为-0，返回-0;\n- 其他值，返回NaN。\n```\nMath.sign(-5) // -1\nMath.sign(5) // +1\nMath.sign(0) // +0\nMath.sign(-0) // -0\nMath.sign(NaN) // NaN\n```\n### 6.函数的扩展\n#### 1）函数参数的默认值\n\nES6 允许为函数的参数设置默认值，即直接写在参数定义的后面\n```\nfunction log(x, y = \'World\') {\n  console.log(x, y);\n}\n\nlog(\'Hello\') // Hello World\nlog(\'Hello\', \'China\') // Hello China\nlog(\'Hello\', \'\') // Hello\n```\n#### 2）rest 展开运算符\nES6 引入 rest 参数（形式为...变量名），用于获取函数的多余参数，这样就不需要使用arguments对象了。rest 参数搭配的变量是一个数组，该变量将多余的参数放入数组中。\n```\nfunction example(...values){\n    console.log(values)// console: [1,2,3,4]\n}\n\nexample(1,2,3,4) \nvar a = [1,2,3]\nvar b = [...a,4,5,6] //b = [1,2,3,4,5,6]\n```\n#### 3） 箭头函数\n\nES6 提供了新的方式 `=>` 来定义函数\n```\nvar func = parm => parm\n等同于\nvar func = function (parm){\n    return parm\n}\n```\n\n如果函数没有参数或有多个参数，那么：\n```\nvar func = () => //some code\n等同于\nvar func = function (){\n	some code\n}\n\nvar func = (parm1,parm2) => //some code\n等同于\nvar func = function (parm1,parm2){\n	some code\n}\n```\n\n如果箭头函数的函数体只包含一行代码，则可以不需要写大括号以及 return 语句返回（如果有返回值）\n```\nvar sum = (num1,num2) => num1+num2\n等同于\nvar sum = (num1,num2) => {return num1+num2}\n等同于\nvar sum = function(num1,num2){return num1+num2}\n```\n\n箭头函数使得表达更加简洁\n```\n[1,2,3].map( item=> 2 * item)\n等同于\n[1,2,3].map(function(item){\n    return item * 2\n})\n\n[1,3,2].sort((a,b) => a - b)\n```\n### 7.数组的扩展\n\n#### 1）扩展运算符\n\n扩展运算符（spread）是三个点（...）。它好比 rest 参数的逆运算，将一个数组转为用逗号分隔的参数序列。\n```\nconsole.log(...[1, 2, 3])\n// 1 2 3\n\nconsole.log(1, ...[2, 3, 4], 5)\n// 1 2 3 4 5\n```\n#### 2）扩展运算符的应用\n\n- **复制数组**\n\n数组是复合的数据类型，直接复制的话，只是复制了指向底层数据结构的指针，而不是克隆一个全新的数组。\n```\nconst a = [1, 2];\nconst b = a;\n\nb[0] = 2;\na // [2, 2]\n```\n上面代码中，a2并不是a1的克隆，而是指向同一份数据的另一个指针。修改a2，会直接导致a1的变化。\n\nES5 只能用变通方法来复制数组\n```\nconst a = [1, 2];\nconst b = a.concat();\n\nb[0] = 2;\na // [1, 2]\n```\n\n扩展运算符提供了复制数组的简便写法\n```\nconst a1 = [1, 2];\n// 写法一\nconst a2 = [...a1];\n// 写法二\nconst [...a2] = a1;\n```\n- **合并数组**\n\n扩展运算符提供了数组合并的新写法\n```\nconst arr1 = [\'a\', \'b\'];\nconst arr2 = [\'c\'];\nconst arr3 = [\'d\', \'e\'];\n\n// ES5 的合并数组\narr1.concat(arr2, arr3);\n// [ \'a\', \'b\', \'c\', \'d\', \'e\' ]\n\n// ES6 的合并数组\n[...arr1, ...arr2, ...arr3]\n// [ \'a\', \'b\', \'c\', \'d\', \'e\' ]\n```\n- **字符串**\n\n扩展运算符还可以将字符串转为真正的数组\n```\n[...\'hello\']\n// [ \"h\", \"e\", \"l\", \"l\", \"o\" ]\n```\n#### 3） Array.from() \n\nArray.from方法用于将两类对象转为真正的数组：类似数组的对象（array-like object）和可遍历（iterable）的对象（包括 ES6 新增的数据结构 Set 和 Map）。\n```\nlet arrayLike = {\n    \'0\': \'a\',\n    \'1\': \'b\',\n    \'2\': \'c\',\n    length: 3\n};\n\n// ES5的写法\nvar arr1 = [].slice.call(arrayLike); // [\'a\', \'b\', \'c\']\n\n// ES6的写法\nlet arr2 = Array.from(arrayLike); // [\'a\', \'b\', \'c\']\n\nArray.from(\'hello\')\n// [\'h\', \'e\', \'l\', \'l\', \'o\']\n\nlet namesSet = new Set([\'a\', \'b\'])\nArray.from(namesSet) // [\'a\', \'b\']\n```\n#### 4）Array.of() \n\nArray.of方法用于将一组值，转换为数组\n```\nArray.of(3, 11, 8) // [3,11,8]\nArray.of(3) // [3]\nArray.of(3).length // 1\n```\n#### 5）数组实例的 find() 和 findIndex()\n\n数组实例的`find`方法，用于找出第一个符合条件的数组成员。它的参数是一个回调函数，所有数组成员依次执行该回调函数，直到找出第一个返回值为`true`的成员，然后返回该成员。如果没有符合条件的成员，则返回`undefined`。\n```\n[1, 4, -5, 10].find((n) => n < 0)\n// -5\n\n//find方法的回调函数可以接受三个参数，依次为当前的值、当前的位置和原数组\n[1, 5, 10, 15].find(function(value, index, arr) {\n  return value > 9;\n}) // 10\n```\n\n数组实例的`findIndex`方法的用法与`find`方法非常类似，返回第一个符合条件的数组成员的位置，如果所有成员都不符合条件，则返回`-1`\n```\n[1, 5, 10, 15].findIndex(function(value, index, arr) {\n  return value > 9;\n}) // 2\n```\n#### 6）数组实例的 includes()\n\nArray.prototype.includes方法返回一个布尔值，表示某个数组是否包含给定的值，与字符串的includes方法类似。ES2016 引入了该方法。\n```\n[1, 2, 3].includes(2)     // true\n[1, 2, 3].includes(4)     // false\n[1, 2, NaN].includes(NaN) // true\n```\n该方法的第二个参数表示搜索的起始位置，默认为0\n```\n[1, 2, 3].includes(3, 3);  // false\n[1, 2, 3].includes(3, -1); // true\n```\n## 推荐资料\n- [ECMAScript 6 入门](http://es6.ruanyifeng.com/#docs/destructuring)\n\n# 学习目标\n\n1. 了解ES6是什么\n2. 掌握学习内容中的ES6的新特性\n3. 根据推荐资料中的内容自学ES的其它特性（数组的拓展，Module）\n\n# 学习内容\n\n## 一、ECMAScript 6 简介\n\nECMAScript(ES6) 是JavaScript语言的下一代标准，已经在2015年6月正式发布了；在 JavaScript 的基础上做了重大的更新，提供了更优雅的语法和特性。\n\n#### ECMAScript 和 JavaScript 的关系\n\nECMAScript 和 JavaScript 的关系是，前者是后者111# 学习目标\n\n1. 了解ES6是什么\n2. 掌握学习内容中的ES6的新特性\n3. 根据推荐资料中的内容自学ES的其它特性（数组的拓展，Module）\n\n# 学习内容\n\n## 一、ECMAScript 6 简介\n\nECMAScript(ES6) 是JavaScript语言的下一代标准，已经在2015年6月正式发布了；在 JavaScript 的基础上做了重大的更新，提供了更优雅的语法和特性。\n\n#### ECMAScript 和 JavaScript 的关系\n\nECMAScript 和 JavaScript 的关系是，前者是后者的规格，后者是前者的一种实现（另外的ECMAScript 方言还有 Jscript 和 ActionScript ）。日常场合，这两个词是可以互换的。那为什么不叫 JavaScript 为换名字了呢？原因如下：\n\n1. 商标，1996年11月，JavaScript的创造者Netscape公司，决定将JavaScript提交给国际标准化组织ECMA，希望这种语言能够成为国际标准。根据授权协议，只有Netscape公司(Javascript 的创造者)可以合法地使用JavaScript这个名字，且 JavaScript 本身也已经被 Netscape 公司注册为商标\n2. 想体现这门语言的制定者是 ECMA，不是 Netscape，这样有利于保证这门语言的开放性和中立性。\n\n## 二、ES6 新特性\n###  1. let 和 const\n\nES6提供了两种新的声明变量的方式：let 和 const。\n#### 1）作用域\n\n let 和 const 相比于 var 声明的变量有块作用域，let 和 const 只在于当前的块作用域中有效。而 var 声明的变量是在函数作用域内有效。\n```\n{\n  let a = 1;  // a 只能在当前块中被访问\n  var b = 1;\n}\na // ReferenceError: a is not defined.\nb // 1\n```\nconst 和 let 的区别则在于， const 声明变量的同时必须立即给一个初始值，且无法在对该值进行修改。如果该初始值是一个对象，那么该对象的值是可以被修改的。\n\n#### 2）变量提升\n\n 变量如果在var 前使用，就会出现「变量提升」现象，值为undefined。let 声明的变量一定要在声明后使用，否则报错。\n```\n// var 的情况\nconsole.log(a); // 输出undefined\nvar a = 1;\n\n// let 的情况\nconsole.log(b); // 报错ReferenceError\nlet b = 1;\n```\n上述代码，`a`变量用`var`声明，会进行变量提升，脚本刚开始执行就已经存在变量`a`,但是变量`a`没有值，所以输出`undefined`；`b`变量用`let`声明，不会发生变量提升，在声明它之前，变量b是不存在的，这时如果用到它，就会抛出一个错误。\n#### 3）const 本质\n\nconst实际上保证的，并不是变量的值不得改动，而是变量指向的那个内存地址所保存的数据不得改动。\n```\nconst user = {};\n\n// 为 user 添加一个属性，可以成功\nuser.age = 23;\nuser.age // 23\n\n// 将 user 指向另一个对象，就会报错\nuser = {}; // TypeError: \"user\" is read-only\n```\n上面代码中，常量user储存的是一个地址，这个地址指向一个对象。不可变的只是这个地址，即不能把user指向另一个地址，但对象本身是可变的，所以依然可以为其添加新属性。\n\n### 2. 变量的解构赋值\n\nES6 允许按照一定模式，从数组和对象中提取值，对变量进行赋值，这被称为解构。\n```\n//以前变量赋值只能直接指定\nlet a = 1;\nlet b = 2;\nlet c = 3;\n//ES6 允许写成下面这样\nlet [a, b, c] = [1, 2, 3];\n```\n\n#### 1）数组的解构\n```\nvar [a,b,c] = [1,2,3] // 结果 a=1 b=2 c=3\nvar [a,[b,c]] = [1,[2,3]] // 结果 a=1 b=2 c=3\n\n//解构不成功\nvar [a] = [];  // a = undefined   \nvar [a, b] = [1]; //a=1 b=undefined\n\n//不完全解构\nvar [a] = [1,2]; //a=1\n\n//默认值\nvar [a=1] = [] //a=1\n```\n**如果等号的右边不是数组（或者严格地说，不是可遍历的结构），那么将会报错**\n```javascript\nlet [a] = 1;\nlet [a] = false;\nlet [a] = NaN;\nlet [a] = undefined;\nlet [a] = null;\nlet [a] = {};\n```\n#### 2）对象的解构\n```\nvar { b, a } = { a: \"aaa\", b: \"bbb\" };\na // \"aaa\"\nb // \"bbb\"\n\nvar { c } = { a: \"aaa\", b: \"bbb\" };\nc // undefined\n\n//变量名与属性名不一致，必须写成下面这样\nlet { a: hello } = { a: \'aaa\', hello: \'bbb\' };\nhello // \"aaa\"\n\n//对象的解构赋值的内部机制，是先找到同名属性，然后再赋给对应的变量\nlet { a: hello } = { a: \"aaa\", hello: \"bbb\" };\nhello // \"aaa\"\na // error: foo is not defined\n\n//对象的解构也可以指定默认值\nvar {x = 3} = {};\nx // 3\nvar {x, y = 5} = {x: 1};\nx // 1\ny // 5\n```\n#### 3）字符串的解构赋值\n\n字符串也可以解构赋值。这是因为此时，字符串被转换成了一个类似数组的对象。\n```\nconst [a, b, c, d, e] = \'hello\';\na // \"h\"\nb // \"e\"\nc // \"l\"\nd // \"l\"\ne // \"o\"\n\n//类似数组的对象都有一个length属性，因此还可以对这个属性解构赋值\nlet {length : len} = \'hello\';\nlen // 5\n```\n### 3.字符串拓展\n#### 1）模版字符串\n\n模板字符串（template string）是增强版的字符串，用反引号（`）标识。它可以当作普通字符串使用，也可以用来定义多行字符串（类似 pre 标签的作用），或者在字符串中嵌入变量。\n```\n// 普通字符串 想要换行需要加上 \'\\n\'\n`In JavaScript \'\\n\' is a line-feed.`\n\n// 多行字符串\n`In JavaScript this is\n not legal.`\n\n// 字符串中嵌入变量\nvar name = \"ac\", time = \"today\";\n`Hello ${name}, how are you ${time}?` // Hello ac, how are you today? \n```\n#### 2）字符串的遍历器接口\n\nES6 为字符串添加了遍历器接口，使得字符串可以被for...of循环遍历\n```\nfor (let codePoint of \'hello\') {\n  console.log(codePoint)\n}\n// \"h\"\n// \"e\"\n// \"l\"\n// \"l\"\n// \"o\"\n```\n#### 3）includes(), startsWith(), endsWith() \n\n在这之前，JavaScript 只有indexOf方法，可以用来确定一个字符串是否包含在另一个字符串中。\n\n**ES6 又提供了三种新方法：**\n- includes()：返回布尔值，表示是否找到了参数字符串。\n- startsWith()：返回布尔值，表示参数字符串是否在原字符串的头部。\n- endsWith()：返回布尔值，表示参数字符串是否在原字符串的尾部。\n```\nlet s = \'Hello world!\';\ns.startsWith(\'Hello\') // true\ns.endsWith(\'!\') // true\ns.includes(\'o\') // true\n这三个方法都支持第二个参数，表示开始搜索的位置。\n\nlet s = \'Hello world!\';\ns.startsWith(\'world\', 6) // true\ns.endsWith(\'Hello\', 5) // true\ns.includes(\'Hello\', 6) // false\n```\n上面代码表示，使用第二个参数n时，endsWith的行为与其他两个方法有所不同。它针对前n个字符，而其他两个方法针对从第n个位置直到字符串结束。\n#### 4）repeat()\n\n`repeat`方法返回一个新字符串，表示将原字符串重复n次。\n```\n\'x\'.repeat(3) // \"xxx\"\n\'hello\'.repeat(2) // \"hellohello\"\n\'na\'.repeat(0) // \"\"\n\n//参数如果是小数，会被取整\n\'na\'.repeat(2.9) // \"nana\"\n\n//如果repeat的参数是负数或者Infinity，会报错。\n\'na\'.repeat(Infinity)\n// RangeError\n\'na\'.repeat(-1)\n// RangeError\n\n//参数是 0 到-1 之间的小数，则等同于 0\n\'na\'.repeat(-0.9) // \"\"\n\n//参数NaN等同于 0。\n\'na\'.repeat(NaN) // \"\"\n\n//如果repeat的参数是字符串，则会先转换成数字。\n\'na\'.repeat(\'na\') // \"\"\n\'na\'.repeat(\'3\') // \"nanana\"\n```\n#### 5）padStart()，padEnd()\n\nES2017 引入了字符串补全长度的功能。如果某个字符串不够指定长度，会在头部或尾部补全。padStart()用于头部补全，padEnd()用于尾部补全。\n```\n\'x\'.padStart(5, \'ab\') // \'ababx\'\n\'x\'.padStart(4, \'ab\') // \'abax\'\n\n\'x\'.padEnd(5, \'ab\') // \'xabab\'\n\'x\'.padEnd(4, \'ab\') // \'xaba\'\n\n//如果原字符串的长度，等于或大于最大长度，则字符串补全不生效，返回原字符串\n\'xxx\'.padStart(2, \'ab\') // \'xxx\'\n\'xxx\'.padEnd(2, \'ab\') // \'xxx\'\n\n//如果省略第二个参数，默认使用空格补全长度\n\'x\'.padStart(4) // \'   x\'\n\'x\'.padEnd(4) // \'x   \'\n```\n### 4.数值的扩展\n#### 1）Number.isFinite(), Number.isNaN()\nES6 在Number对象上，新提供了Number.isFinite()和Number.isNaN()两个方法。\n\nNumber.isFinite()用来检查一个数值是否为有限的（finite），即不是Infinity。\n```\nNumber.isFinite(15); // true\nNumber.isFinite(0.8); // true\nNumber.isFinite(NaN); // false\nNumber.isFinite(Infinity); // false\nNumber.isFinite(-Infinity); // false\nNumber.isFinite(\'foo\'); // false\nNumber.isFinite(\'15\'); // false\nNumber.isFinite(true); // false\n```\nNumber.isNaN()用来检查一个值是否为NaN\n```\nNumber.isNaN(NaN) // true\nNumber.isNaN(15) // false\nNumber.isNaN(\'15\') // false\nNumber.isNaN(true) // false\nNumber.isNaN(9/NaN) // true\nNumber.isNaN(\'true\' / 0) // true\nNumber.isNaN(\'true\' / \'true\') // true\n```\n它们与传统的全局方法`isFinite()`和`isNaN()`的区别在于，传统方法先调用`Number()`将非数值的值转为数值，再进行判断，而这两个新方法只对数值有效，`Number.isFinite()`对于非数值一律返回`false`, `Number.isNaN()`只有对于`NaN`才返回`true`，非`NaN`一律返回`false`。\n\n#### 2）Number.isInteger()\n\nNumber.isInteger()用来判断一个数值是否为整数\n```\nNumber.isInteger(5) // true\nNumber.isInteger(5.1) // false\n\n//JavaScript 内部，整数和浮点数采用的是同样的储存方法，所以 5 和 5.0 被视为同一个值\nNumber.isInteger(5) // true\nNumber.isInteger(5.0) // true\n```\n### 5. Math 对象的扩展\n#### 1）Math.trunc() \n`Math.trunc`方法用于去除一个数的小数部分，返回整数部分\n```\nMath.trunc(4.1) // 4\nMath.trunc(4.9) // 4\nMath.trunc(-4.1) // -4\nMath.trunc(-4.9) // -4\nMath.trunc(-0.1234) // -0\n```\n\n\n#### 2）Math.sign() \n\n`Math.sign`方法用来判断一个数到底是正数、负数、还是零。对于非数值，会先将其转换为数值。\n\n它会返回五种值：\n- 参数为正数，返回+1；\n- 参数为负数，返回-1；\n- 参数为 0，返回0；\n- 参数为-0，返回-0;\n- 其他值，返回NaN。\n```\nMath.sign(-5) // -1\nMath.sign(5) // +1\nMath.sign(0) // +0\nMath.sign(-0) // -0\nMath.sign(NaN) // NaN\n```\n### 6.函数的扩展\n#### 1）函数参数的默认值\n\nES6 允许为函数的参数设置默认值，即直接写在参数定义的后面\n```\nfunction log(x, y = \'World\') {\n  console.log(x, y);\n}\n\nlog(\'Hello\') // Hello World\nlog(\'Hello\', \'China\') // Hello China\nlog(\'Hello\', \'\') // Hello\n```\n#### 2）rest 展开运算符\nES6 引入 rest 参数（形式为...变量名），用于获取函数的多余参数，这样就不需要使用arguments对象了。rest 参数搭配的变量是一个数组，该变量将多余的参数放入数组中。\n```\nfunction example(...values){\n    console.log(values)// console: [1,2,3,4]\n}\n\nexample(1,2,3,4) \nvar a = [1,2,3]\nvar b = [...a,4,5,6] //b = [1,2,3,4,5,6]\n```\n#### 3） 箭头函数\n\nES6 提供了新的方式 `=>` 来定义函数\n```\nvar func = parm => parm\n等同于\nvar func = function (parm){\n    return parm\n}\n```\n\n如果函数没有参数或有多个参数，那么：\n```\nvar func = () => //some code\n等同于\nvar func = function (){\n	some code\n}\n\nvar func = (parm1,parm2) => //some code\n等同于\nvar func = function (parm1,parm2){\n	some code\n}\n```\n\n如果箭头函数的函数体只包含一行代码，则可以不需要写大括号以及 return 语句返回（如果有返回值）\n```\nvar sum = (num1,num2) => num1+num2\n等同于\nvar sum = (num1,num2) => {return num1+num2}\n等同于\nvar sum = function(num1,num2){return num1+num2}\n```\n\n箭头函数使得表达更加简洁\n```\n[1,2,3].map( item=> 2 * item)\n等同于\n[1,2,3].map(function(item){\n    return item * 2\n})\n\n[1,3,2].sort((a,b) => a - b)\n```\n### 7.数组的扩展\n\n#### 1）扩展运算符\n\n扩展运算符（spread）是三个点（...）。它好比 rest 参数的逆运算，将一个数组转为用逗号分隔的参数序列。\n```\nconsole.log(...[1, 2, 3])\n// 1 2 3\n\nconsole.log(1, ...[2, 3, 4], 5)\n// 1 2 3 4 5\n```\n#### 2）扩展运算符的应用\n\n- **复制数组**\n\n数组是复合的数据类型，直接复制的话，只是复制了指向底层数据结构的指针，而不是克隆一个全新的数组。\n```\nconst a = [1, 2];\nconst b = a;\n\nb[0] = 2;\na // [2, 2]\n```\n上面代码中，a2并不是a1的克隆，而是指向同一份数据的另一个指针。修改a2，会直接导致a1的变化。\n\nES5 只能用变通方法来复制数组\n```\nconst a = [1, 2];\nconst b = a.concat();\n\nb[0] = 2;\na // [1, 2]\n```\n\n扩展运算符提供了复制数组的简便写法\n```\nconst a1 = [1, 2];\n// 写法一\nconst a2 = [...a1];\n// 写法二\nconst [...a2] = a1;\n```\n- **合并数组**\n\n扩展运算符提供了数组合并的新写法\n```\nconst arr1 = [\'a\', \'b\'];\nconst arr2 = [\'c\'];\nconst arr3 = [\'d\', \'e\'];\n\n// ES5 的合并数组\narr1.concat(arr2, arr3);\n// [ \'a\', \'b\', \'c\', \'d\', \'e\' ]\n\n// ES6 的合并数组\n[...arr1, ...arr2, ...arr3]\n// [ \'a\', \'b\', \'c\', \'d\', \'e\' ]\n```\n- **字符串**\n\n扩展运算符还可以将字符串转为真正的数组\n```\n[...\'hello\']\n// [ \"h\", \"e\", \"l\", \"l\", \"o\" ]\n```\n#### 3） Array.from() \n\nArray.from方法用于将两类对象转为真正的数组：类似数组的对象（array-like object）和可遍历（iterable）的对象（包括 ES6 新增的数据结构 Set 和 Map）。\n```\nlet arrayLike = {\n    \'0\': \'a\',\n    \'1\': \'b\',\n    \'2\': \'c\',\n    length: 3\n};\n\n// ES5的写法\nvar arr1 = [].slice.call(arrayLike); // [\'a\', \'b\', \'c\']\n\n// ES6的写法\nlet arr2 = Array.from(arrayLike); // [\'a\', \'b\', \'c\']\n\nArray.from(\'hello\')\n// [\'h\', \'e\', \'l\', \'l\', \'o\']\n\nlet namesSet = new Set([\'a\', \'b\'])\nArray.from(namesSet) // [\'a\', \'b\']\n```\n#### 4）Array.of() \n\nArray.of方法用于将一组值，转换为数组\n```\nArray.of(3, 11, 8) // [3,11,8]\nArray.of(3) // [3]\nArray.of(3).length // 1\n```\n#### 5）数组实例的 find() 和 findIndex()\n\n数组实例的`find`方法，用于找出第一个符合条件的数组成员。它的参数是一个回调函数，所有数组成员依次执行该回调函数，直到找出第一个返回值为`true`的成员，然后返回该成员。如果没有符合条件的成员，则返回`undefined`。\n```\n[1, 4, -5, 10].find((n) => n < 0)\n// -5\n\n//find方法的回调函数可以接受三个参数，依次为当前的值、当前的位置和原数组\n[1, 5, 10, 15].find(function(value, index, arr) {\n  return value > 9;\n}) // 10\n```\n\n数组实例的`findIndex`方法的用法与`find`方法非常类似，返回第一个符合条件的数组成员的位置，如果所有成员都不符合条件，则返回`-1`\n```\n[1, 5, 10, 15].findIndex(function(value, index, arr) {\n  return value > 9;\n}) // 2\n```\n#### 6）数组实例的 includes()\n\nArray.prototype.includes方法返回一个布尔值，表示某个数组是否包含给定的值，与字符串的includes方法类似。ES2016 引入了该方法。\n```\n[1, 2, 3].includes(2)     // true\n[1, 2, 3].includes(4)     // false\n[1, 2, NaN].includes(NaN) // true\n```\n该方法的第二个参数表示搜索的起始位置，默认为0\n```\n[1, 2, 3].includes(3, 3);  // false\n[1, 2, 3].includes(3, -1); // true\n```\n## 推荐资料\n- [ECMAScript 6 入门](http://es6.ruanyifeng.com/#docs/destructuring)\n\n# 学习目标\n\n1. 了解ES6是什么\n2. 掌握学习内容中的ES6的新特性\n3. 根据推荐资料中的内容自学ES的其它特性（数组的拓展，Module）\n\n# 学习内容\n\n## 一、ECMAScript 6 简介\n\nECMAScript(ES6) 是JavaScript语言的下一代标准，已经在2015年6月正式发布了；在 JavaScript 的基础上做了重大的更新，提供了更优雅的语法和特性。\n\n#### ECMAScript 和 JavaScript 的关系\n\nECMAScript 和 JavaScript 的关系是，前者是后者',206,'2017-03-02 00:00:00',NULL,NULL,1,''),
	(209,114,107,0,'任务卡1','### 任务卡1\n\n这是一个任务卡描述',205,'2019-02-21 00:00:00',NULL,NULL,1,'必修'),
	(210,115,108,0,'任务卡1','### 任务卡1\n\n这是一个任务卡描述',205,'2019-02-21 00:00:00',NULL,NULL,1,'必修'),
	(211,116,108,0,'组织2 任务卡2','# 学习目标\n\n1. 了解ES6是什么\n2. 掌握学习内容中的ES6的新特性\n3. 根据推荐资料中的内容自学ES的其它特性（数组的拓展，Module）\n\n# 学习内容\n\n## 一、ECMAScript 6 简介\n\nECMAScript(ES6) 是JavaScript语言的下一代标准，已经在2015年6月正式发布了；在 JavaScript 的基础上做了重大的更新，提供了更优雅的语法和特性。\n\n#### ECMAScript 和 JavaScript 的关系\n\nECMAScript 和 JavaScript 的关系是，前者是后者的规格，后者是前者的一种实现（另外的ECMAScript 方言还有 Jscript 和 ActionScript ）。日常场合，这两个词是可以互换的。那为什么不叫 JavaScript 为换名字了呢？原因如下：\n\n1. 商标，1996年11月，JavaScript的创造者Netscape公司，决定将JavaScript提交给国际标准化组织ECMA，希望这种语言能够成为国际标准。根据授权协议，只有Netscape公司(Javascript 的创造者)可以合法地使用JavaScript这个名字，且 JavaScript 本身也已经被 Netscape 公司注册为商标\n2. 想体现这门语言的制定者是 ECMA，不是 Netscape，这样有利于保证这门语言的开放性和中立性。\n\n## 二、ES6 新特性\n###  1. let 和 const\n\nES6提供了两种新的声明变量的方式：let 和 const。\n#### 1）作用域\n\n let 和 const 相比于 var 声明的变量有块作用域，let 和 const 只在于当前的块作用域中有效。而 var 声明的变量是在函数作用域内有效。\n```\n{\n  let a = 1;  // a 只能在当前块中被访问\n  var b = 1;\n}\na // ReferenceError: a is not defined.\nb // 1\n```\nconst 和 let 的区别则在于， const 声明变量的同时必须立即给一个初始值，且无法在对该值进行修改。如果该初始值是一个对象，那么该对象的值是可以被修改的。\n\n#### 2）变量提升\n\n 变量如果在var 前使用，就会出现「变量提升」现象，值为undefined。let 声明的变量一定要在声明后使用，否则报错。\n```\n// var 的情况\nconsole.log(a); // 输出undefined\nvar a = 1;\n\n// let 的情况\nconsole.log(b); // 报错ReferenceError\nlet b = 1;\n```\n上述代码，`a`变量用`var`声明，会进行变量提升，脚本刚开始执行就已经存在变量`a`,但是变量`a`没有值，所以输出`undefined`；`b`变量用`let`声明，不会发生变量提升，在声明它之前，变量b是不存在的，这时如果用到它，就会抛出一个错误。\n#### 3）const 本质\n\nconst实际上保证的，并不是变量的值不得改动，而是变量指向的那个内存地址所保存的数据不得改动。\n```\nconst user = {};\n\n// 为 user 添加一个属性，可以成功\nuser.age = 23;\nuser.age // 23\n\n// 将 user 指向另一个对象，就会报错\nuser = {}; // TypeError: \"user\" is read-only\n```\n上面代码中，常量user储存的是一个地址，这个地址指向一个对象。不可变的只是这个地址，即不能把user指向另一个地址，但对象本身是可变的，所以依然可以为其添加新属性。\n\n### 2. 变量的解构赋值\n\nES6 允许按照一定模式，从数组和对象中提取值，对变量进行赋值，这被称为解构。\n```\n//以前变量赋值只能直接指定\nlet a = 1;\nlet b = 2;\nlet c = 3;\n//ES6 允许写成下面这样\nlet [a, b, c] = [1, 2, 3];\n```\n\n#### 1）数组的解构\n```\nvar [a,b,c] = [1,2,3] // 结果 a=1 b=2 c=3\nvar [a,[b,c]] = [1,[2,3]] // 结果 a=1 b=2 c=3\n\n//解构不成功\nvar [a] = [];  // a = undefined   \nvar [a, b] = [1]; //a=1 b=undefined\n\n//不完全解构\nvar [a] = [1,2]; //a=1\n\n//默认值\nvar [a=1] = [] //a=1\n```\n**如果等号的右边不是数组（或者严格地说，不是可遍历的结构），那么将会报错**\n```javascript\nlet [a] = 1;\nlet [a] = false;\nlet [a] = NaN;\nlet [a] = undefined;\nlet [a] = null;\nlet [a] = {};\n```\n#### 2）对象的解构\n```\nvar { b, a } = { a: \"aaa\", b: \"bbb\" };\na // \"aaa\"\nb // \"bbb\"\n\nvar { c } = { a: \"aaa\", b: \"bbb\" };\nc // undefined\n\n//变量名与属性名不一致，必须写成下面这样\nlet { a: hello } = { a: \'aaa\', hello: \'bbb\' };\nhello // \"aaa\"\n\n//对象的解构赋值的内部机制，是先找到同名属性，然后再赋给对应的变量\nlet { a: hello } = { a: \"aaa\", hello: \"bbb\" };\nhello // \"aaa\"\na // error: foo is not defined\n\n//对象的解构也可以指定默认值\nvar {x = 3} = {};\nx // 3\nvar {x, y = 5} = {x: 1};\nx // 1\ny // 5\n```\n#### 3）字符串的解构赋值\n\n字符串也可以解构赋值。这是因为此时，字符串被转换成了一个类似数组的对象。\n```\nconst [a, b, c, d, e] = \'hello\';\na // \"h\"\nb // \"e\"\nc // \"l\"\nd // \"l\"\ne // \"o\"\n\n//类似数组的对象都有一个length属性，因此还可以对这个属性解构赋值\nlet {length : len} = \'hello\';\nlen // 5\n```\n### 3.字符串拓展\n#### 1）模版字符串\n\n模板字符串（template string）是增强版的字符串，用反引号（`）标识。它可以当作普通字符串使用，也可以用来定义多行字符串（类似 pre 标签的作用），或者在字符串中嵌入变量。\n```\n// 普通字符串 想要换行需要加上 \'\\n\'\n`In JavaScript \'\\n\' is a line-feed.`\n\n// 多行字符串\n`In JavaScript this is\n not legal.`\n\n// 字符串中嵌入变量\nvar name = \"ac\", time = \"today\";\n`Hello ${name}, how are you ${time}?` // Hello ac, how are you today? \n```\n#### 2）字符串的遍历器接口\n\nES6 为字符串添加了遍历器接口，使得字符串可以被for...of循环遍历\n```\nfor (let codePoint of \'hello\') {\n  console.log(codePoint)\n}\n// \"h\"\n// \"e\"\n// \"l\"\n// \"l\"\n// \"o\"\n```\n#### 3）includes(), startsWith(), endsWith() \n\n在这之前，JavaScript 只有indexOf方法，可以用来确定一个字符串是否包含在另一个字符串中。\n\n**ES6 又提供了三种新方法：**\n- includes()：返回布尔值，表示是否找到了参数字符串。\n- startsWith()：返回布尔值，表示参数字符串是否在原字符串的头部。\n- endsWith()：返回布尔值，表示参数字符串是否在原字符串的尾部。\n```\nlet s = \'Hello world!\';\ns.startsWith(\'Hello\') // true\ns.endsWith(\'!\') // true\ns.includes(\'o\') // true\n这三个方法都支持第二个参数，表示开始搜索的位置。\n\nlet s = \'Hello world!\';\ns.startsWith(\'world\', 6) // true\ns.endsWith(\'Hello\', 5) // true\ns.includes(\'Hello\', 6) // false\n```\n上面代码表示，使用第二个参数n时，endsWith的行为与其他两个方法有所不同。它针对前n个字符，而其他两个方法针对从第n个位置直到字符串结束。\n#### 4）repeat()\n\n`repeat`方法返回一个新字符串，表示将原字符串重复n次。\n```\n\'x\'.repeat(3) // \"xxx\"\n\'hello\'.repeat(2) // \"hellohello\"\n\'na\'.repeat(0) // \"\"\n\n//参数如果是小数，会被取整\n\'na\'.repeat(2.9) // \"nana\"\n\n//如果repeat的参数是负数或者Infinity，会报错。\n\'na\'.repeat(Infinity)\n// RangeError\n\'na\'.repeat(-1)\n// RangeError\n\n//参数是 0 到-1 之间的小数，则等同于 0\n\'na\'.repeat(-0.9) // \"\"\n\n//参数NaN等同于 0。\n\'na\'.repeat(NaN) // \"\"\n\n//如果repeat的参数是字符串，则会先转换成数字。\n\'na\'.repeat(\'na\') // \"\"\n\'na\'.repeat(\'3\') // \"nanana\"\n```\n#### 5）padStart()，padEnd()\n\nES2017 引入了字符串补全长度的功能。如果某个字符串不够指定长度，会在头部或尾部补全。padStart()用于头部补全，padEnd()用于尾部补全。\n```\n\'x\'.padStart(5, \'ab\') // \'ababx\'\n\'x\'.padStart(4, \'ab\') // \'abax\'\n\n\'x\'.padEnd(5, \'ab\') // \'xabab\'\n\'x\'.padEnd(4, \'ab\') // \'xaba\'\n\n//如果原字符串的长度，等于或大于最大长度，则字符串补全不生效，返回原字符串\n\'xxx\'.padStart(2, \'ab\') // \'xxx\'\n\'xxx\'.padEnd(2, \'ab\') // \'xxx\'\n\n//如果省略第二个参数，默认使用空格补全长度\n\'x\'.padStart(4) // \'   x\'\n\'x\'.padEnd(4) // \'x   \'\n```\n### 4.数值的扩展\n#### 1）Number.isFinite(), Number.isNaN()\nES6 在Number对象上，新提供了Number.isFinite()和Number.isNaN()两个方法。\n\nNumber.isFinite()用来检查一个数值是否为有限的（finite），即不是Infinity。\n```\nNumber.isFinite(15); // true\nNumber.isFinite(0.8); // true\nNumber.isFinite(NaN); // false\nNumber.isFinite(Infinity); // false\nNumber.isFinite(-Infinity); // false\nNumber.isFinite(\'foo\'); // false\nNumber.isFinite(\'15\'); // false\nNumber.isFinite(true); // false\n```\nNumber.isNaN()用来检查一个值是否为NaN\n```\nNumber.isNaN(NaN) // true\nNumber.isNaN(15) // false\nNumber.isNaN(\'15\') // false\nNumber.isNaN(true) // false\nNumber.isNaN(9/NaN) // true\nNumber.isNaN(\'true\' / 0) // true\nNumber.isNaN(\'true\' / \'true\') // true\n```\n它们与传统的全局方法`isFinite()`和`isNaN()`的区别在于，传统方法先调用`Number()`将非数值的值转为数值，再进行判断，而这两个新方法只对数值有效，`Number.isFinite()`对于非数值一律返回`false`, `Number.isNaN()`只有对于`NaN`才返回`true`，非`NaN`一律返回`false`。\n\n#### 2）Number.isInteger()\n\nNumber.isInteger()用来判断一个数值是否为整数\n```\nNumber.isInteger(5) // true\nNumber.isInteger(5.1) // false\n\n//JavaScript 内部，整数和浮点数采用的是同样的储存方法，所以 5 和 5.0 被视为同一个值\nNumber.isInteger(5) // true\nNumber.isInteger(5.0) // true\n```\n### 5. Math 对象的扩展\n#### 1）Math.trunc() \n`Math.trunc`方法用于去除一个数的小数部分，返回整数部分\n```\nMath.trunc(4.1) // 4\nMath.trunc(4.9) // 4\nMath.trunc(-4.1) // -4\nMath.trunc(-4.9) // -4\nMath.trunc(-0.1234) // -0\n```\n\n\n#### 2）Math.sign() \n\n`Math.sign`方法用来判断一个数到底是正数、负数、还是零。对于非数值，会先将其转换为数值。\n\n它会返回五种值：\n- 参数为正数，返回+1；\n- 参数为负数，返回-1；\n- 参数为 0，返回0；\n- 参数为-0，返回-0;\n- 其他值，返回NaN。\n```\nMath.sign(-5) // -1\nMath.sign(5) // +1\nMath.sign(0) // +0\nMath.sign(-0) // -0\nMath.sign(NaN) // NaN\n```\n### 6.函数的扩展\n#### 1）函数参数的默认值\n\nES6 允许为函数的参数设置默认值，即直接写在参数定义的后面\n```\nfunction log(x, y = \'World\') {\n  console.log(x, y);\n}\n\nlog(\'Hello\') // Hello World\nlog(\'Hello\', \'China\') // Hello China\nlog(\'Hello\', \'\') // Hello\n```\n#### 2）rest 展开运算符\nES6 引入 rest 参数（形式为...变量名），用于获取函数的多余参数，这样就不需要使用arguments对象了。rest 参数搭配的变量是一个数组，该变量将多余的参数放入数组中。\n```\nfunction example(...values){\n    console.log(values)// console: [1,2,3,4]\n}\n\nexample(1,2,3,4) \nvar a = [1,2,3]\nvar b = [...a,4,5,6] //b = [1,2,3,4,5,6]\n```\n#### 3） 箭头函数\n\nES6 提供了新的方式 `=>` 来定义函数\n```\nvar func = parm => parm\n等同于\nvar func = function (parm){\n    return parm\n}\n```\n\n如果函数没有参数或有多个参数，那么：\n```\nvar func = () => //some code\n等同于\nvar func = function (){\n	some code\n}\n\nvar func = (parm1,parm2) => //some code\n等同于\nvar func = function (parm1,parm2){\n	some code\n}\n```\n\n如果箭头函数的函数体只包含一行代码，则可以不需要写大括号以及 return 语句返回（如果有返回值）\n```\nvar sum = (num1,num2) => num1+num2\n等同于\nvar sum = (num1,num2) => {return num1+num2}\n等同于\nvar sum = function(num1,num2){return num1+num2}\n```\n\n箭头函数使得表达更加简洁\n```\n[1,2,3].map( item=> 2 * item)\n等同于\n[1,2,3].map(function(item){\n    return item * 2\n})\n\n[1,3,2].sort((a,b) => a - b)\n```\n### 7.数组的扩展\n\n#### 1）扩展运算符\n\n扩展运算符（spread）是三个点（...）。它好比 rest 参数的逆运算，将一个数组转为用逗号分隔的参数序列。\n```\nconsole.log(...[1, 2, 3])\n// 1 2 3\n\nconsole.log(1, ...[2, 3, 4], 5)\n// 1 2 3 4 5\n```\n#### 2）扩展运算符的应用\n\n- **复制数组**\n\n数组是复合的数据类型，直接复制的话，只是复制了指向底层数据结构的指针，而不是克隆一个全新的数组。\n```\nconst a = [1, 2];\nconst b = a;\n\nb[0] = 2;\na // [2, 2]\n```\n上面代码中，a2并不是a1的克隆，而是指向同一份数据的另一个指针。修改a2，会直接导致a1的变化。\n\nES5 只能用变通方法来复制数组\n```\nconst a = [1, 2];\nconst b = a.concat();\n\nb[0] = 2;\na // [1, 2]\n```\n\n扩展运算符提供了复制数组的简便写法\n```\nconst a1 = [1, 2];\n// 写法一\nconst a2 = [...a1];\n// 写法二\nconst [...a2] = a1;\n```\n- **合并数组**\n\n扩展运算符提供了数组合并的新写法\n```\nconst arr1 = [\'a\', \'b\'];\nconst arr2 = [\'c\'];\nconst arr3 = [\'d\', \'e\'];\n\n// ES5 的合并数组\narr1.concat(arr2, arr3);\n// [ \'a\', \'b\', \'c\', \'d\', \'e\' ]\n\n// ES6 的合并数组\n[...arr1, ...arr2, ...arr3]\n// [ \'a\', \'b\', \'c\', \'d\', \'e\' ]\n```\n- **字符串**\n\n扩展运算符还可以将字符串转为真正的数组\n```\n[...\'hello\']\n// [ \"h\", \"e\", \"l\", \"l\", \"o\" ]\n```\n#### 3） Array.from() \n\nArray.from方法用于将两类对象转为真正的数组：类似数组的对象（array-like object）和可遍历（iterable）的对象（包括 ES6 新增的数据结构 Set 和 Map）。\n```\nlet arrayLike = {\n    \'0\': \'a\',\n    \'1\': \'b\',\n    \'2\': \'c\',\n    length: 3\n};\n\n// ES5的写法\nvar arr1 = [].slice.call(arrayLike); // [\'a\', \'b\', \'c\']\n\n// ES6的写法\nlet arr2 = Array.from(arrayLike); // [\'a\', \'b\', \'c\']\n\nArray.from(\'hello\')\n// [\'h\', \'e\', \'l\', \'l\', \'o\']\n\nlet namesSet = new Set([\'a\', \'b\'])\nArray.from(namesSet) // [\'a\', \'b\']\n```\n#### 4）Array.of() \n\nArray.of方法用于将一组值，转换为数组\n```\nArray.of(3, 11, 8) // [3,11,8]\nArray.of(3) // [3]\nArray.of(3).length // 1\n```\n#### 5）数组实例的 find() 和 findIndex()\n\n数组实例的`find`方法，用于找出第一个符合条件的数组成员。它的参数是一个回调函数，所有数组成员依次执行该回调函数，直到找出第一个返回值为`true`的成员，然后返回该成员。如果没有符合条件的成员，则返回`undefined`。\n```\n[1, 4, -5, 10].find((n) => n < 0)\n// -5\n\n//find方法的回调函数可以接受三个参数，依次为当前的值、当前的位置和原数组\n[1, 5, 10, 15].find(function(value, index, arr) {\n  return value > 9;\n}) // 10\n```\n\n数组实例的`findIndex`方法的用法与`find`方法非常类似，返回第一个符合条件的数组成员的位置，如果所有成员都不符合条件，则返回`-1`\n```\n[1, 5, 10, 15].findIndex(function(value, index, arr) {\n  return value > 9;\n}) // 2\n```\n#### 6）数组实例的 includes()\n\nArray.prototype.includes方法返回一个布尔值，表示某个数组是否包含给定的值，与字符串的includes方法类似。ES2016 引入了该方法。\n```\n[1, 2, 3].includes(2)     // true\n[1, 2, 3].includes(4)     // false\n[1, 2, NaN].includes(NaN) // true\n```\n该方法的第二个参数表示搜索的起始位置，默认为0\n```\n[1, 2, 3].includes(3, 3);  // false\n[1, 2, 3].includes(3, -1); // true\n```\n## 推荐资料\n- [ECMAScript 6 入门](http://es6.ruanyifeng.com/#docs/destructuring)\n\n# 学习目标\n\n1. 了解ES6是什么\n2. 掌握学习内容中的ES6的新特性\n3. 根据推荐资料中的内容自学ES的其它特性（数组的拓展，Module）\n\n# 学习内容\n\n## 一、ECMAScript 6 简介\n\nECMAScript(ES6) 是JavaScript语言的下一代标准，已经在2015年6月正式发布了；在 JavaScript 的基础上做了重大的更新，提供了更优雅的语法和特性。\n\n#### ECMAScript 和 JavaScript 的关系\n\nECMAScript 和 JavaScript 的关系是，前者是后者111# 学习目标\n\n1. 了解ES6是什么\n2. 掌握学习内容中的ES6的新特性\n3. 根据推荐资料中的内容自学ES的其它特性（数组的拓展，Module）\n\n# 学习内容\n\n## 一、ECMAScript 6 简介\n\nECMAScript(ES6) 是JavaScript语言的下一代标准，已经在2015年6月正式发布了；在 JavaScript 的基础上做了重大的更新，提供了更优雅的语法和特性。\n\n#### ECMAScript 和 JavaScript 的关系\n\nECMAScript 和 JavaScript 的关系是，前者是后者的规格，后者是前者的一种实现（另外的ECMAScript 方言还有 Jscript 和 ActionScript ）。日常场合，这两个词是可以互换的。那为什么不叫 JavaScript 为换名字了呢？原因如下：\n\n1. 商标，1996年11月，JavaScript的创造者Netscape公司，决定将JavaScript提交给国际标准化组织ECMA，希望这种语言能够成为国际标准。根据授权协议，只有Netscape公司(Javascript 的创造者)可以合法地使用JavaScript这个名字，且 JavaScript 本身也已经被 Netscape 公司注册为商标\n2. 想体现这门语言的制定者是 ECMA，不是 Netscape，这样有利于保证这门语言的开放性和中立性。\n\n## 二、ES6 新特性\n###  1. let 和 const\n\nES6提供了两种新的声明变量的方式：let 和 const。\n#### 1）作用域\n\n let 和 const 相比于 var 声明的变量有块作用域，let 和 const 只在于当前的块作用域中有效。而 var 声明的变量是在函数作用域内有效。\n```\n{\n  let a = 1;  // a 只能在当前块中被访问\n  var b = 1;\n}\na // ReferenceError: a is not defined.\nb // 1\n```\nconst 和 let 的区别则在于， const 声明变量的同时必须立即给一个初始值，且无法在对该值进行修改。如果该初始值是一个对象，那么该对象的值是可以被修改的。\n\n#### 2）变量提升\n\n 变量如果在var 前使用，就会出现「变量提升」现象，值为undefined。let 声明的变量一定要在声明后使用，否则报错。\n```\n// var 的情况\nconsole.log(a); // 输出undefined\nvar a = 1;\n\n// let 的情况\nconsole.log(b); // 报错ReferenceError\nlet b = 1;\n```\n上述代码，`a`变量用`var`声明，会进行变量提升，脚本刚开始执行就已经存在变量`a`,但是变量`a`没有值，所以输出`undefined`；`b`变量用`let`声明，不会发生变量提升，在声明它之前，变量b是不存在的，这时如果用到它，就会抛出一个错误。\n#### 3）const 本质\n\nconst实际上保证的，并不是变量的值不得改动，而是变量指向的那个内存地址所保存的数据不得改动。\n```\nconst user = {};\n\n// 为 user 添加一个属性，可以成功\nuser.age = 23;\nuser.age // 23\n\n// 将 user 指向另一个对象，就会报错\nuser = {}; // TypeError: \"user\" is read-only\n```\n上面代码中，常量user储存的是一个地址，这个地址指向一个对象。不可变的只是这个地址，即不能把user指向另一个地址，但对象本身是可变的，所以依然可以为其添加新属性。\n\n### 2. 变量的解构赋值\n\nES6 允许按照一定模式，从数组和对象中提取值，对变量进行赋值，这被称为解构。\n```\n//以前变量赋值只能直接指定\nlet a = 1;\nlet b = 2;\nlet c = 3;\n//ES6 允许写成下面这样\nlet [a, b, c] = [1, 2, 3];\n```\n\n#### 1）数组的解构\n```\nvar [a,b,c] = [1,2,3] // 结果 a=1 b=2 c=3\nvar [a,[b,c]] = [1,[2,3]] // 结果 a=1 b=2 c=3\n\n//解构不成功\nvar [a] = [];  // a = undefined   \nvar [a, b] = [1]; //a=1 b=undefined\n\n//不完全解构\nvar [a] = [1,2]; //a=1\n\n//默认值\nvar [a=1] = [] //a=1\n```\n**如果等号的右边不是数组（或者严格地说，不是可遍历的结构），那么将会报错**\n```javascript\nlet [a] = 1;\nlet [a] = false;\nlet [a] = NaN;\nlet [a] = undefined;\nlet [a] = null;\nlet [a] = {};\n```\n#### 2）对象的解构\n```\nvar { b, a } = { a: \"aaa\", b: \"bbb\" };\na // \"aaa\"\nb // \"bbb\"\n\nvar { c } = { a: \"aaa\", b: \"bbb\" };\nc // undefined\n\n//变量名与属性名不一致，必须写成下面这样\nlet { a: hello } = { a: \'aaa\', hello: \'bbb\' };\nhello // \"aaa\"\n\n//对象的解构赋值的内部机制，是先找到同名属性，然后再赋给对应的变量\nlet { a: hello } = { a: \"aaa\", hello: \"bbb\" };\nhello // \"aaa\"\na // error: foo is not defined\n\n//对象的解构也可以指定默认值\nvar {x = 3} = {};\nx // 3\nvar {x, y = 5} = {x: 1};\nx // 1\ny // 5\n```\n#### 3）字符串的解构赋值\n\n字符串也可以解构赋值。这是因为此时，字符串被转换成了一个类似数组的对象。\n```\nconst [a, b, c, d, e] = \'hello\';\na // \"h\"\nb // \"e\"\nc // \"l\"\nd // \"l\"\ne // \"o\"\n\n//类似数组的对象都有一个length属性，因此还可以对这个属性解构赋值\nlet {length : len} = \'hello\';\nlen // 5\n```\n### 3.字符串拓展\n#### 1）模版字符串\n\n模板字符串（template string）是增强版的字符串，用反引号（`）标识。它可以当作普通字符串使用，也可以用来定义多行字符串（类似 pre 标签的作用），或者在字符串中嵌入变量。\n```\n// 普通字符串 想要换行需要加上 \'\\n\'\n`In JavaScript \'\\n\' is a line-feed.`\n\n// 多行字符串\n`In JavaScript this is\n not legal.`\n\n// 字符串中嵌入变量\nvar name = \"ac\", time = \"today\";\n`Hello ${name}, how are you ${time}?` // Hello ac, how are you today? \n```\n#### 2）字符串的遍历器接口\n\nES6 为字符串添加了遍历器接口，使得字符串可以被for...of循环遍历\n```\nfor (let codePoint of \'hello\') {\n  console.log(codePoint)\n}\n// \"h\"\n// \"e\"\n// \"l\"\n// \"l\"\n// \"o\"\n```\n#### 3）includes(), startsWith(), endsWith() \n\n在这之前，JavaScript 只有indexOf方法，可以用来确定一个字符串是否包含在另一个字符串中。\n\n**ES6 又提供了三种新方法：**\n- includes()：返回布尔值，表示是否找到了参数字符串。\n- startsWith()：返回布尔值，表示参数字符串是否在原字符串的头部。\n- endsWith()：返回布尔值，表示参数字符串是否在原字符串的尾部。\n```\nlet s = \'Hello world!\';\ns.startsWith(\'Hello\') // true\ns.endsWith(\'!\') // true\ns.includes(\'o\') // true\n这三个方法都支持第二个参数，表示开始搜索的位置。\n\nlet s = \'Hello world!\';\ns.startsWith(\'world\', 6) // true\ns.endsWith(\'Hello\', 5) // true\ns.includes(\'Hello\', 6) // false\n```\n上面代码表示，使用第二个参数n时，endsWith的行为与其他两个方法有所不同。它针对前n个字符，而其他两个方法针对从第n个位置直到字符串结束。\n#### 4）repeat()\n\n`repeat`方法返回一个新字符串，表示将原字符串重复n次。\n```\n\'x\'.repeat(3) // \"xxx\"\n\'hello\'.repeat(2) // \"hellohello\"\n\'na\'.repeat(0) // \"\"\n\n//参数如果是小数，会被取整\n\'na\'.repeat(2.9) // \"nana\"\n\n//如果repeat的参数是负数或者Infinity，会报错。\n\'na\'.repeat(Infinity)\n// RangeError\n\'na\'.repeat(-1)\n// RangeError\n\n//参数是 0 到-1 之间的小数，则等同于 0\n\'na\'.repeat(-0.9) // \"\"\n\n//参数NaN等同于 0。\n\'na\'.repeat(NaN) // \"\"\n\n//如果repeat的参数是字符串，则会先转换成数字。\n\'na\'.repeat(\'na\') // \"\"\n\'na\'.repeat(\'3\') // \"nanana\"\n```\n#### 5）padStart()，padEnd()\n\nES2017 引入了字符串补全长度的功能。如果某个字符串不够指定长度，会在头部或尾部补全。padStart()用于头部补全，padEnd()用于尾部补全。\n```\n\'x\'.padStart(5, \'ab\') // \'ababx\'\n\'x\'.padStart(4, \'ab\') // \'abax\'\n\n\'x\'.padEnd(5, \'ab\') // \'xabab\'\n\'x\'.padEnd(4, \'ab\') // \'xaba\'\n\n//如果原字符串的长度，等于或大于最大长度，则字符串补全不生效，返回原字符串\n\'xxx\'.padStart(2, \'ab\') // \'xxx\'\n\'xxx\'.padEnd(2, \'ab\') // \'xxx\'\n\n//如果省略第二个参数，默认使用空格补全长度\n\'x\'.padStart(4) // \'   x\'\n\'x\'.padEnd(4) // \'x   \'\n```\n### 4.数值的扩展\n#### 1）Number.isFinite(), Number.isNaN()\nES6 在Number对象上，新提供了Number.isFinite()和Number.isNaN()两个方法。\n\nNumber.isFinite()用来检查一个数值是否为有限的（finite），即不是Infinity。\n```\nNumber.isFinite(15); // true\nNumber.isFinite(0.8); // true\nNumber.isFinite(NaN); // false\nNumber.isFinite(Infinity); // false\nNumber.isFinite(-Infinity); // false\nNumber.isFinite(\'foo\'); // false\nNumber.isFinite(\'15\'); // false\nNumber.isFinite(true); // false\n```\nNumber.isNaN()用来检查一个值是否为NaN\n```\nNumber.isNaN(NaN) // true\nNumber.isNaN(15) // false\nNumber.isNaN(\'15\') // false\nNumber.isNaN(true) // false\nNumber.isNaN(9/NaN) // true\nNumber.isNaN(\'true\' / 0) // true\nNumber.isNaN(\'true\' / \'true\') // true\n```\n它们与传统的全局方法`isFinite()`和`isNaN()`的区别在于，传统方法先调用`Number()`将非数值的值转为数值，再进行判断，而这两个新方法只对数值有效，`Number.isFinite()`对于非数值一律返回`false`, `Number.isNaN()`只有对于`NaN`才返回`true`，非`NaN`一律返回`false`。\n\n#### 2）Number.isInteger()\n\nNumber.isInteger()用来判断一个数值是否为整数\n```\nNumber.isInteger(5) // true\nNumber.isInteger(5.1) // false\n\n//JavaScript 内部，整数和浮点数采用的是同样的储存方法，所以 5 和 5.0 被视为同一个值\nNumber.isInteger(5) // true\nNumber.isInteger(5.0) // true\n```\n### 5. Math 对象的扩展\n#### 1）Math.trunc() \n`Math.trunc`方法用于去除一个数的小数部分，返回整数部分\n```\nMath.trunc(4.1) // 4\nMath.trunc(4.9) // 4\nMath.trunc(-4.1) // -4\nMath.trunc(-4.9) // -4\nMath.trunc(-0.1234) // -0\n```\n\n\n#### 2）Math.sign() \n\n`Math.sign`方法用来判断一个数到底是正数、负数、还是零。对于非数值，会先将其转换为数值。\n\n它会返回五种值：\n- 参数为正数，返回+1；\n- 参数为负数，返回-1；\n- 参数为 0，返回0；\n- 参数为-0，返回-0;\n- 其他值，返回NaN。\n```\nMath.sign(-5) // -1\nMath.sign(5) // +1\nMath.sign(0) // +0\nMath.sign(-0) // -0\nMath.sign(NaN) // NaN\n```\n### 6.函数的扩展\n#### 1）函数参数的默认值\n\nES6 允许为函数的参数设置默认值，即直接写在参数定义的后面\n```\nfunction log(x, y = \'World\') {\n  console.log(x, y);\n}\n\nlog(\'Hello\') // Hello World\nlog(\'Hello\', \'China\') // Hello China\nlog(\'Hello\', \'\') // Hello\n```\n#### 2）rest 展开运算符\nES6 引入 rest 参数（形式为...变量名），用于获取函数的多余参数，这样就不需要使用arguments对象了。rest 参数搭配的变量是一个数组，该变量将多余的参数放入数组中。\n```\nfunction example(...values){\n    console.log(values)// console: [1,2,3,4]\n}\n\nexample(1,2,3,4) \nvar a = [1,2,3]\nvar b = [...a,4,5,6] //b = [1,2,3,4,5,6]\n```\n#### 3） 箭头函数\n\nES6 提供了新的方式 `=>` 来定义函数\n```\nvar func = parm => parm\n等同于\nvar func = function (parm){\n    return parm\n}\n```\n\n如果函数没有参数或有多个参数，那么：\n```\nvar func = () => //some code\n等同于\nvar func = function (){\n	some code\n}\n\nvar func = (parm1,parm2) => //some code\n等同于\nvar func = function (parm1,parm2){\n	some code\n}\n```\n\n如果箭头函数的函数体只包含一行代码，则可以不需要写大括号以及 return 语句返回（如果有返回值）\n```\nvar sum = (num1,num2) => num1+num2\n等同于\nvar sum = (num1,num2) => {return num1+num2}\n等同于\nvar sum = function(num1,num2){return num1+num2}\n```\n\n箭头函数使得表达更加简洁\n```\n[1,2,3].map( item=> 2 * item)\n等同于\n[1,2,3].map(function(item){\n    return item * 2\n})\n\n[1,3,2].sort((a,b) => a - b)\n```\n### 7.数组的扩展\n\n#### 1）扩展运算符\n\n扩展运算符（spread）是三个点（...）。它好比 rest 参数的逆运算，将一个数组转为用逗号分隔的参数序列。\n```\nconsole.log(...[1, 2, 3])\n// 1 2 3\n\nconsole.log(1, ...[2, 3, 4], 5)\n// 1 2 3 4 5\n```\n#### 2）扩展运算符的应用\n\n- **复制数组**\n\n数组是复合的数据类型，直接复制的话，只是复制了指向底层数据结构的指针，而不是克隆一个全新的数组。\n```\nconst a = [1, 2];\nconst b = a;\n\nb[0] = 2;\na // [2, 2]\n```\n上面代码中，a2并不是a1的克隆，而是指向同一份数据的另一个指针。修改a2，会直接导致a1的变化。\n\nES5 只能用变通方法来复制数组\n```\nconst a = [1, 2];\nconst b = a.concat();\n\nb[0] = 2;\na // [1, 2]\n```\n\n扩展运算符提供了复制数组的简便写法\n```\nconst a1 = [1, 2];\n// 写法一\nconst a2 = [...a1];\n// 写法二\nconst [...a2] = a1;\n```\n- **合并数组**\n\n扩展运算符提供了数组合并的新写法\n```\nconst arr1 = [\'a\', \'b\'];\nconst arr2 = [\'c\'];\nconst arr3 = [\'d\', \'e\'];\n\n// ES5 的合并数组\narr1.concat(arr2, arr3);\n// [ \'a\', \'b\', \'c\', \'d\', \'e\' ]\n\n// ES6 的合并数组\n[...arr1, ...arr2, ...arr3]\n// [ \'a\', \'b\', \'c\', \'d\', \'e\' ]\n```\n- **字符串**\n\n扩展运算符还可以将字符串转为真正的数组\n```\n[...\'hello\']\n// [ \"h\", \"e\", \"l\", \"l\", \"o\" ]\n```\n#### 3） Array.from() \n\nArray.from方法用于将两类对象转为真正的数组：类似数组的对象（array-like object）和可遍历（iterable）的对象（包括 ES6 新增的数据结构 Set 和 Map）。\n```\nlet arrayLike = {\n    \'0\': \'a\',\n    \'1\': \'b\',\n    \'2\': \'c\',\n    length: 3\n};\n\n// ES5的写法\nvar arr1 = [].slice.call(arrayLike); // [\'a\', \'b\', \'c\']\n\n// ES6的写法\nlet arr2 = Array.from(arrayLike); // [\'a\', \'b\', \'c\']\n\nArray.from(\'hello\')\n// [\'h\', \'e\', \'l\', \'l\', \'o\']\n\nlet namesSet = new Set([\'a\', \'b\'])\nArray.from(namesSet) // [\'a\', \'b\']\n```\n#### 4）Array.of() \n\nArray.of方法用于将一组值，转换为数组\n```\nArray.of(3, 11, 8) // [3,11,8]\nArray.of(3) // [3]\nArray.of(3).length // 1\n```\n#### 5）数组实例的 find() 和 findIndex()\n\n数组实例的`find`方法，用于找出第一个符合条件的数组成员。它的参数是一个回调函数，所有数组成员依次执行该回调函数，直到找出第一个返回值为`true`的成员，然后返回该成员。如果没有符合条件的成员，则返回`undefined`。\n```\n[1, 4, -5, 10].find((n) => n < 0)\n// -5\n\n//find方法的回调函数可以接受三个参数，依次为当前的值、当前的位置和原数组\n[1, 5, 10, 15].find(function(value, index, arr) {\n  return value > 9;\n}) // 10\n```\n\n数组实例的`findIndex`方法的用法与`find`方法非常类似，返回第一个符合条件的数组成员的位置，如果所有成员都不符合条件，则返回`-1`\n```\n[1, 5, 10, 15].findIndex(function(value, index, arr) {\n  return value > 9;\n}) // 2\n```\n#### 6）数组实例的 includes()\n\nArray.prototype.includes方法返回一个布尔值，表示某个数组是否包含给定的值，与字符串的includes方法类似。ES2016 引入了该方法。\n```\n[1, 2, 3].includes(2)     // true\n[1, 2, 3].includes(4)     // false\n[1, 2, NaN].includes(NaN) // true\n```\n该方法的第二个参数表示搜索的起始位置，默认为0\n```\n[1, 2, 3].includes(3, 3);  // false\n[1, 2, 3].includes(3, -1); // true\n```\n## 推荐资料\n- [ECMAScript 6 入门](http://es6.ruanyifeng.com/#docs/destructuring)\n\n# 学习目标\n\n1. 了解ES6是什么\n2. 掌握学习内容中的ES6的新特性\n3. 根据推荐资料中的内容自学ES的其它特性（数组的拓展，Module）\n\n# 学习内容\n\n## 一、ECMAScript 6 简介\n\nECMAScript(ES6) 是JavaScript语言的下一代标准，已经在2015年6月正式发布了；在 JavaScript 的基础上做了重大的更新，提供了更优雅的语法和特性。\n\n#### ECMAScript 和 JavaScript 的关系\n\nECMAScript 和 JavaScript 的关系是，前者是后者',206,'2017-03-02 00:00:00',NULL,NULL,1,''),
	(212,116,108,0,'任务卡1','### 任务卡1\n\n这是一个任务卡描述',205,'2019-02-21 00:00:00',NULL,NULL,1,'必修'),
	(213,115,108,0,'组织2 任务卡2','# 学习目标\n\n1. 了解ES6是什么\n2. 掌握学习内容中的ES6的新特性\n3. 根据推荐资料中的内容自学ES的其它特性（数组的拓展，Module）\n\n# 学习内容\n\n## 一、ECMAScript 6 简介\n\nECMAScript(ES6) 是JavaScript语言的下一代标准，已经在2015年6月正式发布了；在 JavaScript 的基础上做了重大的更新，提供了更优雅的语法和特性。\n\n#### ECMAScript 和 JavaScript 的关系\n\nECMAScript 和 JavaScript 的关系是，前者是后者的规格，后者是前者的一种实现（另外的ECMAScript 方言还有 Jscript 和 ActionScript ）。日常场合，这两个词是可以互换的。那为什么不叫 JavaScript 为换名字了呢？原因如下：\n\n1. 商标，1996年11月，JavaScript的创造者Netscape公司，决定将JavaScript提交给国际标准化组织ECMA，希望这种语言能够成为国际标准。根据授权协议，只有Netscape公司(Javascript 的创造者)可以合法地使用JavaScript这个名字，且 JavaScript 本身也已经被 Netscape 公司注册为商标\n2. 想体现这门语言的制定者是 ECMA，不是 Netscape，这样有利于保证这门语言的开放性和中立性。\n\n## 二、ES6 新特性\n###  1. let 和 const\n\nES6提供了两种新的声明变量的方式：let 和 const。\n#### 1）作用域\n\n let 和 const 相比于 var 声明的变量有块作用域，let 和 const 只在于当前的块作用域中有效。而 var 声明的变量是在函数作用域内有效。\n```\n{\n  let a = 1;  // a 只能在当前块中被访问\n  var b = 1;\n}\na // ReferenceError: a is not defined.\nb // 1\n```\nconst 和 let 的区别则在于， const 声明变量的同时必须立即给一个初始值，且无法在对该值进行修改。如果该初始值是一个对象，那么该对象的值是可以被修改的。\n\n#### 2）变量提升\n\n 变量如果在var 前使用，就会出现「变量提升」现象，值为undefined。let 声明的变量一定要在声明后使用，否则报错。\n```\n// var 的情况\nconsole.log(a); // 输出undefined\nvar a = 1;\n\n// let 的情况\nconsole.log(b); // 报错ReferenceError\nlet b = 1;\n```\n上述代码，`a`变量用`var`声明，会进行变量提升，脚本刚开始执行就已经存在变量`a`,但是变量`a`没有值，所以输出`undefined`；`b`变量用`let`声明，不会发生变量提升，在声明它之前，变量b是不存在的，这时如果用到它，就会抛出一个错误。\n#### 3）const 本质\n\nconst实际上保证的，并不是变量的值不得改动，而是变量指向的那个内存地址所保存的数据不得改动。\n```\nconst user = {};\n\n// 为 user 添加一个属性，可以成功\nuser.age = 23;\nuser.age // 23\n\n// 将 user 指向另一个对象，就会报错\nuser = {}; // TypeError: \"user\" is read-only\n```\n上面代码中，常量user储存的是一个地址，这个地址指向一个对象。不可变的只是这个地址，即不能把user指向另一个地址，但对象本身是可变的，所以依然可以为其添加新属性。\n\n### 2. 变量的解构赋值\n\nES6 允许按照一定模式，从数组和对象中提取值，对变量进行赋值，这被称为解构。\n```\n//以前变量赋值只能直接指定\nlet a = 1;\nlet b = 2;\nlet c = 3;\n//ES6 允许写成下面这样\nlet [a, b, c] = [1, 2, 3];\n```\n\n#### 1）数组的解构\n```\nvar [a,b,c] = [1,2,3] // 结果 a=1 b=2 c=3\nvar [a,[b,c]] = [1,[2,3]] // 结果 a=1 b=2 c=3\n\n//解构不成功\nvar [a] = [];  // a = undefined   \nvar [a, b] = [1]; //a=1 b=undefined\n\n//不完全解构\nvar [a] = [1,2]; //a=1\n\n//默认值\nvar [a=1] = [] //a=1\n```\n**如果等号的右边不是数组（或者严格地说，不是可遍历的结构），那么将会报错**\n```javascript\nlet [a] = 1;\nlet [a] = false;\nlet [a] = NaN;\nlet [a] = undefined;\nlet [a] = null;\nlet [a] = {};\n```\n#### 2）对象的解构\n```\nvar { b, a } = { a: \"aaa\", b: \"bbb\" };\na // \"aaa\"\nb // \"bbb\"\n\nvar { c } = { a: \"aaa\", b: \"bbb\" };\nc // undefined\n\n//变量名与属性名不一致，必须写成下面这样\nlet { a: hello } = { a: \'aaa\', hello: \'bbb\' };\nhello // \"aaa\"\n\n//对象的解构赋值的内部机制，是先找到同名属性，然后再赋给对应的变量\nlet { a: hello } = { a: \"aaa\", hello: \"bbb\" };\nhello // \"aaa\"\na // error: foo is not defined\n\n//对象的解构也可以指定默认值\nvar {x = 3} = {};\nx // 3\nvar {x, y = 5} = {x: 1};\nx // 1\ny // 5\n```\n#### 3）字符串的解构赋值\n\n字符串也可以解构赋值。这是因为此时，字符串被转换成了一个类似数组的对象。\n```\nconst [a, b, c, d, e] = \'hello\';\na // \"h\"\nb // \"e\"\nc // \"l\"\nd // \"l\"\ne // \"o\"\n\n//类似数组的对象都有一个length属性，因此还可以对这个属性解构赋值\nlet {length : len} = \'hello\';\nlen // 5\n```\n### 3.字符串拓展\n#### 1）模版字符串\n\n模板字符串（template string）是增强版的字符串，用反引号（`）标识。它可以当作普通字符串使用，也可以用来定义多行字符串（类似 pre 标签的作用），或者在字符串中嵌入变量。\n```\n// 普通字符串 想要换行需要加上 \'\\n\'\n`In JavaScript \'\\n\' is a line-feed.`\n\n// 多行字符串\n`In JavaScript this is\n not legal.`\n\n// 字符串中嵌入变量\nvar name = \"ac\", time = \"today\";\n`Hello ${name}, how are you ${time}?` // Hello ac, how are you today? \n```\n#### 2）字符串的遍历器接口\n\nES6 为字符串添加了遍历器接口，使得字符串可以被for...of循环遍历\n```\nfor (let codePoint of \'hello\') {\n  console.log(codePoint)\n}\n// \"h\"\n// \"e\"\n// \"l\"\n// \"l\"\n// \"o\"\n```\n#### 3）includes(), startsWith(), endsWith() \n\n在这之前，JavaScript 只有indexOf方法，可以用来确定一个字符串是否包含在另一个字符串中。\n\n**ES6 又提供了三种新方法：**\n- includes()：返回布尔值，表示是否找到了参数字符串。\n- startsWith()：返回布尔值，表示参数字符串是否在原字符串的头部。\n- endsWith()：返回布尔值，表示参数字符串是否在原字符串的尾部。\n```\nlet s = \'Hello world!\';\ns.startsWith(\'Hello\') // true\ns.endsWith(\'!\') // true\ns.includes(\'o\') // true\n这三个方法都支持第二个参数，表示开始搜索的位置。\n\nlet s = \'Hello world!\';\ns.startsWith(\'world\', 6) // true\ns.endsWith(\'Hello\', 5) // true\ns.includes(\'Hello\', 6) // false\n```\n上面代码表示，使用第二个参数n时，endsWith的行为与其他两个方法有所不同。它针对前n个字符，而其他两个方法针对从第n个位置直到字符串结束。\n#### 4）repeat()\n\n`repeat`方法返回一个新字符串，表示将原字符串重复n次。\n```\n\'x\'.repeat(3) // \"xxx\"\n\'hello\'.repeat(2) // \"hellohello\"\n\'na\'.repeat(0) // \"\"\n\n//参数如果是小数，会被取整\n\'na\'.repeat(2.9) // \"nana\"\n\n//如果repeat的参数是负数或者Infinity，会报错。\n\'na\'.repeat(Infinity)\n// RangeError\n\'na\'.repeat(-1)\n// RangeError\n\n//参数是 0 到-1 之间的小数，则等同于 0\n\'na\'.repeat(-0.9) // \"\"\n\n//参数NaN等同于 0。\n\'na\'.repeat(NaN) // \"\"\n\n//如果repeat的参数是字符串，则会先转换成数字。\n\'na\'.repeat(\'na\') // \"\"\n\'na\'.repeat(\'3\') // \"nanana\"\n```\n#### 5）padStart()，padEnd()\n\nES2017 引入了字符串补全长度的功能。如果某个字符串不够指定长度，会在头部或尾部补全。padStart()用于头部补全，padEnd()用于尾部补全。\n```\n\'x\'.padStart(5, \'ab\') // \'ababx\'\n\'x\'.padStart(4, \'ab\') // \'abax\'\n\n\'x\'.padEnd(5, \'ab\') // \'xabab\'\n\'x\'.padEnd(4, \'ab\') // \'xaba\'\n\n//如果原字符串的长度，等于或大于最大长度，则字符串补全不生效，返回原字符串\n\'xxx\'.padStart(2, \'ab\') // \'xxx\'\n\'xxx\'.padEnd(2, \'ab\') // \'xxx\'\n\n//如果省略第二个参数，默认使用空格补全长度\n\'x\'.padStart(4) // \'   x\'\n\'x\'.padEnd(4) // \'x   \'\n```\n### 4.数值的扩展\n#### 1）Number.isFinite(), Number.isNaN()\nES6 在Number对象上，新提供了Number.isFinite()和Number.isNaN()两个方法。\n\nNumber.isFinite()用来检查一个数值是否为有限的（finite），即不是Infinity。\n```\nNumber.isFinite(15); // true\nNumber.isFinite(0.8); // true\nNumber.isFinite(NaN); // false\nNumber.isFinite(Infinity); // false\nNumber.isFinite(-Infinity); // false\nNumber.isFinite(\'foo\'); // false\nNumber.isFinite(\'15\'); // false\nNumber.isFinite(true); // false\n```\nNumber.isNaN()用来检查一个值是否为NaN\n```\nNumber.isNaN(NaN) // true\nNumber.isNaN(15) // false\nNumber.isNaN(\'15\') // false\nNumber.isNaN(true) // false\nNumber.isNaN(9/NaN) // true\nNumber.isNaN(\'true\' / 0) // true\nNumber.isNaN(\'true\' / \'true\') // true\n```\n它们与传统的全局方法`isFinite()`和`isNaN()`的区别在于，传统方法先调用`Number()`将非数值的值转为数值，再进行判断，而这两个新方法只对数值有效，`Number.isFinite()`对于非数值一律返回`false`, `Number.isNaN()`只有对于`NaN`才返回`true`，非`NaN`一律返回`false`。\n\n#### 2）Number.isInteger()\n\nNumber.isInteger()用来判断一个数值是否为整数\n```\nNumber.isInteger(5) // true\nNumber.isInteger(5.1) // false\n\n//JavaScript 内部，整数和浮点数采用的是同样的储存方法，所以 5 和 5.0 被视为同一个值\nNumber.isInteger(5) // true\nNumber.isInteger(5.0) // true\n```\n### 5. Math 对象的扩展\n#### 1）Math.trunc() \n`Math.trunc`方法用于去除一个数的小数部分，返回整数部分\n```\nMath.trunc(4.1) // 4\nMath.trunc(4.9) // 4\nMath.trunc(-4.1) // -4\nMath.trunc(-4.9) // -4\nMath.trunc(-0.1234) // -0\n```\n\n\n#### 2）Math.sign() \n\n`Math.sign`方法用来判断一个数到底是正数、负数、还是零。对于非数值，会先将其转换为数值。\n\n它会返回五种值：\n- 参数为正数，返回+1；\n- 参数为负数，返回-1；\n- 参数为 0，返回0；\n- 参数为-0，返回-0;\n- 其他值，返回NaN。\n```\nMath.sign(-5) // -1\nMath.sign(5) // +1\nMath.sign(0) // +0\nMath.sign(-0) // -0\nMath.sign(NaN) // NaN\n```\n### 6.函数的扩展\n#### 1）函数参数的默认值\n\nES6 允许为函数的参数设置默认值，即直接写在参数定义的后面\n```\nfunction log(x, y = \'World\') {\n  console.log(x, y);\n}\n\nlog(\'Hello\') // Hello World\nlog(\'Hello\', \'China\') // Hello China\nlog(\'Hello\', \'\') // Hello\n```\n#### 2）rest 展开运算符\nES6 引入 rest 参数（形式为...变量名），用于获取函数的多余参数，这样就不需要使用arguments对象了。rest 参数搭配的变量是一个数组，该变量将多余的参数放入数组中。\n```\nfunction example(...values){\n    console.log(values)// console: [1,2,3,4]\n}\n\nexample(1,2,3,4) \nvar a = [1,2,3]\nvar b = [...a,4,5,6] //b = [1,2,3,4,5,6]\n```\n#### 3） 箭头函数\n\nES6 提供了新的方式 `=>` 来定义函数\n```\nvar func = parm => parm\n等同于\nvar func = function (parm){\n    return parm\n}\n```\n\n如果函数没有参数或有多个参数，那么：\n```\nvar func = () => //some code\n等同于\nvar func = function (){\n	some code\n}\n\nvar func = (parm1,parm2) => //some code\n等同于\nvar func = function (parm1,parm2){\n	some code\n}\n```\n\n如果箭头函数的函数体只包含一行代码，则可以不需要写大括号以及 return 语句返回（如果有返回值）\n```\nvar sum = (num1,num2) => num1+num2\n等同于\nvar sum = (num1,num2) => {return num1+num2}\n等同于\nvar sum = function(num1,num2){return num1+num2}\n```\n\n箭头函数使得表达更加简洁\n```\n[1,2,3].map( item=> 2 * item)\n等同于\n[1,2,3].map(function(item){\n    return item * 2\n})\n\n[1,3,2].sort((a,b) => a - b)\n```\n### 7.数组的扩展\n\n#### 1）扩展运算符\n\n扩展运算符（spread）是三个点（...）。它好比 rest 参数的逆运算，将一个数组转为用逗号分隔的参数序列。\n```\nconsole.log(...[1, 2, 3])\n// 1 2 3\n\nconsole.log(1, ...[2, 3, 4], 5)\n// 1 2 3 4 5\n```\n#### 2）扩展运算符的应用\n\n- **复制数组**\n\n数组是复合的数据类型，直接复制的话，只是复制了指向底层数据结构的指针，而不是克隆一个全新的数组。\n```\nconst a = [1, 2];\nconst b = a;\n\nb[0] = 2;\na // [2, 2]\n```\n上面代码中，a2并不是a1的克隆，而是指向同一份数据的另一个指针。修改a2，会直接导致a1的变化。\n\nES5 只能用变通方法来复制数组\n```\nconst a = [1, 2];\nconst b = a.concat();\n\nb[0] = 2;\na // [1, 2]\n```\n\n扩展运算符提供了复制数组的简便写法\n```\nconst a1 = [1, 2];\n// 写法一\nconst a2 = [...a1];\n// 写法二\nconst [...a2] = a1;\n```\n- **合并数组**\n\n扩展运算符提供了数组合并的新写法\n```\nconst arr1 = [\'a\', \'b\'];\nconst arr2 = [\'c\'];\nconst arr3 = [\'d\', \'e\'];\n\n// ES5 的合并数组\narr1.concat(arr2, arr3);\n// [ \'a\', \'b\', \'c\', \'d\', \'e\' ]\n\n// ES6 的合并数组\n[...arr1, ...arr2, ...arr3]\n// [ \'a\', \'b\', \'c\', \'d\', \'e\' ]\n```\n- **字符串**\n\n扩展运算符还可以将字符串转为真正的数组\n```\n[...\'hello\']\n// [ \"h\", \"e\", \"l\", \"l\", \"o\" ]\n```\n#### 3） Array.from() \n\nArray.from方法用于将两类对象转为真正的数组：类似数组的对象（array-like object）和可遍历（iterable）的对象（包括 ES6 新增的数据结构 Set 和 Map）。\n```\nlet arrayLike = {\n    \'0\': \'a\',\n    \'1\': \'b\',\n    \'2\': \'c\',\n    length: 3\n};\n\n// ES5的写法\nvar arr1 = [].slice.call(arrayLike); // [\'a\', \'b\', \'c\']\n\n// ES6的写法\nlet arr2 = Array.from(arrayLike); // [\'a\', \'b\', \'c\']\n\nArray.from(\'hello\')\n// [\'h\', \'e\', \'l\', \'l\', \'o\']\n\nlet namesSet = new Set([\'a\', \'b\'])\nArray.from(namesSet) // [\'a\', \'b\']\n```\n#### 4）Array.of() \n\nArray.of方法用于将一组值，转换为数组\n```\nArray.of(3, 11, 8) // [3,11,8]\nArray.of(3) // [3]\nArray.of(3).length // 1\n```\n#### 5）数组实例的 find() 和 findIndex()\n\n数组实例的`find`方法，用于找出第一个符合条件的数组成员。它的参数是一个回调函数，所有数组成员依次执行该回调函数，直到找出第一个返回值为`true`的成员，然后返回该成员。如果没有符合条件的成员，则返回`undefined`。\n```\n[1, 4, -5, 10].find((n) => n < 0)\n// -5\n\n//find方法的回调函数可以接受三个参数，依次为当前的值、当前的位置和原数组\n[1, 5, 10, 15].find(function(value, index, arr) {\n  return value > 9;\n}) // 10\n```\n\n数组实例的`findIndex`方法的用法与`find`方法非常类似，返回第一个符合条件的数组成员的位置，如果所有成员都不符合条件，则返回`-1`\n```\n[1, 5, 10, 15].findIndex(function(value, index, arr) {\n  return value > 9;\n}) // 2\n```\n#### 6）数组实例的 includes()\n\nArray.prototype.includes方法返回一个布尔值，表示某个数组是否包含给定的值，与字符串的includes方法类似。ES2016 引入了该方法。\n```\n[1, 2, 3].includes(2)     // true\n[1, 2, 3].includes(4)     // false\n[1, 2, NaN].includes(NaN) // true\n```\n该方法的第二个参数表示搜索的起始位置，默认为0\n```\n[1, 2, 3].includes(3, 3);  // false\n[1, 2, 3].includes(3, -1); // true\n```\n## 推荐资料\n- [ECMAScript 6 入门](http://es6.ruanyifeng.com/#docs/destructuring)\n\n# 学习目标\n\n1. 了解ES6是什么\n2. 掌握学习内容中的ES6的新特性\n3. 根据推荐资料中的内容自学ES的其它特性（数组的拓展，Module）\n\n# 学习内容\n\n## 一、ECMAScript 6 简介\n\nECMAScript(ES6) 是JavaScript语言的下一代标准，已经在2015年6月正式发布了；在 JavaScript 的基础上做了重大的更新，提供了更优雅的语法和特性。\n\n#### ECMAScript 和 JavaScript 的关系\n\nECMAScript 和 JavaScript 的关系是，前者是后者111# 学习目标\n\n1. 了解ES6是什么\n2. 掌握学习内容中的ES6的新特性\n3. 根据推荐资料中的内容自学ES的其它特性（数组的拓展，Module）\n\n# 学习内容\n\n## 一、ECMAScript 6 简介\n\nECMAScript(ES6) 是JavaScript语言的下一代标准，已经在2015年6月正式发布了；在 JavaScript 的基础上做了重大的更新，提供了更优雅的语法和特性。\n\n#### ECMAScript 和 JavaScript 的关系\n\nECMAScript 和 JavaScript 的关系是，前者是后者的规格，后者是前者的一种实现（另外的ECMAScript 方言还有 Jscript 和 ActionScript ）。日常场合，这两个词是可以互换的。那为什么不叫 JavaScript 为换名字了呢？原因如下：\n\n1. 商标，1996年11月，JavaScript的创造者Netscape公司，决定将JavaScript提交给国际标准化组织ECMA，希望这种语言能够成为国际标准。根据授权协议，只有Netscape公司(Javascript 的创造者)可以合法地使用JavaScript这个名字，且 JavaScript 本身也已经被 Netscape 公司注册为商标\n2. 想体现这门语言的制定者是 ECMA，不是 Netscape，这样有利于保证这门语言的开放性和中立性。\n\n## 二、ES6 新特性\n###  1. let 和 const\n\nES6提供了两种新的声明变量的方式：let 和 const。\n#### 1）作用域\n\n let 和 const 相比于 var 声明的变量有块作用域，let 和 const 只在于当前的块作用域中有效。而 var 声明的变量是在函数作用域内有效。\n```\n{\n  let a = 1;  // a 只能在当前块中被访问\n  var b = 1;\n}\na // ReferenceError: a is not defined.\nb // 1\n```\nconst 和 let 的区别则在于， const 声明变量的同时必须立即给一个初始值，且无法在对该值进行修改。如果该初始值是一个对象，那么该对象的值是可以被修改的。\n\n#### 2）变量提升\n\n 变量如果在var 前使用，就会出现「变量提升」现象，值为undefined。let 声明的变量一定要在声明后使用，否则报错。\n```\n// var 的情况\nconsole.log(a); // 输出undefined\nvar a = 1;\n\n// let 的情况\nconsole.log(b); // 报错ReferenceError\nlet b = 1;\n```\n上述代码，`a`变量用`var`声明，会进行变量提升，脚本刚开始执行就已经存在变量`a`,但是变量`a`没有值，所以输出`undefined`；`b`变量用`let`声明，不会发生变量提升，在声明它之前，变量b是不存在的，这时如果用到它，就会抛出一个错误。\n#### 3）const 本质\n\nconst实际上保证的，并不是变量的值不得改动，而是变量指向的那个内存地址所保存的数据不得改动。\n```\nconst user = {};\n\n// 为 user 添加一个属性，可以成功\nuser.age = 23;\nuser.age // 23\n\n// 将 user 指向另一个对象，就会报错\nuser = {}; // TypeError: \"user\" is read-only\n```\n上面代码中，常量user储存的是一个地址，这个地址指向一个对象。不可变的只是这个地址，即不能把user指向另一个地址，但对象本身是可变的，所以依然可以为其添加新属性。\n\n### 2. 变量的解构赋值\n\nES6 允许按照一定模式，从数组和对象中提取值，对变量进行赋值，这被称为解构。\n```\n//以前变量赋值只能直接指定\nlet a = 1;\nlet b = 2;\nlet c = 3;\n//ES6 允许写成下面这样\nlet [a, b, c] = [1, 2, 3];\n```\n\n#### 1）数组的解构\n```\nvar [a,b,c] = [1,2,3] // 结果 a=1 b=2 c=3\nvar [a,[b,c]] = [1,[2,3]] // 结果 a=1 b=2 c=3\n\n//解构不成功\nvar [a] = [];  // a = undefined   \nvar [a, b] = [1]; //a=1 b=undefined\n\n//不完全解构\nvar [a] = [1,2]; //a=1\n\n//默认值\nvar [a=1] = [] //a=1\n```\n**如果等号的右边不是数组（或者严格地说，不是可遍历的结构），那么将会报错**\n```javascript\nlet [a] = 1;\nlet [a] = false;\nlet [a] = NaN;\nlet [a] = undefined;\nlet [a] = null;\nlet [a] = {};\n```\n#### 2）对象的解构\n```\nvar { b, a } = { a: \"aaa\", b: \"bbb\" };\na // \"aaa\"\nb // \"bbb\"\n\nvar { c } = { a: \"aaa\", b: \"bbb\" };\nc // undefined\n\n//变量名与属性名不一致，必须写成下面这样\nlet { a: hello } = { a: \'aaa\', hello: \'bbb\' };\nhello // \"aaa\"\n\n//对象的解构赋值的内部机制，是先找到同名属性，然后再赋给对应的变量\nlet { a: hello } = { a: \"aaa\", hello: \"bbb\" };\nhello // \"aaa\"\na // error: foo is not defined\n\n//对象的解构也可以指定默认值\nvar {x = 3} = {};\nx // 3\nvar {x, y = 5} = {x: 1};\nx // 1\ny // 5\n```\n#### 3）字符串的解构赋值\n\n字符串也可以解构赋值。这是因为此时，字符串被转换成了一个类似数组的对象。\n```\nconst [a, b, c, d, e] = \'hello\';\na // \"h\"\nb // \"e\"\nc // \"l\"\nd // \"l\"\ne // \"o\"\n\n//类似数组的对象都有一个length属性，因此还可以对这个属性解构赋值\nlet {length : len} = \'hello\';\nlen // 5\n```\n### 3.字符串拓展\n#### 1）模版字符串\n\n模板字符串（template string）是增强版的字符串，用反引号（`）标识。它可以当作普通字符串使用，也可以用来定义多行字符串（类似 pre 标签的作用），或者在字符串中嵌入变量。\n```\n// 普通字符串 想要换行需要加上 \'\\n\'\n`In JavaScript \'\\n\' is a line-feed.`\n\n// 多行字符串\n`In JavaScript this is\n not legal.`\n\n// 字符串中嵌入变量\nvar name = \"ac\", time = \"today\";\n`Hello ${name}, how are you ${time}?` // Hello ac, how are you today? \n```\n#### 2）字符串的遍历器接口\n\nES6 为字符串添加了遍历器接口，使得字符串可以被for...of循环遍历\n```\nfor (let codePoint of \'hello\') {\n  console.log(codePoint)\n}\n// \"h\"\n// \"e\"\n// \"l\"\n// \"l\"\n// \"o\"\n```\n#### 3）includes(), startsWith(), endsWith() \n\n在这之前，JavaScript 只有indexOf方法，可以用来确定一个字符串是否包含在另一个字符串中。\n\n**ES6 又提供了三种新方法：**\n- includes()：返回布尔值，表示是否找到了参数字符串。\n- startsWith()：返回布尔值，表示参数字符串是否在原字符串的头部。\n- endsWith()：返回布尔值，表示参数字符串是否在原字符串的尾部。\n```\nlet s = \'Hello world!\';\ns.startsWith(\'Hello\') // true\ns.endsWith(\'!\') // true\ns.includes(\'o\') // true\n这三个方法都支持第二个参数，表示开始搜索的位置。\n\nlet s = \'Hello world!\';\ns.startsWith(\'world\', 6) // true\ns.endsWith(\'Hello\', 5) // true\ns.includes(\'Hello\', 6) // false\n```\n上面代码表示，使用第二个参数n时，endsWith的行为与其他两个方法有所不同。它针对前n个字符，而其他两个方法针对从第n个位置直到字符串结束。\n#### 4）repeat()\n\n`repeat`方法返回一个新字符串，表示将原字符串重复n次。\n```\n\'x\'.repeat(3) // \"xxx\"\n\'hello\'.repeat(2) // \"hellohello\"\n\'na\'.repeat(0) // \"\"\n\n//参数如果是小数，会被取整\n\'na\'.repeat(2.9) // \"nana\"\n\n//如果repeat的参数是负数或者Infinity，会报错。\n\'na\'.repeat(Infinity)\n// RangeError\n\'na\'.repeat(-1)\n// RangeError\n\n//参数是 0 到-1 之间的小数，则等同于 0\n\'na\'.repeat(-0.9) // \"\"\n\n//参数NaN等同于 0。\n\'na\'.repeat(NaN) // \"\"\n\n//如果repeat的参数是字符串，则会先转换成数字。\n\'na\'.repeat(\'na\') // \"\"\n\'na\'.repeat(\'3\') // \"nanana\"\n```\n#### 5）padStart()，padEnd()\n\nES2017 引入了字符串补全长度的功能。如果某个字符串不够指定长度，会在头部或尾部补全。padStart()用于头部补全，padEnd()用于尾部补全。\n```\n\'x\'.padStart(5, \'ab\') // \'ababx\'\n\'x\'.padStart(4, \'ab\') // \'abax\'\n\n\'x\'.padEnd(5, \'ab\') // \'xabab\'\n\'x\'.padEnd(4, \'ab\') // \'xaba\'\n\n//如果原字符串的长度，等于或大于最大长度，则字符串补全不生效，返回原字符串\n\'xxx\'.padStart(2, \'ab\') // \'xxx\'\n\'xxx\'.padEnd(2, \'ab\') // \'xxx\'\n\n//如果省略第二个参数，默认使用空格补全长度\n\'x\'.padStart(4) // \'   x\'\n\'x\'.padEnd(4) // \'x   \'\n```\n### 4.数值的扩展\n#### 1）Number.isFinite(), Number.isNaN()\nES6 在Number对象上，新提供了Number.isFinite()和Number.isNaN()两个方法。\n\nNumber.isFinite()用来检查一个数值是否为有限的（finite），即不是Infinity。\n```\nNumber.isFinite(15); // true\nNumber.isFinite(0.8); // true\nNumber.isFinite(NaN); // false\nNumber.isFinite(Infinity); // false\nNumber.isFinite(-Infinity); // false\nNumber.isFinite(\'foo\'); // false\nNumber.isFinite(\'15\'); // false\nNumber.isFinite(true); // false\n```\nNumber.isNaN()用来检查一个值是否为NaN\n```\nNumber.isNaN(NaN) // true\nNumber.isNaN(15) // false\nNumber.isNaN(\'15\') // false\nNumber.isNaN(true) // false\nNumber.isNaN(9/NaN) // true\nNumber.isNaN(\'true\' / 0) // true\nNumber.isNaN(\'true\' / \'true\') // true\n```\n它们与传统的全局方法`isFinite()`和`isNaN()`的区别在于，传统方法先调用`Number()`将非数值的值转为数值，再进行判断，而这两个新方法只对数值有效，`Number.isFinite()`对于非数值一律返回`false`, `Number.isNaN()`只有对于`NaN`才返回`true`，非`NaN`一律返回`false`。\n\n#### 2）Number.isInteger()\n\nNumber.isInteger()用来判断一个数值是否为整数\n```\nNumber.isInteger(5) // true\nNumber.isInteger(5.1) // false\n\n//JavaScript 内部，整数和浮点数采用的是同样的储存方法，所以 5 和 5.0 被视为同一个值\nNumber.isInteger(5) // true\nNumber.isInteger(5.0) // true\n```\n### 5. Math 对象的扩展\n#### 1）Math.trunc() \n`Math.trunc`方法用于去除一个数的小数部分，返回整数部分\n```\nMath.trunc(4.1) // 4\nMath.trunc(4.9) // 4\nMath.trunc(-4.1) // -4\nMath.trunc(-4.9) // -4\nMath.trunc(-0.1234) // -0\n```\n\n\n#### 2）Math.sign() \n\n`Math.sign`方法用来判断一个数到底是正数、负数、还是零。对于非数值，会先将其转换为数值。\n\n它会返回五种值：\n- 参数为正数，返回+1；\n- 参数为负数，返回-1；\n- 参数为 0，返回0；\n- 参数为-0，返回-0;\n- 其他值，返回NaN。\n```\nMath.sign(-5) // -1\nMath.sign(5) // +1\nMath.sign(0) // +0\nMath.sign(-0) // -0\nMath.sign(NaN) // NaN\n```\n### 6.函数的扩展\n#### 1）函数参数的默认值\n\nES6 允许为函数的参数设置默认值，即直接写在参数定义的后面\n```\nfunction log(x, y = \'World\') {\n  console.log(x, y);\n}\n\nlog(\'Hello\') // Hello World\nlog(\'Hello\', \'China\') // Hello China\nlog(\'Hello\', \'\') // Hello\n```\n#### 2）rest 展开运算符\nES6 引入 rest 参数（形式为...变量名），用于获取函数的多余参数，这样就不需要使用arguments对象了。rest 参数搭配的变量是一个数组，该变量将多余的参数放入数组中。\n```\nfunction example(...values){\n    console.log(values)// console: [1,2,3,4]\n}\n\nexample(1,2,3,4) \nvar a = [1,2,3]\nvar b = [...a,4,5,6] //b = [1,2,3,4,5,6]\n```\n#### 3） 箭头函数\n\nES6 提供了新的方式 `=>` 来定义函数\n```\nvar func = parm => parm\n等同于\nvar func = function (parm){\n    return parm\n}\n```\n\n如果函数没有参数或有多个参数，那么：\n```\nvar func = () => //some code\n等同于\nvar func = function (){\n	some code\n}\n\nvar func = (parm1,parm2) => //some code\n等同于\nvar func = function (parm1,parm2){\n	some code\n}\n```\n\n如果箭头函数的函数体只包含一行代码，则可以不需要写大括号以及 return 语句返回（如果有返回值）\n```\nvar sum = (num1,num2) => num1+num2\n等同于\nvar sum = (num1,num2) => {return num1+num2}\n等同于\nvar sum = function(num1,num2){return num1+num2}\n```\n\n箭头函数使得表达更加简洁\n```\n[1,2,3].map( item=> 2 * item)\n等同于\n[1,2,3].map(function(item){\n    return item * 2\n})\n\n[1,3,2].sort((a,b) => a - b)\n```\n### 7.数组的扩展\n\n#### 1）扩展运算符\n\n扩展运算符（spread）是三个点（...）。它好比 rest 参数的逆运算，将一个数组转为用逗号分隔的参数序列。\n```\nconsole.log(...[1, 2, 3])\n// 1 2 3\n\nconsole.log(1, ...[2, 3, 4], 5)\n// 1 2 3 4 5\n```\n#### 2）扩展运算符的应用\n\n- **复制数组**\n\n数组是复合的数据类型，直接复制的话，只是复制了指向底层数据结构的指针，而不是克隆一个全新的数组。\n```\nconst a = [1, 2];\nconst b = a;\n\nb[0] = 2;\na // [2, 2]\n```\n上面代码中，a2并不是a1的克隆，而是指向同一份数据的另一个指针。修改a2，会直接导致a1的变化。\n\nES5 只能用变通方法来复制数组\n```\nconst a = [1, 2];\nconst b = a.concat();\n\nb[0] = 2;\na // [1, 2]\n```\n\n扩展运算符提供了复制数组的简便写法\n```\nconst a1 = [1, 2];\n// 写法一\nconst a2 = [...a1];\n// 写法二\nconst [...a2] = a1;\n```\n- **合并数组**\n\n扩展运算符提供了数组合并的新写法\n```\nconst arr1 = [\'a\', \'b\'];\nconst arr2 = [\'c\'];\nconst arr3 = [\'d\', \'e\'];\n\n// ES5 的合并数组\narr1.concat(arr2, arr3);\n// [ \'a\', \'b\', \'c\', \'d\', \'e\' ]\n\n// ES6 的合并数组\n[...arr1, ...arr2, ...arr3]\n// [ \'a\', \'b\', \'c\', \'d\', \'e\' ]\n```\n- **字符串**\n\n扩展运算符还可以将字符串转为真正的数组\n```\n[...\'hello\']\n// [ \"h\", \"e\", \"l\", \"l\", \"o\" ]\n```\n#### 3） Array.from() \n\nArray.from方法用于将两类对象转为真正的数组：类似数组的对象（array-like object）和可遍历（iterable）的对象（包括 ES6 新增的数据结构 Set 和 Map）。\n```\nlet arrayLike = {\n    \'0\': \'a\',\n    \'1\': \'b\',\n    \'2\': \'c\',\n    length: 3\n};\n\n// ES5的写法\nvar arr1 = [].slice.call(arrayLike); // [\'a\', \'b\', \'c\']\n\n// ES6的写法\nlet arr2 = Array.from(arrayLike); // [\'a\', \'b\', \'c\']\n\nArray.from(\'hello\')\n// [\'h\', \'e\', \'l\', \'l\', \'o\']\n\nlet namesSet = new Set([\'a\', \'b\'])\nArray.from(namesSet) // [\'a\', \'b\']\n```\n#### 4）Array.of() \n\nArray.of方法用于将一组值，转换为数组\n```\nArray.of(3, 11, 8) // [3,11,8]\nArray.of(3) // [3]\nArray.of(3).length // 1\n```\n#### 5）数组实例的 find() 和 findIndex()\n\n数组实例的`find`方法，用于找出第一个符合条件的数组成员。它的参数是一个回调函数，所有数组成员依次执行该回调函数，直到找出第一个返回值为`true`的成员，然后返回该成员。如果没有符合条件的成员，则返回`undefined`。\n```\n[1, 4, -5, 10].find((n) => n < 0)\n// -5\n\n//find方法的回调函数可以接受三个参数，依次为当前的值、当前的位置和原数组\n[1, 5, 10, 15].find(function(value, index, arr) {\n  return value > 9;\n}) // 10\n```\n\n数组实例的`findIndex`方法的用法与`find`方法非常类似，返回第一个符合条件的数组成员的位置，如果所有成员都不符合条件，则返回`-1`\n```\n[1, 5, 10, 15].findIndex(function(value, index, arr) {\n  return value > 9;\n}) // 2\n```\n#### 6）数组实例的 includes()\n\nArray.prototype.includes方法返回一个布尔值，表示某个数组是否包含给定的值，与字符串的includes方法类似。ES2016 引入了该方法。\n```\n[1, 2, 3].includes(2)     // true\n[1, 2, 3].includes(4)     // false\n[1, 2, NaN].includes(NaN) // true\n```\n该方法的第二个参数表示搜索的起始位置，默认为0\n```\n[1, 2, 3].includes(3, 3);  // false\n[1, 2, 3].includes(3, -1); // true\n```\n## 推荐资料\n- [ECMAScript 6 入门](http://es6.ruanyifeng.com/#docs/destructuring)\n\n# 学习目标\n\n1. 了解ES6是什么\n2. 掌握学习内容中的ES6的新特性\n3. 根据推荐资料中的内容自学ES的其它特性（数组的拓展，Module）\n\n# 学习内容\n\n## 一、ECMAScript 6 简介\n\nECMAScript(ES6) 是JavaScript语言的下一代标准，已经在2015年6月正式发布了；在 JavaScript 的基础上做了重大的更新，提供了更优雅的语法和特性。\n\n#### ECMAScript 和 JavaScript 的关系\n\nECMAScript 和 JavaScript 的关系是，前者是后者',206,'2017-03-02 00:00:00',NULL,NULL,1,''),
	(214,115,108,0,'任务卡1','### 任务卡1\n\n这是一个任务卡描述',205,'2019-02-21 00:00:00',NULL,NULL,1,'必修'),
	(215,117,109,NULL,'任务卡1','### 1\n',215,'2017-03-02 00:00:00',NULL,NULL,1,''),
	(216,117,109,NULL,'任务卡2','### 3\n',216,'2017-03-02 00:00:00',NULL,NULL,1,''),
	(217,119,110,NULL,'dddd',NULL,217,'2017-03-02 00:00:00',NULL,NULL,1,''),
	(219,86,92,NULL,'',NULL,219,'2017-03-02 00:00:00',NULL,NULL,0,''),
	(220,126,111,NULL,'aaa','aaa',220,'2017-03-02 00:00:00',NULL,NULL,1,''),
	(221,127,112,NULL,'任务卡1','# 任务卡描述',1,'2017-03-02 00:00:00',NULL,NULL,1,''),
	(222,127,112,NULL,'任务卡2',NULL,0,'2017-03-02 00:00:00',NULL,NULL,1,''),
	(223,128,113,NULL,'CCC',NULL,223,'2017-03-02 00:00:00',NULL,NULL,1,''),
	(224,129,114,NULL,'AAA',NULL,224,'2017-03-02 00:00:00',NULL,NULL,0,''),
	(225,131,116,0,'1 教学方法','# 1 教学方法',0,'2018-02-28 00:00:00',NULL,'',1,'选修'),
	(226,131,116,0,'2 软件和工具的安装','## 软件和工具的安装',1,'2017-03-02 00:00:00',NULL,'',1,'必修'),
	(228,132,116,0,'如何提问','# 如何提问\n- 提问的方式',0,'2018-02-27 00:00:00',NULL,'',1,'必修'),
	(229,132,116,0,'Markdown 使用','#### 学习目标\n* 能够熟练掌握 Markdown 语法，并能够使用 Markdown 来写博客。\n\n#### 学习内容\n- 各种header, 如`#`, `##`, `###`, 等等，以及`=====`, `------`\n- 文字修饰：`**`, `__`\n- 分隔符 `------`\n\n#### 资源与工具\n\n- markdown 编辑器，推荐使用[typora](http://www.typora.io/)\n- [为什么要用Markdown写作](https://zhuanlan.zhihu.com/p/22755240)\n- [《简书》 提供的 markdown 新手指南](http://www.jianshu.com/p/q81RER)\n- 免费的markdown在线预览及示例：<http://dillinger.io/>\n',1,'2017-03-02 00:00:00',NULL,NULL,1,'必修'),
	(235,133,116,0,'代码整洁','# 代码整洁\n\n- 整洁代码\n- 命名规范',27,'2017-03-02 00:00:00',NULL,NULL,1,''),
	(239,137,117,0,'1 教学方法','# 1 教学方法',0,'2018-02-28 00:00:00',NULL,'',1,'选修'),
	(240,137,117,0,'2 软件和工具的安装','## 软件和工具的安装',1,'2017-03-02 00:00:00',NULL,'',1,'必修'),
	(241,138,117,0,'如何提问','# 如何提问\n- 提问的方式',0,'2018-02-27 00:00:00',NULL,'',1,'必修'),
	(242,138,117,0,'Markdown 使用','# Markdown 使用',1,'2017-03-02 00:00:00',NULL,NULL,1,'必修'),
	(243,139,117,0,'代码整洁','# 代码整洁\n\n- 整洁代码\n- 命名规范',27,'2017-03-02 00:00:00',NULL,NULL,1,''),
	(244,140,118,0,'1 教学方法','# 1 教学方法',0,'2018-02-28 00:00:00',NULL,'',1,'选修'),
	(245,140,118,0,'2 软件和工具的安装','## 软件和工具的安装',1,'2017-03-02 00:00:00',NULL,'',1,'必修'),
	(246,141,118,0,'如何提问','# 如何提问\n- 提问的方式',0,'2018-02-27 00:00:00',NULL,'',1,'必修'),
	(247,141,118,0,'Markdown 使用','# Markdown 使用',1,'2017-03-02 00:00:00',NULL,NULL,1,'必修'),
	(248,142,118,0,'代码整洁','# 代码整洁\n\n- 整洁代码\n- 命名规范',27,'2017-03-02 00:00:00',NULL,NULL,1,''),
	(249,117,109,0,'如何提问','# 如何提问\n- 提问的方式',0,'2018-02-27 00:00:00',NULL,'',1,'必修'),
	(250,117,109,0,'Markdown 使用','# Markdown 使用',1,'2017-03-02 00:00:00',NULL,NULL,1,'必修'),
	(251,128,113,0,'任务卡2',NULL,0,'2017-03-02 00:00:00',NULL,NULL,1,''),
	(252,143,119,0,'test','fafjdakfadfjadf',19,'2017-03-02 00:00:00',NULL,'http://douqing.test.om',0,'选修'),
	(253,143,119,0,'',NULL,25,'2017-03-02 00:00:00',NULL,NULL,0,''),
	(254,143,119,0,'',NULL,26,'2017-03-02 00:00:00',NULL,NULL,0,''),
	(255,129,114,0,'如何提问','# 如何提问\n- 提问的方式',0,'2018-02-27 00:00:00',NULL,'',1,'必修'),
	(256,21,3,0,'如何提问','# 如何提问\n- 提问的方式',0,'2018-02-27 00:00:00',NULL,'',1,'必修'),
	(257,144,120,NULL,'银河系','### 银河系（The Milky Way，别名银汉、天河、银河、星河、天汉等）\n是太阳系所在的棒旋星系，包括1000~4000亿颗恒星和大量的星团、星云以及各种类型的星际气体和星际尘埃，从地球看银河系呈环绕天空的银白色的环带。总质量约为太阳的2100亿倍   ，隶属于本星系群，最近的河外星系是距离银河系4万2千光年的大犬座矮星系。\n\n#### 形状\n银河系呈扁球体，具有巨大的盘面结构，由明亮密集的核心、两条主要的旋臂和两条未形成的旋臂组成，旋臂相距4500光年。太阳位于银河一个支臂猎户臂上，至银河中心的距离大约是2.6万光年。\n\n#### 体积\n银河系的中央是较大质量的黑洞（人马座A*），自内向外分别由银心、银核、银盘、银晕和银冕组成。银河系中央区域多数为老年恒星（以白矮星为主  ），外围区域多数为新生和年轻的恒星。周围几十万光年的区域分布着十几个卫星星系，其中较大的有大麦哲伦星云和小麦哲伦星云。银河系通过缓慢的吞噬周边的矮星系使自身不断壮大。2015年3月，科学家发现银河系体积比之前认为的要大50%。\n\n#### 质量\n2019年3月，科学家估算出银河系质量约为1.5万亿太阳质量。\n\n#### 简介\n 银河系是太阳系所在的恒星系统，包括1500~4000亿颗恒星和大量的星团、星云，还有各种类型的星际气体和星际尘埃，黑洞，它的可见总质量是太阳质量的2100亿倍。 \n\n在银河系里大多数的恒星集中在一个扁球状的空间范围内，扁球的形状好像铁饼。扁球体中间突出的部分叫“核球”，半径约为7000光年。核球的中部叫“银核”，四周叫“银盘”。在银盘外面有一个更大的球状区域，那里恒星少，密度小，被称为“银晕”，直径为7万光年。\n\n过去银河系被认为与仙女座星系一样是一个旋涡星系，但最新的研究表明银河系应该是一个棒旋星系。\n\n银河系的90%的物质为恒星。恒星的种类繁多，按照物理性质、化学组成、空间分布和运动特征，恒星可以分为五个星族。最年轻的极端星族Ⅰ恒星主要分布在银盘里的旋臂上；最年老的极端星族Ⅱ恒星则主要分布在银晕里。恒星常聚集成团。除了大量的双星外，银河系里已发现了一千多个星团。银河系里还有气体和尘埃，其含量约占银河系总质量的10%，气体和尘埃的分布不均匀，有的聚集为星云，有的则散布在星际空间。\n\n[3D银河系星球运转](https://jiaoqiqi.github.io/allPlantHtml/allPlant.html)',0,'2017-03-02 00:00:00',NULL,NULL,1,''),
	(258,144,120,NULL,'太阳系','### 太阳系\n太阳系是以太阳为中心，和所有受到太阳的引力约束天体的集合体。包括八大行星（由离太阳从近到远的顺序：水星、金星、地球、火星、木星、土星、天王星、海王星）、以及至少173颗已知的卫星、5颗已经辨认出来的矮行星和数以亿计的太阳系小天体。\n广义上，太阳系的领域包括太阳，四颗像地球的内行星，由许多小岩石组成的小行星带，四颗充满气体的巨大外行星和充满冰冻小岩石被称为柯伊伯带的第二颗小天体区。其中目前太阳系有八大行星，分别是水星，金星，地球，火星，木星，土星，天王星，海王星。\n![太阳系](https://gss1.bdstatic.com/9vo3dSag_xI4khGkpoWK1HF6hhy/baike/s%3D500/sign=b1c036a70cf3d7ca08f63f76c21ebe3c/902397dda144ad347060f61ed0a20cf430ad854f.jpg)\n\n#### 行星\n依照至太阳的距离，行星依序是水星、金星、地球、火星、木星、土星、天王星、和海王星，8颗中的6颗有天然的卫星环绕着。在英文天文术语中，因为地球的卫星被称为月球，这些卫星在英语中习惯上亦被称为“月球”（moon），在中文里面用卫星更为常见。五颗矮行星有冥王星，柯伊伯带内已知最大的天体之一鸟神星与妊神星，小行星带内最大的天体谷神星，和属于黄道离散天体的阋神星。\n\n#### 卫星\n太阳系内体积较大的卫星（超过3000公里）包括地球的卫星月球、木星的伽利略卫星木卫一（伊奥）、木卫二（欧罗巴）、木卫三（盖尼米德）、木卫四（卡利斯多）和土星的卫星土卫六（泰坦），以及海王星捕获的卫星海卫一（特里同）。更小的卫星参见各个相关行星条目。\n\n#### 太阳\n太阳系的主角是位居中心的太阳，它是一颗光谱分类为G2V的主序星，拥有太阳系内已知质量的99.86%，并以引力主宰着太阳系 。木星和土星，是太阳系内最大的两颗行星，又占了剩余质量的90%以上，仍属于假说的奥尔特云，还不知道会占有多少百分比的质量。\n\n#### 轨道\n太阳系内主要天体的轨道，都在地球绕太阳公转的轨道平面（黄道）的附近。行星都非常靠近黄道，而彗星和柯伊伯带天体，通常都有比较明显的倾斜角度。\n由北方向下鸟瞰太阳系，所有的行星和绝大部分的其他天体，都以逆时针（左旋）方向绕着太阳公转。有些例外的，如哈雷彗星。\n环绕着太阳运动的天体都遵守开普勒行星运动定律，轨道都是以太阳为焦点的一个椭圆，并且越靠近太阳时的速度越快。行星的轨道接近圆形，但许多彗星、小行星和柯伊伯带天体的轨道则是高度椭圆的，甚至会呈抛物线型。\n在这么辽阔的空间中，有许多方法可以表示出太阳系中每个轨道的距离。在实际上，距离太阳越远的行星或环带，与前一个的距离就会更远，而只有少数的例外。例如，金星在水星之外约0.33天文单位，而土星与木星的距离是4.3天文单位，海王星在天王星之外10.5天文单位。曾有些关系式企图解释这些轨道距离变化间的交互作用。',1,'2017-03-02 00:00:00',NULL,NULL,1,''),
	(259,144,120,NULL,'地球','### 地球（Earth）\n太阳系八大行星之一，按离太阳由近及远的次序排为第三颗，也是太阳系中直径、质量和密度最大的类地行星，距离太阳1.5亿公里。地球自西向东自转，同时围绕太阳公转。现有40~46亿岁，  它有一个天然卫星——月球，二者组成一个天体系统——地月系统。46亿年以前起源于原始太阳星云。\n地球赤道半径6378.137千米，极半径6356.752千米，平均半径约6371千米，赤道周长大约为40076千米，呈两极稍扁赤道略鼓的不规则的椭圆球体。地球表面积5.1亿平方公里，其中71%为海洋，29%为陆地，在太空上看地球呈蓝色。\n地球内部有核、幔、壳结构，地球外部有水圈、大气圈以及磁场。地球是目前宇宙中已知存在生命的唯一的天体，是包括人类在内上百万种生物的家园。\n\n#### 诞生和演化\n46亿年前，地球诞生了。地球演化大致可分为三个阶段。\n\n* 第一阶段为地球圈层形成时期其时限大致距今4600至4200Ma。46亿年前诞生时候的地球与21世纪的大不相同。根据科学家推断，地球形成之初是一个由炽热液体物质（主要为岩浆）组成的炽热的球。随着时间的推移，地表的温度不断下降，固态的地核逐渐形成。密度大的物质向地心移动，密度小的物质（岩石等）浮在地球表面，这就形成了一个表面主要由岩石组成的地球。\n\n* 第二阶段为太古宙、元古宙时期。其时限距今4200-543Ma。地球自不间断地向外释放能量，由高温岩浆不断喷发释放的水蒸气，二氧化碳等气体构成了非常稀薄的早期大气层---原始大气。随着原始大气中的水蒸气的不断增多，越来越多的水蒸气凝结成小水滴，再汇聚成雨水落入地表。就这样，原始的海洋形成了。\n\n* 第三阶段为显生宙时期，其时限由543Ma至今。显生宙延续的时间相对短暂，但这一时期生物及其繁盛，地质演化十分迅速，地质作用丰富多彩，加之地质体遍布全球各地，广泛保存，可以极好的对其进行观察和研究，为地质科学的主要研究对象，并建立起了地质学的基本理论和基础知识。\n\n#### 气候\n因为地球气候从亘古到现在都有发生巨大变化并且这种变化将继续演进，很难把地球气候概括。\n地球上与天气和气候有关的自然灾害包括龙卷风、台风、洪水、干旱等。\n两极地气候被两个温度相差并非很大的区域分隔开来：赤道附近宽广的热带气候和稍高纬度上的亚热带气候，降水模式在不同地区也差异巨大，降水量从一年几米到一年少于一毫米的地区都有。\n\n#### 地貌\n* 海陆分布\n地球总面积约为5.10072亿平方千米，其中约29.2%（1.4894亿平方千米）是陆地，其余70.8%（3.61132亿平方千米）是水。陆地主要在北半球，有五个大陆：欧亚大陆、非洲大陆、美洲大陆、澳大利亚大陆和南极大陆，另个还有很多岛屿。大洋则包括太平洋、大西洋、印度洋，北冰洋和南冰洋五个大洋及其附属海域。海岸线共35.6万千米。\n* 极端海拔\n\n     陆地上最低点：死海-418米 \n\n     全球最低点：马里亚纳海沟-11,034米\n\n     全球最高点：珠穆朗玛峰8,844.43米',2,'2017-03-02 00:00:00',NULL,NULL,1,''),
	(260,36,60,NULL,'所有题型','所有题型',260,'2017-03-02 00:00:00',NULL,NULL,1,''),
	(261,144,120,NULL,'水星','### 水星（Mercury）\n[水星3D模型](https://jiaoqiqi.github.io/Mecury/Mecury-%E6%B0%B4%E6%98%9F.html)\n\n太阳系八大行星最内侧也是最小的一颗行星，也是离太阳最近的行星。中国称为辰星，有着八大行星中最大的轨道偏心率。它每87.968个地球日绕行太阳一周，而每公转2.01周同时也自转3圈。\n水星有着太阳系行星中最小的轨道倾角。水星轨道的近日点每世纪比牛顿力学的预测多出43弧秒（角秒）的进动，这种现象直到20世纪才从爱因斯坦的广义相对论得到解释。\n水星是一颗类地行星，由于其非常靠近太阳，所以只会出现在凌晨称为辰星，或是黄昏出现作为昏星。除非有日食，否则在阳光的照耀下通常是看不见水星的。\n\n#### 内部构造\n水星是太阳系内与地球相似的4颗类地行星之一，有着与地球一样的岩石个体。它是太阳系中最小的行星，在赤道的半径是2,439.7公里。水星甚至比一些巨大的天然卫星，比如甘尼米德（木卫三）和泰坦（土卫六）还要小 ——虽然质量较大。水星由大约70%的金属和30%的硅酸盐材料组成，水星的密度是5.427克/cm³，在太阳系中是第二高的，仅次于地球的5.515克/cm³。如果不考虑重力压缩对物质密度的影响，水星物质的密度将是最高的——未经重力压缩的水星物质密度是5.3克/cm³，相较之下的地球物质只有4.4克/cm³。\n\n从水星的密度可以推测其内部结构的详细资料。地球的高密度，特别是核心的高密度是由重力压缩所导致的。水星是如此的小，因此它的内部不会被强力的挤压。所以它要有如此高的密度，它的核心必然很大且含有许多的铁。\n\n#### 地形地貌\n美国发射的“水手10号”在1974年3月、9月和1975年3月探测了水星，并向地面发回5000多张照片，为我们了解水星提供了珍贵的信息。从照片上我们看出，水星的外貌酷似月球，有许多大小不一的环形山，还有辐射纹、平原、裂谷、盆地等地形。\n水星的表面很像月球，满布着环形山、大平原、盆地、辐射纹和断崖。1976年，国际天文学联合会开始为水星上的环形山命名。\n水星表面上有着星罗棋布的大大小小的环形山，既有高山，也有平原，还有令人胆寒的悬崖峭壁。据统计，水星上的环形山有上千个，这些环形山比月亮上的环形山的坡度平缓些。\n\n水星上的环形山和月球上的环形山一样，也进行了命名。在国际天文学联合会已命名的310多个环形山的名称中，其中有15个环形山是以我们中华民族的人物的名字命名的。有伯牙：传说是春秋时代的音乐家；蔡琰：东汉末女诗人；李白：唐代大诗人；白居易：唐代大诗人：董源：五代十国南唐画家；李清照：南宋女词人；姜夔：南宋音乐家；梁楷：南宋画家；关汉卿：元代戏曲家；马致远：元代戏曲家；赵孟頫：元代书画家；王蒙：元末画家；朱耷：清初画家；曹沾（即曹雪芹）：清代文学家；鲁迅：中国现代文学家。\n\n水星表面平均温度约452K，变化范围从90-700K，是温差最大的行星。白天太阳光直射处温度高达427℃，夜晚太阳照不到时，温度降低到-173℃。可以比较一下地球，地球上的度温变化只有11K（这里只是太阳辐射能量，不考虑“季节”，“天气”）。 水星的表面的日照比地球强8.9 倍，总共辐照度有9126.6W/㎡。\n\n#### 大气层\n水星上有极稀薄的大气，大气压小于2×10百帕大气中含有氦、氢、氧、碳、氩、氖、氙等元素。由于大气非常稀薄，水星的表面白天和夜晚的温度相差很大，实际上水星大气中的气体分子与水星表面相撞的频密程度比它们之间互相相撞要高。出于这些原因，水星应被视为是没有大气的。\n\n水星的大气非常少，主要成份为氦（42%）、钠（气体）（42%）和氧（15%），而且在白天气温非常高，平均地表温度为179℃，最高为427℃，最低为零下173℃，因此水星上看来不可能存在水；但1991年科学家在水星的北极发现了一个不同寻常的亮点，造成这个亮点的可能是在地表或地下的冰。水星上真的有可能存在冰吗？由于水星的轨道比较特殊，在它的北极，太阳始终只在地平线上徘徊。在一些陨石坑内部，可能由于永远见不到阳光而使温度降至零下161℃以下。这样低的温度就有可能凝固从行星内部释放出来的气体，或积存从太空来的冰。',4,'2017-03-02 00:00:00',NULL,NULL,1,''),
	(262,144,120,NULL,'木星','### 木星（Jupiter）\n[木星3D模型](https://jiaoqiqi.github.io/Jupiter/Jupiter.html)\n\n是太阳系八大行星中体积最大、自转最快的行星，从内向外的第五颗行星。它的质量为太阳的千分之一，是太阳系中其它七大行星质量总和的2.5倍。木星与土星、天王星、海王星皆属气体行星，因此四者又合称类木行星（木星和土星合称气态巨行星）。木星是一个气态巨行星，占所有太阳系行星的70%，主要由氢组成，其次为氦，占总质量的25%，岩核则含有其他较重的元素。人类所看到的通常是大气中云层的顶端，压强比1个大气压略高。\n\n木星由于自转快速而呈现扁球体（赤道附近有略微但明显可见的凸起）。外大气层明确依纬度分为多个带域，各带域相接的边际容易出现乱流和风暴，最显著的例子是大红斑。环绕着行星的是松弱的行星环系统和强大的磁层。木星至少有79个卫星。\n\n#### 结构组成\n木星是一个巨大的液态氢星体。随着深度的增加，在距离表面至少5000千米深处，液态氢在高压和高温环境下形成。据推测，木星的中心是一个含硅酸盐和铁等物质组成的核区，物质组成与密度呈连续过渡。\n\n木星是四个气体行星（又称类木行星）中的一个：即不以固体物质为主要组成的行星，它是太阳系中体积最大的行星，赤道直径为142984千米。木星的密度为1.326 g/cm³，在气体行星中排行第二，但远低于太阳系中四个类地行星。\n\n#### 组成成分\n木星的高层大气是由体积或气体分子百分率约88-92%的氢和约8-12%的氦所组成。由于氦原子的质量是氢原子的四倍，探讨木星的质量组成时比例会有所改变：大气层中氢和氦分别占了总质量的75%及24%，余的1%为其他元素，包括微量的甲烷、水蒸气、氨以及硅的化合物。另外木星也含有微量的碳、乙烷、硫化氢、氖、氧、磷化氢、硫等物质。大气最外层有冷冻的氨的晶体。木星上也透过红外线及紫外线测量发现微量苯和烃的存在。\n\n木星大气层中氢和氦的比例非常接近原始太阳星云的理论组成，然而，木星大气中的惰性气体是太阳的二至三倍，高层大气中的氖只占了总质量的百万分之二十，约为太阳比例的十分之一，氦也几乎耗尽，但仍有太阳中氦的比例的80%。这个差距可能是由于元素降水至行星内部所造成。\n\n由光谱学分析而言，土星被认为和木星的组成最为相似，但另外的气体行星、天王星与海王星相较之下所含氢和氦的比例较低，由于没有太空船实际深入大气层的分析，除了木星之外的行星至今仍没有重元素数量的精确数据。',5,'2017-03-02 00:00:00',NULL,NULL,1,''),
	(263,144,120,NULL,'金星','### 金星（Venus）\n是太阳系中八大行星之一，按离太阳由近及远的次序，是第二颗，距离太阳0.725天文单位。它是离地球最近的行星（火星有时候会更近）。古罗马人称作维纳斯，中国古代称之为长庚、启明、太白或太白金星，古希腊神话中称为阿佛洛狄特。公转周期是224.71地球日。\n\n夜空中亮度仅次于月球，排第二，金星要在日出稍前或者日落稍后才能达到亮度最大。它清晨出现在东方天空，被称为“启明”；傍晚处于天空的西侧，被称为“长庚”。\n\n#### 星体特征\n金星是一颗类地行星，因为其质量与地球类似，有时也被人们叫做地球的“姐妹星”。也是太阳系中唯一一颗没有磁场的行星。在八大行星中金星的轨道最接近圆形，偏心率最小，仅为0.006811。\n\n以地球为三角形的顶点之一，分别连结金星和太阳，就会发现这个角度非常小，即使在最大时也只有48.5°，这是因为金星的轨道处于地球轨道的内侧。因此，当我们看到金星的时候，不是在清晨便是在傍晚，并且分别处于天空的东侧和西侧。\n\n中国古人称金星为“太白”或“太白金星”，也称“启明”或“长庚”（傍晚出现时称“长庚”，清晨出现时称“启明”）古希腊人称为阿佛洛狄忒，是希腊神话中爱与美的女神。而在罗马神话中爱与美的女神是维纳斯，因此金星也称作维纳斯（Venus）。维纳斯是爱与美的女性之神，所以金星的天文符号就是女性的标志：♀，也有人形象地将这个符号比喻为“维纳斯的梳妆镜”。\n\n#### 星体结构\n关于金星的内部结构，还没有直接的资料，从理论推算得出，金星的内部结构和地球相似，有一个半径约3,100公里的铁-镍核，中间一层是主要由硅﹑氧﹑铁﹑镁等的化合物组成的“幔”，而外面一层是主要由硅化合物组成的很薄的“壳”。\n\n科学家推测金星的内部构造可能和地球相似，依地球的构造推测，金星地函主要成分以橄榄石及辉石为主的矽酸盐，以及一层矽酸盐为主的地壳，中心则是由铁镍合金所组成的核心。金星的平均密度为5.24g/cm3，次于地球与水星，为八大行星（冥王星已于2006年划归为矮行星，故称八大行星）中第三位的。\n\n一个直径3000千米的铁质内核，熔化的石头为地幔填充大部分的星球。厚得多。就像地球，在地幔中的对流使得对表面产生了压力，但它由相对较小的许多区域减轻负荷，使得它不会像在地球，地壳在板块分界处被破坏\n\n#### 地质地貌\n金星表面上有70%平原，20%高地，10%低地。\n\n在金星表面的大平原上有两个主要的大陆状高地。北边的高地叫伊师塔地（Ishtar Terra），拥有金星最高的麦克斯韦山脉（大约比喜马拉雅山高出两千米），它是根据詹姆斯·克拉克·麦克斯韦命名的。麦克斯韦山脉（Maxwell Montes）包围了拉克西米高原（Lakshmi Planum）。伊师塔地大约有澳大利亚那么大。南半球有更大的阿芙罗狄蒂地（Aphrodite Terra），面积与南美洲相当。这些高地之间有许多广阔的低地，包括有爱塔兰塔平原低地（Atalanta Planitia ）、格纳维尔平原低地（Guinevere Planitia）以及拉卫尼亚平原低地（Lavinia Planitia）。除麦克斯韦山脉外，所有的金星地貌均以现实中或神话中女性命名。由于金星浓厚的大气让流星等天体在到达金星表面之前减速，所以金星上的陨石坑都不超过3.2千米。',6,'2017-03-02 00:00:00',NULL,NULL,1,''),
	(264,144,120,NULL,'土星','### 土星（Saturn）\n[土星3D模型](https://jiaoqiqi.github.io/Saturn/Saturn.html)\n\n是太阳系八大行星之一，距日距离（由近到远）第6位。质量、直径仅次于木星，并与木星同属气态巨行星。欧洲古代（古希腊）称土星为克洛诺斯（Cronian），古代中国也叫镇星或填星。\n\n土星主要由氢组成，还有少量的氦与微量元素，内部的核心包括岩石和冰，外围由数层金属氢和气体包裹着。最外层的大气层在外观上通常情况下都是平淡的，虽然有时会有长时间存在的特征出现。土星的风速高达1800公里/时，明显的比木星上的风速快。土星的行星磁场强度介于地球和更强的木星之间。\n土星有一个显著的行星环（可以通过望远镜直接观测），主要的成分是冰的微粒和较少数的岩石残骸以及尘土。已经确认的土星的卫星总共有62颗。其中，土卫六是土星系统中最大和太阳系中第二大的卫星（半径2575Km）（太阳系最大的卫星是木星的木卫三，半径2631Km）。\n\n2016年8月24日出现罕见的三星一线天文现象。美丽的土星、距离地球最近的外行星火星和天蝎座最亮恒星“心宿二”，三者依次连成一条直线。 \n\n#### 构造\n##### 内部构造\n虽然只有少量的直接资料，但土星的内部结构仍被认为与木星相似，即有一个被氢和氦包围着的小核心。岩石核心的构成与地球相似但密度更高。在核心之上，有更厚的液体金属氢层，然后是数层的液态氢和氦层，在最外层是厚达1,000 公里的大气层，也存在着各种型态冰的踪迹。估计核心区域的质量大约是地球质量的9-22倍。土星有非常热的内部，核心的温度高达11 700 ℃，并且辐射至太空中的能量是它接受来自太阳的能量的2.5倍。大部分能量是由缓慢的重力压缩（克赫历程）产生，但这还不能充分解释土星的热能制造过程。额外的热能可能由另一种机制产生：在土星内部深处，液态氦的液滴如雨般穿过较轻的氢，在此过程中不断地通过摩擦而产生热。 \n##### 大气层\n土星外围的大气层包括96.3%的氢和3.25%的氦，可以侦测到的气体还有氨、乙炔、乙烷、磷化氢和甲烷。上层的云由氨的冰晶组成，较低层的云则由硫化氢铵（NH₄SH）或水组成。相对于太阳所含有的丰富的氦，土星大气层中氦的丰盈度明显低得多。\n对于比氦重的元素的含量，如今所知不甚精确；但如果假设与太阳系形成时的原始丰盈度是相当的，则可估算出这些元素的总质量是地球质量的19-31倍，而且大部分都存在于土星的核心区域。 \n\n##### 云层\n土星的上层大气与木星相似（在相同定义的前提下），同样都有着一些条纹；但土星的条纹比较暗淡，并且赤道附近的条纹也比较宽。从底部延展至大约10公里高处，是由水冰构成的层次，温度大约是-23 ℃。在这之后是硫化氢氨冰的层次，延伸出另外的50公里，温度大约在-93 ℃，在这之上是80公里的氨冰云，温度大约是-153 ℃。接近顶部，在云层之上200-270千米是可以看见的云层顶端，由数层氢和氦构成的大气层。 土星的风速是太阳系中最高的，航海家计划的数据显示土星的东风最高可达500m/s（1,800公里/时）。直到航海家探测器飞越土星，比较纤细的条纹才被观测到。然而从那之后，地基望远镜也被改善到在通常情况下都能够观察到土星的这些细纹。\n\n##### 土星风暴\n天文学家通过分析红外线影像发现土星有一个“温暖”的极地漩涡，这种特征在太阳系内是独一无二的。天文学家认为这个点是土星上温度最高的点，土星上其他各处的温度是-185 ℃，而该漩涡处的温度则高达-122 ℃。\n\n在航海家1号的影像中最先被注意到的是一个长期出现在78°N附近，围绕着北极的六边形漩涡。不同于北极，哈勃太空望远镜所拍摄到的南极区影像有明显的“喷射气流”，但没有强烈的极区漩涡，也没有“六边形的驻波”。但是，NASA报告卡西尼号在2006年11月观测到一个位于南极像飓风的风暴，有着清晰的眼壁。这是很值得注意的观测报告，因为在过去除了地球之外，没有在任何的行星上观测到眼壁云（包括伽利略号太空船在木星的大红斑上都未能发现眼壁云）。\n\n在北极的六边形中每一边的直线长度大约是13800 公里，整个结构以10h39m24s自转，与行星的无线电波辐射周期一样，这也被认为是土星内部的自转周期。这个六边形结构像大气层中可见的其他云彩一样，在经度上没有移动。\n\n这个现象的规律性的起源仍在猜测之中，多数的天文学家认为是在大气层中某种形式的驻波，但是六边形也许是一种新型态的极光。在实验室的流体转动桶内已经模拟出了多边型结构。',7,'2017-03-02 00:00:00',NULL,NULL,1,''),
	(265,144,120,NULL,'天王星','### 天王星（Uranus）\n是太阳系由内向外的第七颗行星（18.37~20.08天文单位），其体积在太阳系中排名第三（比海王星大），质量排名第四（小于海王星），几乎横躺着围绕太阳公转。 [1] \n天王星大气的主要成分是氢、氦和甲烷。据推测，内部可能含有丰富的重元素。地幔由甲烷和氨的冰组成，可能含有水。内核由冰和岩石组成。 天王星是太阳系内大气层最冷的行星，最低温度只有49K（-224℃）。\n天王星的英文名称Uranus来自古希腊神话中的天空之神乌拉诺斯（Οὐρανός），是克洛诺斯的父亲，宙斯的祖父。与在古代就为人们所知的五颗行星（水星、金星、火星、木星、土星）相比，天王星的亮度也是肉眼可见的，但由于亮度较暗、绕行速度缓慢并且由于当时望远镜观测能力不足，未被古代的观测者认定为是一颗行星。直到1781年3月13日，威廉·赫歇耳爵士宣布他发现了天王星，首度扩展了太阳系已知的界限，这也是第一颗使用望远镜发现的行星。\n天王星和海王星的内部和大气构成和更巨大的气态巨行星木星土星不同。同样的，天文学家设立了冰巨星分类来安置它们\n\n#### 物质构成\n天王星主要是由岩石与各种成分不同的水冰物质所组成，其组成主要元素为氢（83%），其次为氦（15%）。在许多方面天王星（海王星也是）与大部分都是气态氢组成的木星与土星不同，其性质比较接近木星与土星的地核部分，而没有类木行星包围在外的巨大液态气体表面（主要是由金属氢化合物气体受重力液化形成）。\n\n天王星的质量大约是地球的14.5倍，是类木行星中质量最小的，他的密度是1.29公克/厘米³只比土星高一些。直径虽然与海王星相似（大约是地球的4倍），但质量较低。这些数值显示他主要由各种各样挥发性物质，例如水、氨和甲烷组成。天王星内部冰的总含量还不能精确的知道，根据选择的模型不同有不同的含量，但是总在地球质量的9.3 至13.5倍之间。氢和氦在全体中只占很小的部分，大约在0.5至1.5地球质量。剩余的质量（0.5至3.7地球质量）才是岩石物质。\n\n天王星的标准模型结构包括三个层面：在中心是岩石的核，中间是冰的地函，最外面是氢/氦组成的外壳。\n',8,'2017-03-02 00:00:00',NULL,NULL,1,''),
	(266,144,120,NULL,'海王星','### 海王星（Neptune）\n是八大行星中的远日行星，按照行星与太阳的距离排列海王星是第八颗行星，直径上第四大行星，质量上第三大行星。它的亮度仅为7.85等，只有在天文望远镜里才能看到它。由于它那荧荧的淡蓝色光，所以西方人用罗马神话中的海神——尼普顿（Neptune）”的名字来称呼它。在中文里，把它译为海王星。\n\n海王星在直径和体积上小于天王星，但质量却大于天王星，大约是地球的17倍，而它的姊妹行星天王星因密度较低，质量大约是地球的14倍。\n\n海王星的大气层以氢和氦为主，还有微量的甲烷，大气层中的甲烷，是使行星呈现蓝色的原因之一。海王星有着太阳系最强烈的风暴，测量到的风速高达2100km/h。海王星云顶的温度是-218 ℃（55K），因为距离太阳最远，是太阳系最冷的地区之一。尽管如此，海王星却有着一个炽热的内部，海王星核心的温度约7000℃，和大多数已知的行星相似。\n\n海王星在1846年9月23日被发现，是唯一利用数学预测而非有计划的观测发现的行星。天文学家利用天王星轨道的摄动推测出海王星的存在与可能的位置，迄今只有美国的旅行者2号探测器曾经在1989年8月25日拜访过海王星。\n2018年7月，欧洲航天局的甚大望远镜采用新的自适应光学技术拍摄出了一幅清晰锐利的海王星图像。',9,'2017-03-02 00:00:00',NULL,NULL,1,''),
	(267,144,120,NULL,'火星','### 火星（Mars）\n[火星3D模型](https://jiaoqiqi.github.io/Mars/Mars.html)\n\n是太阳系八大行星之一，是太阳系由内往外数的第四颗行星，属于类地行星，直径约为地球的53%，质量为地球的11%。自转轴倾角、自转周期均与地球相近，公转一周约为地球公转时间的两倍。橘红色外表是地表的赤铁矿（氧化铁）。我国古书上将火星称为“荧惑星”，西方古代（古罗马）称为“战神玛尔斯星”。\n\n火星基本上是沙漠行星，地表沙丘、砾石遍布且没有稳定的液态水体（2015年9月28日，美国宇航局公布火星上有少量的水。据法新社2018年7月25日报道，欧洲航天局(ESA)的研究员称，火星上发现了第一个液态地下水湖）。二氧化碳为主的大气既稀薄又寒冷，沙尘悬浮其中，每年常有尘暴发生。火星两极皆有水冰与干冰组成的极冠会随着季节消长。\n\n与地球相比，火星地质活动较不活跃，地表地貌大部份于远古较活跃的时期形成，有密布的陨石坑、火山与峡谷，包括太阳系最高的山：奥林帕斯山和最大的峡谷：水手号峡谷。另一个独特的地形特征是南北半球的明显差别：南方是古老、充满陨石坑的高地，北方则是较年轻的平原。\n\n火星有两个天然卫星：火卫一和火卫二，形状不规则，可能是捕获的小行星。在地球，火星肉眼可见，最高亮度可达-2.9等，八大行星中比木星、金星暗。2015年9月28日，美国航天局宣布火星存在流动水。\n\n#### 介绍\n火星直径约是地球的一半，体积为15%，质量为11%，表面积相当于地球陆地面积，密度则比其他三颗类地行星（地球、金星、水星）还要小很多。 以半径、质量、表面重力来说，火星约介于地球和月球中间：火星直径约为月球的两倍、地球的一半;质量约为月球九倍、地球的1/9，表面重力约为月球的2.5倍、地球的2/5。\n\n火星是太阳系由内往外数第四颗行星，属于类地行星，直径约为地球直径的一半，自转轴倾角、自转周期相近公转一周则花两倍时间。在西方称为战神玛尔斯星，中国则称为荧惑星因为它荧荧如火，位置、亮度时常变动。其橘红色外表是因为地表被赤铁矿（氧化铁）覆盖，英文里前缀areo-即为火星，火星曾经被认为是太阳系中最有可能存在地外生命的行星。\n\n火星基本上是沙漠行星，地表沙丘、砾石遍布，没有稳定的液态水体，以二氧化碳为主的大气既稀薄又寒冷，沙尘悬浮其中，每年常有尘暴发生。与地球相比，地质活动不活跃，地表地貌大部份于远古较活跃的时期形成有密布的陨石坑、火山与峡谷，包括太阳系最高的山：奥林帕斯山和最大的峡谷：水手号峡谷。另一个独特的地形特征是南北半球的明显差别：南方是古老、充满陨石坑的高地，北方则是较年轻的平原火星两极皆有主要以水和冰组成的极冠，而且上面覆盖的干冰会随季节消长。',10,'2017-03-02 00:00:00',NULL,NULL,1,''),
	(268,21,3,0,'如何识别需求',NULL,81,'2017-03-02 00:00:00',NULL,NULL,0,''),
	(269,147,121,NULL,'所有题型1',NULL,269,'2017-03-02 00:00:00',NULL,NULL,0,''),
	(270,148,121,NULL,'所有题型2',NULL,270,'2017-03-02 00:00:00',NULL,NULL,0,''),
	(271,150,122,0,'所有题型1',NULL,269,'2017-03-02 00:00:00',NULL,NULL,0,''),
	(272,150,122,0,'所有题型2',NULL,270,'2017-03-02 00:00:00',NULL,NULL,0,''),
	(273,151,123,0,'所有题型1',NULL,269,'2017-03-02 00:00:00',NULL,NULL,0,''),
	(274,152,123,0,'所有题型2',NULL,270,'2017-03-02 00:00:00',NULL,NULL,0,''),
	(275,153,124,0,'所有题型1',NULL,269,'2017-03-02 00:00:00',NULL,NULL,0,''),
	(276,154,124,0,'所有题型2',NULL,270,'2017-03-02 00:00:00',NULL,NULL,0,''),
	(277,155,125,0,'所有题型1',NULL,269,'2017-03-02 00:00:00',NULL,NULL,0,''),
	(278,156,125,0,'所有题型2',NULL,270,'2017-03-02 00:00:00',NULL,NULL,0,''),
	(279,157,126,0,'所有题型1',NULL,269,'2017-03-02 00:00:00',NULL,NULL,0,''),
	(280,158,126,0,'所有题型2',NULL,270,'2017-03-02 00:00:00',NULL,NULL,0,''),
	(283,161,128,0,'所有题型1',NULL,269,'2017-03-02 00:00:00',NULL,NULL,0,''),
	(284,162,128,0,'所有题型2',NULL,270,'2017-03-02 00:00:00',NULL,NULL,0,''),
	(285,163,129,NULL,'11111111',NULL,285,'2017-03-02 00:00:00',NULL,NULL,1,''),
	(286,163,129,NULL,'2222',NULL,286,'2017-03-02 00:00:00',NULL,NULL,1,''),
	(287,163,129,NULL,'3333333',NULL,287,'2017-03-02 00:00:00',NULL,NULL,1,''),
	(288,163,129,NULL,'44444444',NULL,288,'2017-03-02 00:00:00',NULL,NULL,1,''),
	(289,163,129,NULL,'555555555',NULL,289,'2017-03-02 00:00:00',NULL,NULL,1,''),
	(290,163,129,NULL,'6666666',NULL,290,'2017-03-02 00:00:00',NULL,NULL,1,''),
	(291,163,129,NULL,'77777777',NULL,291,'2017-03-02 00:00:00',NULL,NULL,1,''),
	(292,163,129,NULL,'8888888',NULL,292,'2017-03-02 00:00:00',NULL,NULL,1,''),
	(293,163,129,NULL,'9999999',NULL,293,'2017-03-02 00:00:00',NULL,NULL,1,''),
	(294,163,129,NULL,'1010100101',NULL,294,'2017-03-02 00:00:00',NULL,NULL,1,''),
	(295,163,129,NULL,'11111111111111',NULL,295,'2017-03-02 00:00:00',NULL,NULL,1,''),
	(296,163,129,NULL,'325345',NULL,296,'2017-03-02 00:00:00',NULL,NULL,1,''),
	(297,163,129,NULL,'6546456',NULL,297,'2017-03-02 00:00:00',NULL,NULL,1,''),
	(298,163,129,NULL,'7637',NULL,298,'2017-03-02 00:00:00',NULL,NULL,1,''),
	(299,163,129,NULL,'7653756756',NULL,299,'2017-03-02 00:00:00',NULL,NULL,1,''),
	(300,163,129,NULL,'56735675',NULL,300,'2017-03-02 00:00:00',NULL,NULL,1,''),
	(301,163,129,NULL,'75637',NULL,301,'2017-03-02 00:00:00',NULL,NULL,1,''),
	(302,163,129,NULL,'qqqqq',NULL,302,'2017-03-02 00:00:00',NULL,NULL,1,''),
	(303,163,129,NULL,'wwwwwwww',NULL,303,'2017-03-02 00:00:00',NULL,NULL,1,''),
	(304,163,129,NULL,'eeeeeeee',NULL,304,'2017-03-02 00:00:00',NULL,NULL,1,''),
	(305,163,129,NULL,'rrrrrrrrrr',NULL,305,'2017-03-02 00:00:00',NULL,NULL,1,''),
	(306,163,129,NULL,'tttttttttt',NULL,306,'2017-03-02 00:00:00',NULL,NULL,1,''),
	(307,163,129,NULL,'yyyyyyyyy',NULL,307,'2017-03-02 00:00:00',NULL,NULL,1,''),
	(308,163,129,NULL,'uuuuuuuuu',NULL,308,'2017-03-02 00:00:00',NULL,NULL,1,''),
	(309,163,129,NULL,'iiiiiiiiii',NULL,309,'2017-03-02 00:00:00',NULL,NULL,1,''),
	(310,163,129,NULL,'oooooooo',NULL,310,'2017-03-02 00:00:00',NULL,NULL,1,''),
	(311,163,129,NULL,'pppppppppp',NULL,311,'2017-03-02 00:00:00',NULL,NULL,1,''),
	(312,163,129,NULL,'aaaaaaaaaa',NULL,312,'2017-03-02 00:00:00',NULL,NULL,1,''),
	(313,163,129,NULL,'sssssssss',NULL,313,'2017-03-02 00:00:00',NULL,NULL,1,''),
	(314,163,129,NULL,'dddddddd',NULL,314,'2017-03-02 00:00:00',NULL,NULL,1,''),
	(315,163,129,NULL,'fffffffff',NULL,315,'2017-03-02 00:00:00',NULL,NULL,1,''),
	(316,163,129,NULL,'ggggggggg',NULL,316,'2017-03-02 00:00:00',NULL,NULL,1,''),
	(317,163,129,NULL,'hhhhhhhhh',NULL,317,'2017-03-02 00:00:00',NULL,NULL,1,''),
	(318,164,95,NULL,'任务卡',NULL,318,'2017-03-02 00:00:00',NULL,NULL,0,''),
	(319,165,95,NULL,'测试2','# 1\n## 阿斯顿发发酵\n### 手动阀决胜巅峰\n### 阿斯顿发生了的房间爱上对方就阿萨德飞机阿斯顿发静安寺的法律时代峻峰拉克丝江东父\n#### 老爱神的箭发了圣诞节法兰克束带结发类似的就发了可视对讲发送打飞机',319,'2017-03-02 00:00:00',NULL,NULL,1,''),
	(320,166,130,0,'任务卡',NULL,318,'2017-03-02 00:00:00',NULL,NULL,0,''),
	(321,167,130,0,'测试2',NULL,319,'2017-03-02 00:00:00',NULL,NULL,0,''),
	(322,168,95,NULL,'测试3','efqwfefqw',322,'2017-03-02 00:00:00',NULL,NULL,0,''),
	(323,166,130,0,'测试3',NULL,322,'2017-03-02 00:00:00',NULL,NULL,0,''),
	(324,144,120,NULL,'月球','### 月球\n人类肉眼所见称为月亮，古时又称太阴、玄兔、婵娟、玉盘，是地球的卫星，并且是太阳系中第五大的卫星。月球直径大约是地球的四分之一，质量大约是地球的八十一分之一。月球是地球已知的质量最大的卫星，月球表面布满了由小天体撞击形成的撞击坑。月球与地球的平均距离约38万千米，大约是地球直径的30倍。\n\n#### 简介\n月球可能形成于约45亿年前，在地球形成后不久，有关它的起源有几种假说，得到更多事实证据支持的说法是它形成于地球与火星般大小的天体-“忒伊亚”之间一次巨大撞击所产生的碎片，在地球外围聚集而形成的“大碰撞起源说”。 \n\n月球正面大量分布着由暗色的火山喷出的玄武岩熔岩流充填的巨大撞击坑，形成了广阔的平原，称为“月海”，实际上“月海”中一滴水也没有。月海的外围和月海之间夹杂着明亮的、古老的斜长岩高地和显目的撞击坑。它是天空中除太阳之外最亮的天体，尽管它呈现非常明亮的白色，但其表面实际很暗，反射率仅略高于旧沥青。由于月球在天空中非常显眼，再加上规律性的月相变化，自古以来就对人类文化如神话传说、宗教信仰、哲学思想、历法编制、文学艺术和风俗传统等产生重大影响。\n\n月球的自转与公转的周期相等（称为潮汐锁定），因此月球始终以同一面朝向着地球。地球海洋潮汐的产生主要是由于月球引力的作用。由于地球海洋的潮汐作用力与地球自转的方向相反，地球的自转总是受到一个极其微弱的作用力在给地球自转“刹车”，长期积累下来，有充分的证据表明，地球的自转周期越来越慢，一天的时间极其缓慢地增长，大约几年增加1秒；由于地球的反作用力，使月球缓慢地距离地球越来越远，每一年远离地球大约3.8厘米。月球与太阳的大小比率与距离的比率相近，使得它的视大小与太阳几乎相同，在日食时月球可以完全遮蔽太阳而形成日全食。\n\n月球是第一个人类曾经登陆过的地外天体。1958年美国和前苏联发射的月球探测器都宣告失败。1959年前苏联和美国分别成功发射了“月球号”和“先驱者号”月球探测器。1969年美国的阿波罗-11号实现了人类首次载人登月，相继阿波罗-12、14、15、16和17号实现载人登月，一共有12名美国宇航员登上月球开展科学考察、采集月球样品和埋设长期探测月球的科学仪器，共带回地球381.7千克月球样品，大大增长了人类对月球起源、演化的认识。迄今为止人类只有这12名美国宇航员登上了地球以外的天体。\n\n#### 月球公转\n月球以椭圆轨道绕地球运转（[月球绕地球运转3D模型](https://jiaoqiqi.github.io/earth/earth_moon_sys.html)）。这个轨道平面在天球上截得的大圆称“白道”。白道平面不重合于天赤道，也不平行于黄道面，而且空间位置不断变化。周期27.32日。月球轨道（白道）对地球轨道（黄道）的平均倾角为5°09′。但是已知月球平均每年以3.8cm的速度逐渐与地球离去。\n#### 月球自转\n月球在绕地球公转的同时进行自转，周期27.32166日，正好是一个恒星月，所以我们看不见月球背面。这种现象我们称“同步自转”，或“潮汐锁定”，几乎是太阳系卫星世界的普遍规律。一般认为是卫星对行星长期潮汐作用的结果。天平动是一个很奇妙的现象，它使得我们得以看到59%的月面。主要有以下原因：\n⒈在椭圆轨道的不同部分，自转速度与公转角速度不匹配。\n⒉白道与赤道的交角。\n\n月球每小时相对背景星空移动半度，即与月面的视直径相若。与其他卫星不同，月球的轨道平面较接近黄道面，而不是在地球的赤道面附近。相对于背景星空，月球围绕地球运行（月球公转）一周所需时间称为一个恒星月；而新月与下一个新月（或两个相同月相之间）所需的时间称为一个朔望月。朔望月较恒星月长是因为地球在月球运行期间，本身也在绕日的轨道上前进了一段距离。\n',3,'2017-03-02 00:00:00',NULL,NULL,1,''),
	(325,36,60,0,'所有题型1',NULL,269,'2017-03-02 00:00:00',NULL,NULL,1,''),
	(326,169,131,0,'银河系','### 银河系（The Milky Way，别名银汉、天河、银河、星河、天汉等）\n是太阳系所在的棒旋星系，包括1000~4000亿颗恒星和大量的星团、星云以及各种类型的星际气体和星际尘埃，从地球看银河系呈环绕天空的银白色的环带。总质量约为太阳的2100亿倍   ，隶属于本星系群，最近的河外星系是距离银河系4万2千光年的大犬座矮星系。\n\n#### 形状\n银河系呈扁球体，具有巨大的盘面结构，由明亮密集的核心、两条主要的旋臂和两条未形成的旋臂组成，旋臂相距4500光年。太阳位于银河一个支臂猎户臂上，至银河中心的距离大约是2.6万光年。\n\n#### 体积\n银河系的中央是较大质量的黑洞（人马座A*），自内向外分别由银心、银核、银盘、银晕和银冕组成。银河系中央区域多数为老年恒星（以白矮星为主  ），外围区域多数为新生和年轻的恒星。周围几十万光年的区域分布着十几个卫星星系，其中较大的有大麦哲伦星云和小麦哲伦星云。银河系通过缓慢的吞噬周边的矮星系使自身不断壮大。2015年3月，科学家发现银河系体积比之前认为的要大50%。\n\n#### 质量\n2019年3月，科学家估算出银河系质量约为1.5万亿太阳质量。\n\n#### 简介\n 银河系是太阳系所在的恒星系统，包括1500~4000亿颗恒星和大量的星团、星云，还有各种类型的星际气体和星际尘埃，黑洞，它的可见总质量是太阳质量的2100亿倍。 \n\n在银河系里大多数的恒星集中在一个扁球状的空间范围内，扁球的形状好像铁饼。扁球体中间突出的部分叫“核球”，半径约为7000光年。核球的中部叫“银核”，四周叫“银盘”。在银盘外面有一个更大的球状区域，那里恒星少，密度小，被称为“银晕”，直径为7万光年。\n\n过去银河系被认为与仙女座星系一样是一个旋涡星系，但最新的研究表明银河系应该是一个棒旋星系。\n\n银河系的90%的物质为恒星。恒星的种类繁多，按照物理性质、化学组成、空间分布和运动特征，恒星可以分为五个星族。最年轻的极端星族Ⅰ恒星主要分布在银盘里的旋臂上；最年老的极端星族Ⅱ恒星则主要分布在银晕里。恒星常聚集成团。除了大量的双星外，银河系里已发现了一千多个星团。银河系里还有气体和尘埃，其含量约占银河系总质量的10%，气体和尘埃的分布不均匀，有的聚集为星云，有的则散布在星际空间。\n\n[3D银河系星球运转](http://localhost:63342/SolarSystem/solar/allPlant.html?_ijt=416unndr3e6sfvcsrllplu8nie)',257,'2017-03-02 00:00:00',NULL,NULL,1,''),
	(327,169,131,0,'太阳系','### 太阳系\n太阳系是以太阳为中心，和所有受到太阳的引力约束天体的集合体。包括八大行星（由离太阳从近到远的顺序：水星、金星、地球、火星、木星、土星、天王星、海王星）、以及至少173颗已知的卫星、5颗已经辨认出来的矮行星和数以亿计的太阳系小天体。\n广义上，太阳系的领域包括太阳，四颗像地球的内行星，由许多小岩石组成的小行星带，四颗充满气体的巨大外行星和充满冰冻小岩石被称为柯伊伯带的第二颗小天体区。其中目前太阳系有八大行星，分别是水星，金星，地球，火星，木星，土星，天王星，海王星。\n![太阳系](https://gss1.bdstatic.com/9vo3dSag_xI4khGkpoWK1HF6hhy/baike/s%3D500/sign=b1c036a70cf3d7ca08f63f76c21ebe3c/902397dda144ad347060f61ed0a20cf430ad854f.jpg)\n\n#### 行星\n依照至太阳的距离，行星依序是水星、金星、地球、火星、木星、土星、天王星、和海王星，8颗中的6颗有天然的卫星环绕着。在英文天文术语中，因为地球的卫星被称为月球，这些卫星在英语中习惯上亦被称为“月球”（moon），在中文里面用卫星更为常见。五颗矮行星有冥王星，柯伊伯带内已知最大的天体之一鸟神星与妊神星，小行星带内最大的天体谷神星，和属于黄道离散天体的阋神星。\n\n#### 卫星\n太阳系内体积较大的卫星（超过3000公里）包括地球的卫星月球、木星的伽利略卫星木卫一（伊奥）、木卫二（欧罗巴）、木卫三（盖尼米德）、木卫四（卡利斯多）和土星的卫星土卫六（泰坦），以及海王星捕获的卫星海卫一（特里同）。更小的卫星参见各个相关行星条目。\n\n#### 太阳\n太阳系的主角是位居中心的太阳，它是一颗光谱分类为G2V的主序星，拥有太阳系内已知质量的99.86%，并以引力主宰着太阳系 。木星和土星，是太阳系内最大的两颗行星，又占了剩余质量的90%以上，仍属于假说的奥尔特云，还不知道会占有多少百分比的质量。\n\n#### 轨道\n太阳系内主要天体的轨道，都在地球绕太阳公转的轨道平面（黄道）的附近。行星都非常靠近黄道，而彗星和柯伊伯带天体，通常都有比较明显的倾斜角度。\n由北方向下鸟瞰太阳系，所有的行星和绝大部分的其他天体，都以逆时针（左旋）方向绕着太阳公转。有些例外的，如哈雷彗星。\n环绕着太阳运动的天体都遵守开普勒行星运动定律，轨道都是以太阳为焦点的一个椭圆，并且越靠近太阳时的速度越快。行星的轨道接近圆形，但许多彗星、小行星和柯伊伯带天体的轨道则是高度椭圆的，甚至会呈抛物线型。\n在这么辽阔的空间中，有许多方法可以表示出太阳系中每个轨道的距离。在实际上，距离太阳越远的行星或环带，与前一个的距离就会更远，而只有少数的例外。例如，金星在水星之外约0.33天文单位，而土星与木星的距离是4.3天文单位，海王星在天王星之外10.5天文单位。曾有些关系式企图解释这些轨道距离变化间的交互作用。',258,'2017-03-02 00:00:00',NULL,NULL,1,''),
	(328,169,131,0,'地球','### 地球（Earth）\n太阳系八大行星之一，按离太阳由近及远的次序排为第三颗，也是太阳系中直径、质量和密度最大的类地行星，距离太阳1.5亿公里。地球自西向东自转，同时围绕太阳公转。现有40~46亿岁，  它有一个天然卫星——月球，二者组成一个天体系统——地月系统。46亿年以前起源于原始太阳星云。\n地球赤道半径6378.137千米，极半径6356.752千米，平均半径约6371千米，赤道周长大约为40076千米，呈两极稍扁赤道略鼓的不规则的椭圆球体。地球表面积5.1亿平方公里，其中71%为海洋，29%为陆地，在太空上看地球呈蓝色。\n地球内部有核、幔、壳结构，地球外部有水圈、大气圈以及磁场。地球是目前宇宙中已知存在生命的唯一的天体，是包括人类在内上百万种生物的家园。\n\n#### 诞生和演化\n46亿年前，地球诞生了。地球演化大致可分为三个阶段。\n\n* 第一阶段为地球圈层形成时期其时限大致距今4600至4200Ma。46亿年前诞生时候的地球与21世纪的大不相同。根据科学家推断，地球形成之初是一个由炽热液体物质（主要为岩浆）组成的炽热的球。随着时间的推移，地表的温度不断下降，固态的地核逐渐形成。密度大的物质向地心移动，密度小的物质（岩石等）浮在地球表面，这就形成了一个表面主要由岩石组成的地球。\n\n* 第二阶段为太古宙、元古宙时期。其时限距今4200-543Ma。地球自不间断地向外释放能量，由高温岩浆不断喷发释放的水蒸气，二氧化碳等气体构成了非常稀薄的早期大气层---原始大气。随着原始大气中的水蒸气的不断增多，越来越多的水蒸气凝结成小水滴，再汇聚成雨水落入地表。就这样，原始的海洋形成了。\n\n* 第三阶段为显生宙时期，其时限由543Ma至今。显生宙延续的时间相对短暂，但这一时期生物及其繁盛，地质演化十分迅速，地质作用丰富多彩，加之地质体遍布全球各地，广泛保存，可以极好的对其进行观察和研究，为地质科学的主要研究对象，并建立起了地质学的基本理论和基础知识。\n\n#### 气候\n因为地球气候从亘古到现在都有发生巨大变化并且这种变化将继续演进，很难把地球气候概括。\n地球上与天气和气候有关的自然灾害包括龙卷风、台风、洪水、干旱等。\n两极地气候被两个温度相差并非很大的区域分隔开来：赤道附近宽广的热带气候和稍高纬度上的亚热带气候，降水模式在不同地区也差异巨大，降水量从一年几米到一年少于一毫米的地区都有。\n\n#### 地貌\n* 海陆分布\n地球总面积约为5.10072亿平方千米，其中约29.2%（1.4894亿平方千米）是陆地，其余70.8%（3.61132亿平方千米）是水。陆地主要在北半球，有五个大陆：欧亚大陆、非洲大陆、美洲大陆、澳大利亚大陆和南极大陆，另个还有很多岛屿。大洋则包括太平洋、大西洋、印度洋，北冰洋和南冰洋五个大洋及其附属海域。海岸线共35.6万千米。\n* 极端海拔\n\n     陆地上最低点：死海-418米 \n\n     全球最低点：马里亚纳海沟-11,034米\n\n     全球最高点：珠穆朗玛峰8,844.43米',259,'2017-03-02 00:00:00',NULL,NULL,1,''),
	(329,169,131,0,'水星','### 水星（Mercury）\n太阳系八大行星最内侧也是最小的一颗行星，也是离太阳最近的行星。中国称为辰星，有着八大行星中最大的轨道偏心率。它每87.968个地球日绕行太阳一周，而每公转2.01周同时也自转3圈。\n水星有着太阳系行星中最小的轨道倾角。水星轨道的近日点每世纪比牛顿力学的预测多出43弧秒（角秒）的进动，这种现象直到20世纪才从爱因斯坦的广义相对论得到解释。\n水星是一颗类地行星，由于其非常靠近太阳，所以只会出现在凌晨称为辰星，或是黄昏出现作为昏星。除非有日食，否则在阳光的照耀下通常是看不见水星的。\n\n#### 内部构造\n水星是太阳系内与地球相似的4颗类地行星之一，有着与地球一样的岩石个体。它是太阳系中最小的行星，在赤道的半径是2,439.7公里。水星甚至比一些巨大的天然卫星，比如甘尼米德（木卫三）和泰坦（土卫六）还要小 ——虽然质量较大。水星由大约70%的金属和30%的硅酸盐材料组成，水星的密度是5.427克/cm³，在太阳系中是第二高的，仅次于地球的5.515克/cm³。如果不考虑重力压缩对物质密度的影响，水星物质的密度将是最高的——未经重力压缩的水星物质密度是5.3克/cm³，相较之下的地球物质只有4.4克/cm³。\n\n从水星的密度可以推测其内部结构的详细资料。地球的高密度，特别是核心的高密度是由重力压缩所导致的。水星是如此的小，因此它的内部不会被强力的挤压。所以它要有如此高的密度，它的核心必然很大且含有许多的铁。\n\n#### 地形地貌\n美国发射的“水手10号”在1974年3月、9月和1975年3月探测了水星，并向地面发回5000多张照片，为我们了解水星提供了珍贵的信息。从照片上我们看出，水星的外貌酷似月球，有许多大小不一的环形山，还有辐射纹、平原、裂谷、盆地等地形。\n水星的表面很像月球，满布着环形山、大平原、盆地、辐射纹和断崖。1976年，国际天文学联合会开始为水星上的环形山命名。\n水星表面上有着星罗棋布的大大小小的环形山，既有高山，也有平原，还有令人胆寒的悬崖峭壁。据统计，水星上的环形山有上千个，这些环形山比月亮上的环形山的坡度平缓些。\n\n水星上的环形山和月球上的环形山一样，也进行了命名。在国际天文学联合会已命名的310多个环形山的名称中，其中有15个环形山是以我们中华民族的人物的名字命名的。有伯牙：传说是春秋时代的音乐家；蔡琰：东汉末女诗人；李白：唐代大诗人；白居易：唐代大诗人：董源：五代十国南唐画家；李清照：南宋女词人；姜夔：南宋音乐家；梁楷：南宋画家；关汉卿：元代戏曲家；马致远：元代戏曲家；赵孟頫：元代书画家；王蒙：元末画家；朱耷：清初画家；曹沾（即曹雪芹）：清代文学家；鲁迅：中国现代文学家。\n\n水星表面平均温度约452K，变化范围从90-700K，是温差最大的行星。白天太阳光直射处温度高达427℃，夜晚太阳照不到时，温度降低到-173℃。可以比较一下地球，地球上的度温变化只有11K（这里只是太阳辐射能量，不考虑“季节”，“天气”）。 水星的表面的日照比地球强8.9 倍，总共辐照度有9126.6W/㎡。\n\n#### 大气层\n水星上有极稀薄的大气，大气压小于2×10百帕大气中含有氦、氢、氧、碳、氩、氖、氙等元素。由于大气非常稀薄，水星的表面白天和夜晚的温度相差很大，实际上水星大气中的气体分子与水星表面相撞的频密程度比它们之间互相相撞要高。出于这些原因，水星应被视为是没有大气的。\n\n水星的大气非常少，主要成份为氦（42%）、钠（气体）（42%）和氧（15%），而且在白天气温非常高，平均地表温度为179℃，最高为427℃，最低为零下173℃，因此水星上看来不可能存在水；但1991年科学家在水星的北极发现了一个不同寻常的亮点，造成这个亮点的可能是在地表或地下的冰。水星上真的有可能存在冰吗？由于水星的轨道比较特殊，在它的北极，太阳始终只在地平线上徘徊。在一些陨石坑内部，可能由于永远见不到阳光而使温度降至零下161℃以下。这样低的温度就有可能凝固从行星内部释放出来的气体，或积存从太空来的冰。',261,'2017-03-02 00:00:00',NULL,NULL,1,''),
	(330,169,131,0,'木星','### 木星（Jupiter）\n是太阳系八大行星中体积最大、自转最快的行星，从内向外的第五颗行星。它的质量为太阳的千分之一，是太阳系中其它七大行星质量总和的2.5倍。木星与土星、天王星、海王星皆属气体行星，因此四者又合称类木行星（木星和土星合称气态巨行星）。木星是一个气态巨行星，占所有太阳系行星的70%，主要由氢组成，其次为氦，占总质量的25%，岩核则含有其他较重的元素。人类所看到的通常是大气中云层的顶端，压强比1个大气压略高。\n\n木星由于自转快速而呈现扁球体（赤道附近有略微但明显可见的凸起）。外大气层明确依纬度分为多个带域，各带域相接的边际容易出现乱流和风暴，最显著的例子是大红斑。环绕着行星的是松弱的行星环系统和强大的磁层。木星至少有79个卫星。\n\n#### 结构组成\n木星是一个巨大的液态氢星体。随着深度的增加，在距离表面至少5000千米深处，液态氢在高压和高温环境下形成。据推测，木星的中心是一个含硅酸盐和铁等物质组成的核区，物质组成与密度呈连续过渡。\n\n木星是四个气体行星（又称类木行星）中的一个：即不以固体物质为主要组成的行星，它是太阳系中体积最大的行星，赤道直径为142984千米。木星的密度为1.326 g/cm³，在气体行星中排行第二，但远低于太阳系中四个类地行星。\n\n#### 组成成分\n木星的高层大气是由体积或气体分子百分率约88-92%的氢和约8-12%的氦所组成。由于氦原子的质量是氢原子的四倍，探讨木星的质量组成时比例会有所改变：大气层中氢和氦分别占了总质量的75%及24%，余的1%为其他元素，包括微量的甲烷、水蒸气、氨以及硅的化合物。另外木星也含有微量的碳、乙烷、硫化氢、氖、氧、磷化氢、硫等物质。大气最外层有冷冻的氨的晶体。木星上也透过红外线及紫外线测量发现微量苯和烃的存在。\n\n木星大气层中氢和氦的比例非常接近原始太阳星云的理论组成，然而，木星大气中的惰性气体是太阳的二至三倍，高层大气中的氖只占了总质量的百万分之二十，约为太阳比例的十分之一，氦也几乎耗尽，但仍有太阳中氦的比例的80%。这个差距可能是由于元素降水至行星内部所造成。\n\n由光谱学分析而言，土星被认为和木星的组成最为相似，但另外的气体行星、天王星与海王星相较之下所含氢和氦的比例较低，由于没有太空船实际深入大气层的分析，除了木星之外的行星至今仍没有重元素数量的精确数据。',262,'2017-03-02 00:00:00',NULL,NULL,1,''),
	(331,169,131,0,'金星','### 金星（Venus）\n是太阳系中八大行星之一，按离太阳由近及远的次序，是第二颗，距离太阳0.725天文单位。它是离地球最近的行星（火星有时候会更近）。古罗马人称作维纳斯，中国古代称之为长庚、启明、太白或太白金星，古希腊神话中称为阿佛洛狄特。公转周期是224.71地球日。\n\n夜空中亮度仅次于月球，排第二，金星要在日出稍前或者日落稍后才能达到亮度最大。它清晨出现在东方天空，被称为“启明”；傍晚处于天空的西侧，被称为“长庚”。\n\n#### 星体特征\n金星是一颗类地行星，因为其质量与地球类似，有时也被人们叫做地球的“姐妹星”。也是太阳系中唯一一颗没有磁场的行星。在八大行星中金星的轨道最接近圆形，偏心率最小，仅为0.006811。\n\n以地球为三角形的顶点之一，分别连结金星和太阳，就会发现这个角度非常小，即使在最大时也只有48.5°，这是因为金星的轨道处于地球轨道的内侧。因此，当我们看到金星的时候，不是在清晨便是在傍晚，并且分别处于天空的东侧和西侧。\n\n中国古人称金星为“太白”或“太白金星”，也称“启明”或“长庚”（傍晚出现时称“长庚”，清晨出现时称“启明”）古希腊人称为阿佛洛狄忒，是希腊神话中爱与美的女神。而在罗马神话中爱与美的女神是维纳斯，因此金星也称作维纳斯（Venus）。维纳斯是爱与美的女性之神，所以金星的天文符号就是女性的标志：♀，也有人形象地将这个符号比喻为“维纳斯的梳妆镜”。\n\n#### 星体结构\n关于金星的内部结构，还没有直接的资料，从理论推算得出，金星的内部结构和地球相似，有一个半径约3,100公里的铁-镍核，中间一层是主要由硅﹑氧﹑铁﹑镁等的化合物组成的“幔”，而外面一层是主要由硅化合物组成的很薄的“壳”。\n\n科学家推测金星的内部构造可能和地球相似，依地球的构造推测，金星地函主要成分以橄榄石及辉石为主的矽酸盐，以及一层矽酸盐为主的地壳，中心则是由铁镍合金所组成的核心。金星的平均密度为5.24g/cm3，次于地球与水星，为八大行星（冥王星已于2006年划归为矮行星，故称八大行星）中第三位的。\n\n一个直径3000千米的铁质内核，熔化的石头为地幔填充大部分的星球。厚得多。就像地球，在地幔中的对流使得对表面产生了压力，但它由相对较小的许多区域减轻负荷，使得它不会像在地球，地壳在板块分界处被破坏\n\n#### 地质地貌\n金星表面上有70%平原，20%高地，10%低地。\n\n在金星表面的大平原上有两个主要的大陆状高地。北边的高地叫伊师塔地（Ishtar Terra），拥有金星最高的麦克斯韦山脉（大约比喜马拉雅山高出两千米），它是根据詹姆斯·克拉克·麦克斯韦命名的。麦克斯韦山脉（Maxwell Montes）包围了拉克西米高原（Lakshmi Planum）。伊师塔地大约有澳大利亚那么大。南半球有更大的阿芙罗狄蒂地（Aphrodite Terra），面积与南美洲相当。这些高地之间有许多广阔的低地，包括有爱塔兰塔平原低地（Atalanta Planitia ）、格纳维尔平原低地（Guinevere Planitia）以及拉卫尼亚平原低地（Lavinia Planitia）。除麦克斯韦山脉外，所有的金星地貌均以现实中或神话中女性命名。由于金星浓厚的大气让流星等天体在到达金星表面之前减速，所以金星上的陨石坑都不超过3.2千米。',263,'2017-03-02 00:00:00',NULL,NULL,1,''),
	(332,169,131,0,'土星','### 土星（Saturn）\n是太阳系八大行星之一，距日距离（由近到远）第6位。质量、直径仅次于木星，并与木星同属气态巨行星。欧洲古代（古希腊）称土星为克洛诺斯（Cronian），古代中国也叫镇星或填星。\n\n土星主要由氢组成，还有少量的氦与微量元素，内部的核心包括岩石和冰，外围由数层金属氢和气体包裹着。最外层的大气层在外观上通常情况下都是平淡的，虽然有时会有长时间存在的特征出现。土星的风速高达1800公里/时，明显的比木星上的风速快。土星的行星磁场强度介于地球和更强的木星之间。\n土星有一个显著的行星环（可以通过望远镜直接观测），主要的成分是冰的微粒和较少数的岩石残骸以及尘土。已经确认的土星的卫星总共有62颗。其中，土卫六是土星系统中最大和太阳系中第二大的卫星（半径2575Km）（太阳系最大的卫星是木星的木卫三，半径2631Km）。\n\n2016年8月24日出现罕见的三星一线天文现象。美丽的土星、距离地球最近的外行星火星和天蝎座最亮恒星“心宿二”，三者依次连成一条直线。 \n\n#### 构造\n##### 内部构造\n虽然只有少量的直接资料，但土星的内部结构仍被认为与木星相似，即有一个被氢和氦包围着的小核心。岩石核心的构成与地球相似但密度更高。在核心之上，有更厚的液体金属氢层，然后是数层的液态氢和氦层，在最外层是厚达1,000 公里的大气层，也存在着各种型态冰的踪迹。估计核心区域的质量大约是地球质量的9-22倍。土星有非常热的内部，核心的温度高达11 700 ℃，并且辐射至太空中的能量是它接受来自太阳的能量的2.5倍。大部分能量是由缓慢的重力压缩（克赫历程）产生，但这还不能充分解释土星的热能制造过程。额外的热能可能由另一种机制产生：在土星内部深处，液态氦的液滴如雨般穿过较轻的氢，在此过程中不断地通过摩擦而产生热。 \n##### 大气层\n土星外围的大气层包括96.3%的氢和3.25%的氦，可以侦测到的气体还有氨、乙炔、乙烷、磷化氢和甲烷。上层的云由氨的冰晶组成，较低层的云则由硫化氢铵（NH₄SH）或水组成。相对于太阳所含有的丰富的氦，土星大气层中氦的丰盈度明显低得多。\n对于比氦重的元素的含量，如今所知不甚精确；但如果假设与太阳系形成时的原始丰盈度是相当的，则可估算出这些元素的总质量是地球质量的19-31倍，而且大部分都存在于土星的核心区域。 \n\n##### 云层\n土星的上层大气与木星相似（在相同定义的前提下），同样都有着一些条纹；但土星的条纹比较暗淡，并且赤道附近的条纹也比较宽。从底部延展至大约10公里高处，是由水冰构成的层次，温度大约是-23 ℃。在这之后是硫化氢氨冰的层次，延伸出另外的50公里，温度大约在-93 ℃，在这之上是80公里的氨冰云，温度大约是-153 ℃。接近顶部，在云层之上200-270千米是可以看见的云层顶端，由数层氢和氦构成的大气层。 土星的风速是太阳系中最高的，航海家计划的数据显示土星的东风最高可达500m/s（1,800公里/时）。直到航海家探测器飞越土星，比较纤细的条纹才被观测到。然而从那之后，地基望远镜也被改善到在通常情况下都能够观察到土星的这些细纹。\n\n##### 土星风暴\n天文学家通过分析红外线影像发现土星有一个“温暖”的极地漩涡，这种特征在太阳系内是独一无二的。天文学家认为这个点是土星上温度最高的点，土星上其他各处的温度是-185 ℃，而该漩涡处的温度则高达-122 ℃。\n\n在航海家1号的影像中最先被注意到的是一个长期出现在78°N附近，围绕着北极的六边形漩涡。不同于北极，哈勃太空望远镜所拍摄到的南极区影像有明显的“喷射气流”，但没有强烈的极区漩涡，也没有“六边形的驻波”。但是，NASA报告卡西尼号在2006年11月观测到一个位于南极像飓风的风暴，有着清晰的眼壁。这是很值得注意的观测报告，因为在过去除了地球之外，没有在任何的行星上观测到眼壁云（包括伽利略号太空船在木星的大红斑上都未能发现眼壁云）。\n\n在北极的六边形中每一边的直线长度大约是13800 公里，整个结构以10h39m24s自转，与行星的无线电波辐射周期一样，这也被认为是土星内部的自转周期。这个六边形结构像大气层中可见的其他云彩一样，在经度上没有移动。\n\n这个现象的规律性的起源仍在猜测之中，多数的天文学家认为是在大气层中某种形式的驻波，但是六边形也许是一种新型态的极光。在实验室的流体转动桶内已经模拟出了多边型结构。',264,'2017-03-02 00:00:00',NULL,NULL,1,''),
	(333,169,131,0,'天王星','### 天王星（Uranus）\n是太阳系由内向外的第七颗行星（18.37~20.08天文单位），其体积在太阳系中排名第三（比海王星大），质量排名第四（小于海王星），几乎横躺着围绕太阳公转。 [1] \n天王星大气的主要成分是氢、氦和甲烷。据推测，内部可能含有丰富的重元素。地幔由甲烷和氨的冰组成，可能含有水。内核由冰和岩石组成。 天王星是太阳系内大气层最冷的行星，最低温度只有49K（-224℃）。\n天王星的英文名称Uranus来自古希腊神话中的天空之神乌拉诺斯（Οὐρανός），是克洛诺斯的父亲，宙斯的祖父。与在古代就为人们所知的五颗行星（水星、金星、火星、木星、土星）相比，天王星的亮度也是肉眼可见的，但由于亮度较暗、绕行速度缓慢并且由于当时望远镜观测能力不足，未被古代的观测者认定为是一颗行星。直到1781年3月13日，威廉·赫歇耳爵士宣布他发现了天王星，首度扩展了太阳系已知的界限，这也是第一颗使用望远镜发现的行星。\n天王星和海王星的内部和大气构成和更巨大的气态巨行星木星土星不同。同样的，天文学家设立了冰巨星分类来安置它们\n\n#### 物质构成\n天王星主要是由岩石与各种成分不同的水冰物质所组成，其组成主要元素为氢（83%），其次为氦（15%）。在许多方面天王星（海王星也是）与大部分都是气态氢组成的木星与土星不同，其性质比较接近木星与土星的地核部分，而没有类木行星包围在外的巨大液态气体表面（主要是由金属氢化合物气体受重力液化形成）。\n\n天王星的质量大约是地球的14.5倍，是类木行星中质量最小的，他的密度是1.29公克/厘米³只比土星高一些。直径虽然与海王星相似（大约是地球的4倍），但质量较低。这些数值显示他主要由各种各样挥发性物质，例如水、氨和甲烷组成。天王星内部冰的总含量还不能精确的知道，根据选择的模型不同有不同的含量，但是总在地球质量的9.3 至13.5倍之间。氢和氦在全体中只占很小的部分，大约在0.5至1.5地球质量。剩余的质量（0.5至3.7地球质量）才是岩石物质。\n\n天王星的标准模型结构包括三个层面：在中心是岩石的核，中间是冰的地函，最外面是氢/氦组成的外壳。\n',265,'2017-03-02 00:00:00',NULL,NULL,1,''),
	(334,169,131,0,'海王星','### 海王星（Neptune）\n是八大行星中的远日行星，按照行星与太阳的距离排列海王星是第八颗行星，直径上第四大行星，质量上第三大行星。它的亮度仅为7.85等，只有在天文望远镜里才能看到它。由于它那荧荧的淡蓝色光，所以西方人用罗马神话中的海神——尼普顿（Neptune）”的名字来称呼它。在中文里，把它译为海王星。\n\n海王星在直径和体积上小于天王星，但质量却大于天王星，大约是地球的17倍，而它的姊妹行星天王星因密度较低，质量大约是地球的14倍。\n\n海王星的大气层以氢和氦为主，还有微量的甲烷，大气层中的甲烷，是使行星呈现蓝色的原因之一。海王星有着太阳系最强烈的风暴，测量到的风速高达2100km/h。海王星云顶的温度是-218 ℃（55K），因为距离太阳最远，是太阳系最冷的地区之一。尽管如此，海王星却有着一个炽热的内部，海王星核心的温度约7000℃，和大多数已知的行星相似。\n\n海王星在1846年9月23日被发现，是唯一利用数学预测而非有计划的观测发现的行星。天文学家利用天王星轨道的摄动推测出海王星的存在与可能的位置，迄今只有美国的旅行者2号探测器曾经在1989年8月25日拜访过海王星。\n2018年7月，欧洲航天局的甚大望远镜采用新的自适应光学技术拍摄出了一幅清晰锐利的海王星图像。',266,'2017-03-02 00:00:00',NULL,NULL,1,''),
	(335,169,131,0,'火星','### 火星（Mars）\n是太阳系八大行星之一，是太阳系由内往外数的第四颗行星，属于类地行星，直径约为地球的53%，质量为地球的11%。自转轴倾角、自转周期均与地球相近，公转一周约为地球公转时间的两倍。橘红色外表是地表的赤铁矿（氧化铁）。我国古书上将火星称为“荧惑星”，西方古代（古罗马）称为“战神玛尔斯星”。\n\n火星基本上是沙漠行星，地表沙丘、砾石遍布且没有稳定的液态水体（2015年9月28日，美国宇航局公布火星上有少量的水。据法新社2018年7月25日报道，欧洲航天局(ESA)的研究员称，火星上发现了第一个液态地下水湖）。二氧化碳为主的大气既稀薄又寒冷，沙尘悬浮其中，每年常有尘暴发生。火星两极皆有水冰与干冰组成的极冠会随着季节消长。\n\n与地球相比，火星地质活动较不活跃，地表地貌大部份于远古较活跃的时期形成，有密布的陨石坑、火山与峡谷，包括太阳系最高的山：奥林帕斯山和最大的峡谷：水手号峡谷。另一个独特的地形特征是南北半球的明显差别：南方是古老、充满陨石坑的高地，北方则是较年轻的平原。\n\n火星有两个天然卫星：火卫一和火卫二，形状不规则，可能是捕获的小行星。在地球，火星肉眼可见，最高亮度可达-2.9等，八大行星中比木星、金星暗。2015年9月28日，美国航天局宣布火星存在流动水。\n\n#### 介绍\n火星直径约是地球的一半，体积为15%，质量为11%，表面积相当于地球陆地面积，密度则比其他三颗类地行星（地球、金星、水星）还要小很多。 以半径、质量、表面重力来说，火星约介于地球和月球中间：火星直径约为月球的两倍、地球的一半;质量约为月球九倍、地球的1/9，表面重力约为月球的2.5倍、地球的2/5。\n\n火星是太阳系由内往外数第四颗行星，属于类地行星，直径约为地球直径的一半，自转轴倾角、自转周期相近公转一周则花两倍时间。在西方称为战神玛尔斯星，中国则称为荧惑星因为它荧荧如火，位置、亮度时常变动。其橘红色外表是因为地表被赤铁矿（氧化铁）覆盖，英文里前缀areo-即为火星，火星曾经被认为是太阳系中最有可能存在地外生命的行星。\n\n火星基本上是沙漠行星，地表沙丘、砾石遍布，没有稳定的液态水体，以二氧化碳为主的大气既稀薄又寒冷，沙尘悬浮其中，每年常有尘暴发生。与地球相比，地质活动不活跃，地表地貌大部份于远古较活跃的时期形成有密布的陨石坑、火山与峡谷，包括太阳系最高的山：奥林帕斯山和最大的峡谷：水手号峡谷。另一个独特的地形特征是南北半球的明显差别：南方是古老、充满陨石坑的高地，北方则是较年轻的平原火星两极皆有主要以水和冰组成的极冠，而且上面覆盖的干冰会随季节消长。',267,'2017-03-02 00:00:00',NULL,NULL,1,''),
	(336,169,131,0,'月球','### 月球\n人类肉眼所见称为月亮，古时又称太阴、玄兔、婵娟、玉盘，是地球的卫星，并且是太阳系中第五大的卫星。月球直径大约是地球的四分之一，质量大约是地球的八十一分之一。月球是地球已知的质量最大的卫星，月球表面布满了由小天体撞击形成的撞击坑。月球与地球的平均距离约38万千米，大约是地球直径的30倍。\n\n#### 简介\n月球可能形成于约45亿年前，在地球形成后不久，有关它的起源有几种假说，得到更多事实证据支持的说法是它形成于地球与火星般大小的天体-“忒伊亚”之间一次巨大撞击所产生的碎片，在地球外围聚集而形成的“大碰撞起源说”。 \n\n月球正面大量分布着由暗色的火山喷出的玄武岩熔岩流充填的巨大撞击坑，形成了广阔的平原，称为“月海”，实际上“月海”中一滴水也没有。月海的外围和月海之间夹杂着明亮的、古老的斜长岩高地和显目的撞击坑。它是天空中除太阳之外最亮的天体，尽管它呈现非常明亮的白色，但其表面实际很暗，反射率仅略高于旧沥青。由于月球在天空中非常显眼，再加上规律性的月相变化，自古以来就对人类文化如神话传说、宗教信仰、哲学思想、历法编制、文学艺术和风俗传统等产生重大影响。\n\n月球的自转与公转的周期相等（称为潮汐锁定），因此月球始终以同一面朝向着地球。地球海洋潮汐的产生主要是由于月球引力的作用。由于地球海洋的潮汐作用力与地球自转的方向相反，地球的自转总是受到一个极其微弱的作用力在给地球自转“刹车”，长期积累下来，有充分的证据表明，地球的自转周期越来越慢，一天的时间极其缓慢地增长，大约几年增加1秒；由于地球的反作用力，使月球缓慢地距离地球越来越远，每一年远离地球大约3.8厘米。月球与太阳的大小比率与距离的比率相近，使得它的视大小与太阳几乎相同，在日食时月球可以完全遮蔽太阳而形成日全食。\n\n月球是第一个人类曾经登陆过的地外天体。1958年美国和前苏联发射的月球探测器都宣告失败。1959年前苏联和美国分别成功发射了“月球号”和“先驱者号”月球探测器。1969年美国的阿波罗-11号实现了人类首次载人登月，相继阿波罗-12、14、15、16和17号实现载人登月，一共有12名美国宇航员登上月球开展科学考察、采集月球样品和埋设长期探测月球的科学仪器，共带回地球381.7千克月球样品，大大增长了人类对月球起源、演化的认识。迄今为止人类只有这12名美国宇航员登上了地球以外的天体。\n\n#### 月球公转\n月球以椭圆轨道绕地球运转（[月球绕地球运转3D模型](http://localhost:63342/SolarSystem/solar/earth_moon_sys.html)）。这个轨道平面在天球上截得的大圆称“白道”。白道平面不重合于天赤道，也不平行于黄道面，而且空间位置不断变化。周期27.32日。月球轨道（白道）对地球轨道（黄道）的平均倾角为5°09′。但是已知月球平均每年以3.8cm的速度逐渐与地球离去。\n#### 月球自转\n月球在绕地球公转的同时进行自转，周期27.32166日，正好是一个恒星月，所以我们看不见月球背面。这种现象我们称“同步自转”，或“潮汐锁定”，几乎是太阳系卫星世界的普遍规律。一般认为是卫星对行星长期潮汐作用的结果。天平动是一个很奇妙的现象，它使得我们得以看到59%的月面。主要有以下原因：\n⒈在椭圆轨道的不同部分，自转速度与公转角速度不匹配。\n⒉白道与赤道的交角。\n\n月球每小时相对背景星空移动半度，即与月面的视直径相若。与其他卫星不同，月球的轨道平面较接近黄道面，而不是在地球的赤道面附近。相对于背景星空，月球围绕地球运行（月球公转）一周所需时间称为一个恒星月；而新月与下一个新月（或两个相同月相之间）所需的时间称为一个朔望月。朔望月较恒星月长是因为地球在月球运行期间，本身也在绕日的轨道上前进了一段距离。\n',324,'2017-03-02 00:00:00',NULL,NULL,1,''),
	(347,174,133,0,'任务卡1','任务卡描述',90,'2017-03-02 00:00:00',NULL,NULL,1,''),
	(348,175,134,0,'任务卡1','### 1\n',215,'2017-03-02 00:00:00',NULL,NULL,1,''),
	(349,175,134,0,'任务卡2','### 3\n',216,'2017-03-02 00:00:00',NULL,NULL,1,''),
	(350,175,134,0,'如何提问','# 如何提问\n- 提问的方式',0,'2018-02-27 00:00:00',NULL,'',1,'必修'),
	(351,175,134,0,'Markdown 使用','# Markdown 使用',1,'2017-03-02 00:00:00',NULL,NULL,1,'必修'),
	(352,177,135,0,'任务卡1','### 1\n',215,'2017-03-02 00:00:00',NULL,NULL,1,''),
	(353,177,135,0,'任务卡2','### 3\n',216,'2017-03-02 00:00:00',NULL,NULL,1,''),
	(354,177,135,0,'如何提问','# 如何提问\n- 提问的方式',0,'2018-02-27 00:00:00',NULL,'',1,'必修'),
	(355,177,135,0,'Markdown 使用','# Markdown 使用',1,'2017-03-02 00:00:00',NULL,NULL,1,'必修'),
	(356,179,137,NULL,'AAA任务卡','# 任务卡1\n\n<video width=\"100%\" controls=\"\" preload=\"auto\">\n   <source src=\"我是视频链接\" type=\"video/mp4\">\n   <p>抱歉，你的浏览器不支持在线视频播放。</p>\n</video>',356,'2017-03-02 00:00:00',NULL,NULL,1,''),
	(357,179,137,NULL,'AAA',NULL,357,'2017-03-02 00:00:00',NULL,NULL,0,''),
	(359,182,116,NULL,'客观',NULL,359,'2017-03-02 00:00:00',NULL,NULL,1,''),
	(363,183,96,NULL,'AA',NULL,363,'2017-03-02 00:00:00',NULL,NULL,1,''),
	(364,184,96,NULL,'333',NULL,364,'2017-03-02 00:00:00',NULL,NULL,1,''),
	(365,183,96,NULL,'BB',NULL,365,'2017-03-02 00:00:00',NULL,NULL,1,''),
	(366,185,184,NULL,'任务卡1',NULL,366,'2017-03-02 00:00:00',NULL,NULL,1,''),
	(367,186,140,0,'任务卡1',NULL,366,'2017-03-02 00:00:00',NULL,NULL,1,''),
	(368,113,107,0,'任务卡1','# 任务卡描述',1,'2017-03-02 00:00:00',NULL,NULL,1,''),
	(369,140,118,0,'任务卡1','# 任务卡描述',1,'2017-03-02 00:00:00',NULL,NULL,1,''),
	(370,117,109,0,'任务卡1','# 任务卡描述',1,'2017-03-02 00:00:00',NULL,NULL,1,''),
	(371,131,116,0,'任务卡1',NULL,366,'2017-03-02 00:00:00',NULL,NULL,1,''),
	(372,165,95,NULL,'橙色是2','# 2\n## 阿斯顿发发酵\n### 手动阀决胜巅峰\n### 阿斯顿发生了的房间爱上对方就阿萨德飞机阿斯顿发静安寺的法律时代峻峰拉克丝江东父\n#### 老爱神的箭发了圣诞节法兰克束带结发类似的就发了可视对讲发送打飞机',372,'2017-03-02 00:00:00',NULL,NULL,1,''),
	(373,187,187,0,'AAA任务卡','# 任务卡1\n\n<video width=\"100%\" controls=\"\" preload=\"auto\">\n   <source src=\"我是视频链接\" type=\"video/mp4\">\n   <p>抱歉，你的浏览器不支持在线视频播放。</p>\n</video>',356,'2017-03-02 00:00:00',NULL,NULL,1,''),
	(374,187,187,0,'AAA',NULL,357,'2017-03-02 00:00:00',NULL,NULL,0,''),
	(375,129,114,0,'所有题型1',NULL,269,'2017-03-02 00:00:00',NULL,NULL,0,''),
	(376,140,118,0,'AAA任务卡','# 任务卡1\n\n<video width=\"100%\" controls=\"\" preload=\"auto\">\n   <source src=\"我是视频链接\" type=\"video/mp4\">\n   <p>抱歉，你的浏览器不支持在线视频播放。</p>\n</video>',356,'2017-03-02 00:00:00',NULL,NULL,1,''),
	(377,140,118,0,'AAA',NULL,357,'2017-03-02 00:00:00',NULL,NULL,0,''),
	(378,145,60,NULL,'survey quiz',NULL,378,'2017-03-02 00:00:00',NULL,NULL,1,''),
	(406,210,189,0,'111','111',394,'2017-03-02 00:00:00',NULL,NULL,1,''),
	(407,211,189,0,'222','222',402,'2017-03-02 00:00:00',NULL,NULL,1,''),
	(408,212,189,0,'eee','eee',404,'2017-03-02 00:00:00',NULL,NULL,1,''),
	(409,213,189,0,'11',NULL,405,'2017-03-02 00:00:00',NULL,NULL,1,''),
	(421,225,190,0,'AAA任务卡','# 任务卡1\n\n<video width=\"100%\" controls=\"\" preload=\"auto\">\n   <source src=\"我是视频链接\" type=\"video/mp4\">\n   <p>抱歉，你的浏览器不支持在线视频播放。</p>\n</video>',356,'2017-03-02 00:00:00',NULL,NULL,1,''),
	(422,225,190,0,'AAA',NULL,357,'2017-03-02 00:00:00',NULL,NULL,0,''),
	(501,262,188,NULL,'df',NULL,501,'2017-03-02 00:00:00',NULL,NULL,1,''),
	(502,262,188,NULL,'rr',NULL,502,'2017-03-02 00:00:00',NULL,NULL,1,''),
	(514,262,188,NULL,'34',NULL,514,'2017-03-02 00:00:00',NULL,NULL,1,''),
	(515,263,191,0,'df',NULL,501,'2017-03-02 00:00:00',NULL,NULL,1,''),
	(516,263,191,0,'rr',NULL,502,'2017-03-02 00:00:00',NULL,NULL,1,''),
	(517,263,191,0,'34',NULL,514,'2017-03-02 00:00:00',NULL,NULL,1,''),
	(518,263,191,NULL,'新增一个yige','任务卡描述呀',518,'2017-03-02 00:00:00',NULL,NULL,0,''),
	(519,264,192,0,'AAA任务卡','# 任务卡1\n\n<video width=\"100%\" controls=\"\" preload=\"auto\">\n   <source src=\"我是视频链接\" type=\"video/mp4\">\n   <p>抱歉，你的浏览器不支持在线视频播放。</p>\n</video>',356,'2017-03-02 00:00:00',NULL,NULL,1,''),
	(520,264,192,0,'AAA',NULL,357,'2017-03-02 00:00:00',NULL,NULL,0,''),
	(521,266,193,0,'df',NULL,501,'2017-03-02 00:00:00',NULL,NULL,1,''),
	(522,266,193,0,'rr',NULL,502,'2017-03-02 00:00:00',NULL,NULL,1,''),
	(523,266,193,0,'34',NULL,514,'2017-03-02 00:00:00',NULL,NULL,1,''),
	(524,267,194,0,'df',NULL,501,'2017-03-02 00:00:00',NULL,NULL,1,''),
	(525,267,194,0,'rr',NULL,502,'2017-03-02 00:00:00',NULL,NULL,1,''),
	(526,267,194,0,'34',NULL,514,'2017-03-02 00:00:00',NULL,NULL,1,''),
	(527,268,195,0,'df',NULL,501,'2017-03-02 00:00:00',NULL,NULL,1,''),
	(528,268,195,0,'rr',NULL,502,'2017-03-02 00:00:00',NULL,NULL,1,''),
	(529,268,195,0,'34',NULL,514,'2017-03-02 00:00:00',NULL,NULL,1,''),
	(530,270,196,0,'任务卡',NULL,318,'2017-03-02 00:00:00',NULL,NULL,0,''),
	(531,271,196,0,'测试2','# 1\n## 阿斯顿发发酵\n### 手动阀决胜巅峰\n### 阿斯顿发生了的房间爱上对方就阿萨德飞机阿斯顿发静安寺的法律时代峻峰拉克丝江东父\n#### 老爱神的箭发了圣诞节法兰克束带结发类似的就发了可视对讲发送打飞机',319,'2017-03-02 00:00:00',NULL,NULL,1,''),
	(532,271,196,0,'橙色是2','# 2\n## 阿斯顿发发酵\n### 手动阀决胜巅峰\n### 阿斯顿发生了的房间爱上对方就阿萨德飞机阿斯顿发静安寺的法律时代峻峰拉克丝江东父\n#### 老爱神的箭发了圣诞节法兰克束带结发类似的就发了可视对讲发送打飞机',372,'2017-03-02 00:00:00',NULL,NULL,1,''),
	(533,272,196,0,'测试3','efqwfefqw',322,'2017-03-02 00:00:00',NULL,NULL,0,''),
	(534,276,188,NULL,'调研',NULL,534,'2017-03-02 00:00:00',NULL,NULL,1,''),
	(535,276,188,NULL,'调研',NULL,535,'2017-03-02 00:00:00',NULL,NULL,1,'');

/*!40000 ALTER TABLE `task` ENABLE KEYS */;
UNLOCK TABLES;


# Dump of table taskContentRead
# ------------------------------------------------------------

DROP TABLE IF EXISTS `taskContentRead`;

CREATE TABLE `taskContentRead` (
  `id` int(11) NOT NULL AUTO_INCREMENT,
  `taskId` int(11) DEFAULT NULL,
  `studentId` int(11) DEFAULT NULL,
  `createTime` timestamp NULL DEFAULT CURRENT_TIMESTAMP,
  PRIMARY KEY (`id`)
) ENGINE=InnoDB DEFAULT CHARSET=utf8;

LOCK TABLES `taskContentRead` WRITE;
/*!40000 ALTER TABLE `taskContentRead` DISABLE KEYS */;

INSERT INTO `taskContentRead` (`id`, `taskId`, `studentId`, `createTime`)
VALUES
	(1,46,5,'2019-01-15 10:09:57'),
	(2,151,5,'2019-01-16 01:19:22'),
	(3,152,5,'2019-01-16 01:19:28'),
	(4,171,5,'2019-01-16 01:19:35'),
	(5,153,5,'2019-01-16 01:29:06'),
	(6,172,5,'2019-01-18 09:31:39'),
	(7,124,5,'2019-02-13 05:31:56'),
	(15,4,5,'2019-05-16 01:11:12'),
	(16,21,5,'2019-08-17 14:23:28');

/*!40000 ALTER TABLE `taskContentRead` ENABLE KEYS */;
UNLOCK TABLES;


# Dump of table taskFeeling
# ------------------------------------------------------------

DROP TABLE IF EXISTS `taskFeeling`;

CREATE TABLE `taskFeeling` (
  `id` int(11) NOT NULL AUTO_INCREMENT,
  `taskId` int(11) DEFAULT NULL,
  `studentId` int(11) DEFAULT NULL,
  `feeling` varchar(10000) DEFAULT NULL,
  `createTime` timestamp NULL DEFAULT CURRENT_TIMESTAMP,
  PRIMARY KEY (`id`)
) ENGINE=InnoDB DEFAULT CHARSET=utf8;

LOCK TABLES `taskFeeling` WRITE;
/*!40000 ALTER TABLE `taskFeeling` DISABLE KEYS */;

INSERT INTO `taskFeeling` (`id`, `taskId`, `studentId`, `feeling`, `createTime`)
VALUES
	(1,10,5,'easy',NULL),
	(2,10,32,'hard',NULL),
	(3,4,5,'easy',NULL),
	(4,5,31,'easy',NULL),
	(5,10,31,'hard',NULL),
	(6,16,31,'easy',NULL),
	(7,4,32,'ok',NULL),
	(8,8,5,'ok',NULL),
	(9,28,5,'ok',NULL),
	(10,71,5,'ok',NULL),
	(11,53,5,'ok',NULL),
	(12,33,5,'ok',NULL),
	(13,47,5,'ok',NULL),
	(14,75,5,'ok',NULL);

/*!40000 ALTER TABLE `taskFeeling` ENABLE KEYS */;
UNLOCK TABLES;


# Dump of table taskSuggestion
# ------------------------------------------------------------

DROP TABLE IF EXISTS `taskSuggestion`;

CREATE TABLE `taskSuggestion` (
  `id` int(11) NOT NULL AUTO_INCREMENT,
  `taskId` int(11) DEFAULT NULL,
  `studentId` int(11) DEFAULT NULL,
  `content` varchar(10000) DEFAULT NULL,
  `createTime` timestamp NULL DEFAULT CURRENT_TIMESTAMP,
  PRIMARY KEY (`id`)
) ENGINE=InnoDB DEFAULT CHARSET=utf8;

LOCK TABLES `taskSuggestion` WRITE;
/*!40000 ALTER TABLE `taskSuggestion` DISABLE KEYS */;

INSERT INTO `taskSuggestion` (`id`, `taskId`, `studentId`, `content`, `createTime`)
VALUES
	(1,1,5,'\"# fhausidz\"','2018-01-13 08:07:34'),
	(2,10,31,'\"题出错了\"','2018-01-17 01:21:43'),
	(3,10,31,'\"改不改啊\"','2018-01-17 01:22:07'),
	(4,16,31,'\"\"','2018-01-22 01:03:35'),
	(5,4,32,'\"吐槽吐槽\"','2018-01-22 01:09:38'),
	(6,46,5,'\"\"','2018-07-20 08:04:55'),
	(7,46,5,'\"\"','2018-07-20 08:06:53'),
	(8,46,5,'\"\"','2018-07-20 08:07:00'),
	(9,46,5,'\"sdfasdf\"','2018-07-20 08:07:06'),
	(10,4,5,'\"sad\"','2018-10-18 10:42:22'),
	(11,47,5,'\"asd\"','2018-10-19 11:17:31'),
	(12,75,5,'\"[Github 测试]()\\n\\n阿斯顿 `var a=b ;asd`\\n\\n2. 阿斯顿\\n   2. 2 asd\\n      1. 1231\\n          2. sadasd `12123213`\\n          2. 12313\"','2018-12-05 06:02:16'),
	(13,168,5,'\"<video width=\\\"100%\\\" id=\\\"video\\\" controls=\\\"\\\" preload=\\\"auto\\\">\\n\\n   <source id=\\\"mp4\\\" src=\\\"https://s3.cn-north-1.amazonaws.com.cn/tws-courses-resource/TWU-C/ecmascript-introduction_x264_1080p.mp4\\\" type=\\\"video/mp4\\\">\\n\\n   <p>抱歉，你的浏览器不支持在线视频播放。</p>\\n\\n</video>\\n\"','2019-05-21 03:06:48');

/*!40000 ALTER TABLE `taskSuggestion` ENABLE KEYS */;
UNLOCK TABLES;


# Dump of table topic
# ------------------------------------------------------------

DROP TABLE IF EXISTS `topic`;

CREATE TABLE `topic` (
  `id` int(11) NOT NULL AUTO_INCREMENT,
  `createTime` timestamp NULL DEFAULT CURRENT_TIMESTAMP,
  `programId` int(11) DEFAULT NULL,
  `title` varchar(5000) DEFAULT NULL,
  `orderNumber` int(11) DEFAULT NULL,
  `visible` int(11) DEFAULT NULL,
  PRIMARY KEY (`id`)
) ENGINE=InnoDB DEFAULT CHARSET=utf8;

LOCK TABLES `topic` WRITE;
/*!40000 ALTER TABLE `topic` DISABLE KEYS */;

INSERT INTO `topic` (`id`, `createTime`, `programId`, `title`, `orderNumber`, `visible`)
VALUES
	(1,NULL,1,'Start',1,1),
	(2,NULL,1,'基本技能的',0,1),
	(3,NULL,1,'高级练习',2,1),
	(5,NULL,4,'基础锻炼',5,1),
	(8,NULL,5,'test1',0,1),
	(9,NULL,5,'',9,1),
	(10,NULL,6,'test topoc',10,0),
	(14,NULL,1,'逻辑题ceshi',14,1),
	(16,NULL,39,'',16,NULL),
	(18,NULL,59,'单语言编程题测试',18,1),
	(21,NULL,3,'111',21,1),
	(23,NULL,58,'主观题',23,1),
	(26,NULL,1,'逻辑题测试',26,1),
	(27,NULL,1,'logic quiz test',27,1),
	(28,NULL,58,'单栈',28,1),
	(36,NULL,60,'homework',36,1),
	(37,NULL,60,'测试',37,1),
	(38,NULL,61,'Lf测试主题1',38,0),
	(40,NULL,63,'基本能力',40,1),
	(45,NULL,63,'',45,NULL),
	(46,NULL,65,'单语言编程题',46,1),
	(48,NULL,67,'主题名称-测试',48,1),
	(52,NULL,69,'主题名称-测试',48,1),
	(53,NULL,70,'主题名称-测试',48,1),
	(54,NULL,71,'主题名称-测试',48,1),
	(57,NULL,74,'主题名称-测试',48,1),
	(58,NULL,75,'基本能力',40,1),
	(60,NULL,75,'ha',60,NULL),
	(75,NULL,65,'单栈编程题',75,1),
	(76,NULL,83,'单语言编程题',46,1),
	(77,NULL,83,'单栈编程题',75,1),
	(85,NULL,92,'单语言编程题测试',1,1),
	(86,NULL,92,'test',0,1),
	(89,NULL,58,'333',89,1),
	(90,NULL,58,'444',90,NULL),
	(91,NULL,93,'111',1,1),
	(92,NULL,94,'单语言编程题测试',18,1),
	(93,NULL,94,'test',32,1),
	(94,NULL,93,'222',0,1),
	(95,NULL,94,'',95,NULL),
	(96,NULL,60,'simple coding quiz',96,1),
	(97,NULL,60,'online coding',97,1),
	(98,NULL,65,'简单编程题',98,NULL),
	(99,NULL,58,'简单编程题',99,1),
	(100,NULL,58,'编程题',100,1),
	(101,NULL,98,'单语言编程题测试',0,1),
	(102,NULL,98,'test',1,1),
	(103,NULL,98,'',2,NULL),
	(104,NULL,100,'单语言编程题测试',2,1),
	(105,NULL,100,'单栈编程',1,1),
	(111,NULL,103,'组织2',111,1),
	(112,NULL,103,'主题2',112,1),
	(113,NULL,107,'组织2',111,1),
	(114,NULL,107,'主题2',112,1),
	(115,NULL,108,'组织2',111,1),
	(116,NULL,108,'主题2',112,1),
	(117,NULL,109,'主题',117,1),
	(118,NULL,109,'',118,NULL),
	(119,NULL,110,'topic',119,1),
	(120,NULL,100,'测试topic',0,NULL),
	(124,NULL,98,'ces',3,NULL),
	(125,NULL,92,'',2,NULL),
	(126,NULL,111,'测试',126,1),
	(127,NULL,112,'主题1',127,1),
	(128,NULL,113,'CCC',128,1),
	(129,NULL,114,'AAA',129,NULL),
	(131,NULL,116,'Start',1,1),
	(132,NULL,116,'基本技能的',0,1),
	(133,NULL,116,'高级练习',2,1),
	(137,NULL,117,'Start',1,1),
	(138,NULL,117,'基本技能的',0,1),
	(139,NULL,117,'高级练习',2,1),
	(140,NULL,118,'Start',1,1),
	(141,NULL,118,'基本技能的',0,1),
	(142,NULL,118,'高级练习',2,1),
	(143,NULL,119,'test topoc',10,0),
	(144,NULL,120,'',144,1),
	(145,NULL,60,'survey quiz',145,1),
	(146,NULL,60,'',146,NULL),
	(147,NULL,121,'测试',147,NULL),
	(148,NULL,121,'测试2',148,NULL),
	(149,NULL,122,'测试',147,NULL),
	(150,NULL,122,'测试2',148,NULL),
	(151,NULL,123,'测试',147,NULL),
	(152,NULL,123,'测试2',148,NULL),
	(153,NULL,124,'测试',147,NULL),
	(154,NULL,124,'测试2',148,NULL),
	(155,NULL,125,'测试',147,NULL),
	(156,NULL,125,'测试2',148,NULL),
	(157,NULL,126,'测试',147,NULL),
	(158,NULL,126,'测试2',148,NULL),
	(161,NULL,128,'测试',147,NULL),
	(162,NULL,128,'测试2',148,NULL),
	(163,NULL,129,'task',163,1),
	(164,NULL,95,'测试',2,1),
	(165,NULL,95,'测试2',1,1),
	(166,NULL,130,'测试',164,1),
	(167,NULL,130,'测试2',165,NULL),
	(168,NULL,95,'测试3',0,NULL),
	(169,NULL,131,'',144,1),
	(174,NULL,133,'主题名称-测试',48,1),
	(175,NULL,134,'主题',117,1),
	(176,NULL,134,'',118,NULL),
	(177,NULL,135,'主题',117,1),
	(178,NULL,135,'',118,NULL),
	(179,NULL,137,'主题1',179,1),
	(180,NULL,137,'主题2',180,0),
	(182,NULL,116,'客观',182,1),
	(183,NULL,96,'111',183,1),
	(184,NULL,96,'222',184,1),
	(185,NULL,184,'第一阶段',185,1),
	(186,NULL,140,'第一阶段',185,1),
	(187,NULL,187,'主题1',179,1),
	(188,NULL,187,'主题2',180,0),
	(210,NULL,189,'逻辑题',189,1),
	(211,NULL,189,'222',206,1),
	(212,NULL,189,'eee',208,1),
	(213,NULL,189,'1111',209,1),
	(225,NULL,190,'主题1',179,1),
	(226,NULL,190,'主题2',180,0),
	(262,NULL,188,'ss',262,1),
	(263,NULL,191,'ss',262,1),
	(264,NULL,192,'主题1',179,1),
	(265,NULL,192,'主题2',180,0),
	(266,NULL,193,'ss',262,1),
	(267,NULL,194,'ss',262,1),
	(268,NULL,195,'ss',262,1),
	(269,NULL,95,'8888',269,1),
	(270,NULL,196,'测试',2,1),
	(271,NULL,196,'测试2',1,1),
	(272,NULL,196,'测试3',0,NULL),
	(273,NULL,196,'8888',269,1),
	(274,NULL,93,'4444',274,1),
	(275,NULL,93,'5555',275,1),
	(276,NULL,188,'调研题',276,1);

/*!40000 ALTER TABLE `topic` ENABLE KEYS */;
UNLOCK TABLES;


# Dump of table tutorProgram
# ------------------------------------------------------------

DROP TABLE IF EXISTS `tutorProgram`;

CREATE TABLE `tutorProgram` (
  `id` int(11) NOT NULL AUTO_INCREMENT,
  `tutorId` int(11) DEFAULT NULL,
  `programId` int(11) DEFAULT NULL,
  PRIMARY KEY (`id`)
) ENGINE=InnoDB DEFAULT CHARSET=utf8;

LOCK TABLES `tutorProgram` WRITE;
/*!40000 ALTER TABLE `tutorProgram` DISABLE KEYS */;

INSERT INTO `tutorProgram` (`id`, `tutorId`, `programId`)
VALUES
	(1,21,1),
	(9,34,58),
	(10,35,58),
	(11,38,59),
	(13,4,3),
	(14,1,6),
	(16,1,1),
	(17,4,4),
	(18,4,6),
	(19,1,5),
	(20,4,5),
	(21,1,3),
	(25,5,1),
	(29,5,58),
	(31,1,59),
	(32,4,59),
	(33,5,59);

/*!40000 ALTER TABLE `tutorProgram` ENABLE KEYS */;
UNLOCK TABLES;


# Dump of table userAssignmentDuration
# ------------------------------------------------------------

DROP TABLE IF EXISTS `userAssignmentDuration`;

CREATE TABLE `userAssignmentDuration` (
  `id` int(11) NOT NULL AUTO_INCREMENT,
  `userId` int(11) DEFAULT NULL,
  `taskId` int(11) DEFAULT NULL,
  `assignmentId` int(11) DEFAULT NULL,
  `startTime` timestamp NULL DEFAULT CURRENT_TIMESTAMP,
  `endTime` timestamp NULL DEFAULT CURRENT_TIMESTAMP,
  PRIMARY KEY (`id`)
) ENGINE=InnoDB DEFAULT CHARSET=utf8;

LOCK TABLES `userAssignmentDuration` WRITE;
/*!40000 ALTER TABLE `userAssignmentDuration` DISABLE KEYS */;

INSERT INTO `userAssignmentDuration` (`id`, `userId`, `taskId`, `assignmentId`, `startTime`, `endTime`)
VALUES
	(1,5,4,229,'2019-07-07 10:07:25',NULL),
	(2,5,4,557,'2019-07-07 10:07:49',NULL),
	(3,5,76,478,'2019-07-07 10:08:26','2019-07-07 10:08:33'),
	(4,5,76,479,'2019-07-07 10:10:43','2019-07-07 10:10:47'),
	(5,5,76,482,'2019-07-07 10:11:00','2019-07-07 10:11:08'),
	(6,5,325,1215,'2019-07-07 10:12:20','2019-08-01 06:39:32'),
	(7,5,378,1316,'2019-07-08 08:02:31','2019-07-08 08:14:48'),
	(8,5,378,1317,'2019-07-08 08:02:44','2019-07-08 08:02:50'),
	(10,5,325,1210,'2019-07-18 09:27:10','2019-07-18 09:27:21'),
	(11,5,168,844,'2019-07-23 07:05:24','2019-08-02 07:14:04'),
	(12,5,363,1275,'2019-07-26 10:12:02',NULL),
	(17,5,256,1074,'2019-07-31 01:54:58','2019-07-31 02:02:12'),
	(18,5,4,855,'2019-07-31 02:42:49','2019-10-30 08:00:29'),
	(19,5,4,856,'2019-07-31 02:57:04',NULL),
	(20,5,4,858,'2019-07-31 03:06:28','2019-10-29 03:31:38'),
	(21,5,4,559,'2019-07-31 06:13:14',NULL),
	(22,5,168,846,'2019-07-31 07:16:03','2019-08-06 06:47:05'),
	(23,5,168,847,'2019-07-31 07:16:12','2019-08-05 02:12:02'),
	(24,5,256,1075,'2019-07-31 07:36:49',NULL),
	(25,5,28,357,'2019-07-31 08:00:43',NULL),
	(26,5,16,280,'2019-07-31 08:00:47',NULL),
	(28,5,171,859,'2019-07-31 09:06:41','2019-08-01 02:59:58'),
	(29,5,168,1300,'2019-07-31 09:37:43','2019-08-05 02:12:38'),
	(30,5,168,1286,'2019-07-31 09:37:58','2019-08-02 02:43:53'),
	(31,5,228,1285,'2019-07-31 09:38:15','2019-10-28 03:10:31'),
	(32,5,168,848,'2019-07-31 09:39:59','2019-08-02 09:44:30'),
	(33,5,228,1067,'2019-07-31 09:40:15','2019-10-28 03:09:22'),
	(34,5,256,1079,'2019-07-31 09:40:32',NULL),
	(35,5,202,934,'2019-07-31 09:43:02',NULL),
	(36,5,371,1297,'2019-07-31 09:44:04',NULL),
	(41,5,153,804,'2019-07-31 15:24:52',NULL),
	(42,5,124,698,'2019-07-31 15:25:05',NULL),
	(43,5,31,329,'2019-07-31 15:25:10',NULL),
	(44,5,32,331,'2019-07-31 15:25:16',NULL),
	(45,5,27,321,'2019-07-31 15:26:22',NULL),
	(46,5,56,365,'2019-07-31 15:26:30',NULL),
	(47,5,21,307,'2019-07-31 15:26:36',NULL),
	(48,5,5,230,'2019-08-01 01:20:51',NULL),
	(49,5,260,1082,'2019-08-01 01:24:10','2019-08-05 07:47:52'),
	(50,5,4,325,'2019-08-01 01:38:20',NULL),
	(51,5,168,845,'2019-08-01 06:07:53','2019-08-01 09:51:47'),
	(52,5,169,852,'2019-08-01 06:08:24',NULL),
	(56,5,260,1083,'2019-08-01 08:24:46','2019-08-01 08:24:49'),
	(57,5,1,278,'2019-08-01 08:30:37','2019-08-01 08:31:38'),
	(58,5,1,279,'2019-08-01 08:30:49',NULL),
	(59,5,46,346,'2019-08-01 09:04:36',NULL),
	(60,5,260,1085,'2019-08-01 09:07:25',NULL),
	(61,5,260,1084,'2019-08-01 09:08:05',NULL),
	(62,5,260,1081,'2019-08-01 09:11:47',NULL),
	(63,5,260,1080,'2019-08-01 09:11:48',NULL),
	(64,5,4,558,'2019-08-02 01:14:43',NULL),
	(65,5,4,560,'2019-08-02 01:14:45','2019-10-22 06:13:16'),
	(66,5,4,561,'2019-08-02 01:14:57',NULL),
	(67,5,75,451,'2019-08-02 09:37:43',NULL),
	(69,5,379,1318,'2019-08-05 01:46:47',NULL),
	(70,5,379,1319,'2019-08-05 01:46:48',NULL),
	(71,5,379,1320,'2019-08-05 01:46:48',NULL),
	(72,5,379,1321,'2019-08-05 01:46:49',NULL),
	(77,5,379,1322,'2019-08-05 02:50:28',NULL),
	(78,5,380,1323,'2019-08-05 02:50:54',NULL),
	(80,5,75,526,'2019-08-05 06:17:23',NULL),
	(95,5,382,1325,'2019-08-06 08:22:17',NULL),
	(97,5,28,364,'2019-08-06 08:26:36',NULL),
	(98,5,56,369,'2019-08-06 08:27:04',NULL),
	(100,5,383,1326,'2019-08-06 08:39:48',NULL);

/*!40000 ALTER TABLE `userAssignmentDuration` ENABLE KEYS */;
UNLOCK TABLES;


# Dump of table userAssignmentQuizTag
# ------------------------------------------------------------

DROP TABLE IF EXISTS `userAssignmentQuizTag`;

CREATE TABLE `userAssignmentQuizTag` (
  `id` int(11) NOT NULL AUTO_INCREMENT,
  `createTime` timestamp NULL DEFAULT CURRENT_TIMESTAMP,
  `operatorId` int(11) DEFAULT NULL,
  `studentId` int(11) DEFAULT NULL,
  `assignmentId` int(11) DEFAULT NULL,
  `assignmentQuizTagId` int(11) DEFAULT NULL,
  `quizId` int(11) DEFAULT NULL,
  PRIMARY KEY (`id`)
) ENGINE=InnoDB DEFAULT CHARSET=utf8;

LOCK TABLES `userAssignmentQuizTag` WRITE;
/*!40000 ALTER TABLE `userAssignmentQuizTag` DISABLE KEYS */;

INSERT INTO `userAssignmentQuizTag` (`id`, `createTime`, `operatorId`, `studentId`, `assignmentId`, `assignmentQuizTagId`, `quizId`)
VALUES
	(7,'2018-11-15 01:22:19',5,31,557,2,90),
	(22,'2018-11-15 01:28:08',5,1,347,5,39),
	(23,'2018-11-15 01:28:59',5,5,530,5,11),
	(24,'2018-11-15 01:29:07',5,38,530,5,11),
	(25,'2018-11-15 06:56:28',5,5,557,4,90),
	(33,'2018-11-19 07:00:42',5,5,853,2,338),
	(34,'2018-11-19 07:00:42',5,5,853,4,338),
	(35,'2018-11-20 02:08:43',5,32,229,2,39),
	(41,'2018-11-20 02:11:33',5,32,325,2,NULL),
	(75,'2018-11-20 10:06:52',5,5,451,7,NULL),
	(76,'2018-11-20 10:06:52',5,5,451,8,NULL),
	(80,'2018-11-23 03:11:00',5,5,560,2,26),
	(81,'2019-01-09 07:08:48',5,31,229,2,39),
	(83,'2019-03-13 01:20:07',5,5,229,2,39),
	(84,'2019-03-13 01:20:07',5,5,229,3,39),
	(85,'2019-03-13 01:20:07',5,5,229,12,39),
	(88,'2019-11-04 02:22:58',5,1,346,17,40),
	(89,'2019-11-04 02:23:40',5,5,346,17,40);

/*!40000 ALTER TABLE `userAssignmentQuizTag` ENABLE KEYS */;
UNLOCK TABLES;


# Dump of table userGroup
# ------------------------------------------------------------

DROP TABLE IF EXISTS `userGroup`;

CREATE TABLE `userGroup` (
  `id` int(11) NOT NULL AUTO_INCREMENT,
  `createTime` timestamp NULL DEFAULT CURRENT_TIMESTAMP,
  `operatorId` int(11) DEFAULT NULL,
  `studentId` int(11) DEFAULT NULL,
  `programId` int(11) DEFAULT NULL,
  `groupId` int(11) DEFAULT NULL,
  PRIMARY KEY (`id`)
) ENGINE=InnoDB DEFAULT CHARSET=utf8;

LOCK TABLES `userGroup` WRITE;
/*!40000 ALTER TABLE `userGroup` DISABLE KEYS */;

INSERT INTO `userGroup` (`id`, `createTime`, `operatorId`, `studentId`, `programId`, `groupId`)
VALUES
	(1,'2018-11-21 04:53:24',5,5,1,1),
	(3,'2018-11-21 04:53:33',5,21,1,1);

/*!40000 ALTER TABLE `userGroup` ENABLE KEYS */;
UNLOCK TABLES;


# Dump of table userProgram
# ------------------------------------------------------------

DROP TABLE IF EXISTS `userProgram`;

CREATE TABLE `userProgram` (
  `id` int(11) NOT NULL AUTO_INCREMENT,
  `userId` int(11) DEFAULT NULL,
  `programId` int(11) DEFAULT NULL,
  PRIMARY KEY (`id`)
) ENGINE=InnoDB DEFAULT CHARSET=utf8;

LOCK TABLES `userProgram` WRITE;
/*!40000 ALTER TABLE `userProgram` DISABLE KEYS */;

INSERT INTO `userProgram` (`id`, `userId`, `programId`)
VALUES
	(4,32,1),
	(11,11,4),
	(12,32,4),
	(33,33,4),
	(35,34,58),
	(36,35,58),
	(37,38,59),
	(47,4,4),
	(48,4,3),
	(49,4,2),
	(50,4,6),
	(73,5,58),
	(77,21,4),
	(81,4,5),
	(84,4,58),
	(85,5,59),
	(86,32,59),
	(87,1,58),
	(88,1,59),
	(94,5,60),
	(98,21,58);

/*!40000 ALTER TABLE `userProgram` ENABLE KEYS */;
UNLOCK TABLES;


# Dump of table userTag
# ------------------------------------------------------------

DROP TABLE IF EXISTS `userTag`;

CREATE TABLE `userTag` (
  `id` int(11) NOT NULL AUTO_INCREMENT,
  `createTime` timestamp NULL DEFAULT CURRENT_TIMESTAMP,
  `operatorId` int(11) DEFAULT NULL,
  `studentId` int(11) DEFAULT NULL,
  `programId` int(11) DEFAULT NULL,
  `tagId` int(11) DEFAULT NULL,
  PRIMARY KEY (`id`)
) ENGINE=InnoDB DEFAULT CHARSET=utf8;

LOCK TABLES `userTag` WRITE;
/*!40000 ALTER TABLE `userTag` DISABLE KEYS */;

INSERT INTO `userTag` (`id`, `createTime`, `operatorId`, `studentId`, `programId`, `tagId`)
VALUES
	(22,'2018-11-21 08:56:19',5,5,60,6),
	(23,'2018-11-21 08:56:19',5,5,60,3),
	(24,'2018-11-21 08:56:19',5,5,60,7),
	(25,'2018-11-21 08:56:19',5,5,60,8),
	(26,'2018-11-21 08:56:19',5,5,60,5),
	(27,'2018-11-30 06:34:38',5,5,1,1),
	(28,'2018-11-30 06:34:38',5,5,1,2),
	(29,'2018-11-30 06:34:38',5,5,1,9),
	(30,'2018-12-04 06:51:38',5,21,1,9);

/*!40000 ALTER TABLE `userTag` ENABLE KEYS */;
UNLOCK TABLES;



/*!40111 SET SQL_NOTES=@OLD_SQL_NOTES */;
/*!40101 SET SQL_MODE=@OLD_SQL_MODE */;
/*!40014 SET FOREIGN_KEY_CHECKS=@OLD_FOREIGN_KEY_CHECKS */;
/*!40101 SET CHARACTER_SET_CLIENT=@OLD_CHARACTER_SET_CLIENT */;
/*!40101 SET CHARACTER_SET_RESULTS=@OLD_CHARACTER_SET_RESULTS */;
/*!40101 SET COLLATION_CONNECTION=@OLD_COLLATION_CONNECTION */;
